flow_duration,tot_pkts,pkt_len_mean,syn_flag_cnt,rst_flag_cnt,flow_byts_s,label
2.339156500045399,36,220.52016324625814,0,0,3393.8412742846476,Benign
1.43956598462234,26,286.3295670827111,1,1,5171.398062801212,Spoofing
0.8089010454107635,1490,378.10185891038327,1,0,696465.6220593564,DoS
0.28046449913107396,893,82.26261417039093,1,0,261924.46702435456,DDoS
0.14467311332979887,8,191.71654531351743,0,0,10601.364187219926,Benign
1.636171146614549,12,201.5550329056646,0,0,1478.2441310449083,Benign
0.02676723062752661,49,203.44710290480248,1,1,372429.5643824878,Benign
0.023333278118236586,78,133.63973503412598,1,0,446739.5999756597,Mirai
0.21012328141497144,388,590.9326048020673,1,0,1091177.7558356065,DoS
0.24796107558640257,1092,352.0355443549912,1,0,1550335.3239073101,DoS
7.0765684988237,4,183.92435957917547,0,0,103.96245559397792,Benign
0.4170576827814314,20,449.94208724847886,1,1,21576.971523350705,Spoofing
0.07698624965564216,27,129.77212781449498,1,0,45512.63981118705,Mirai
5.304125953072564,22,175.38406025104825,0,0,727.4430056262044,Benign
11.505794644707883,19,187.3825480856377,0,0,309.4326401231809,Benign
5.012360976792008,7,168.01055545052333,0,1,234.63471477793874,Benign
4.438924025553051,25,265.1544136513973,0,0,1493.3484563207937,Benign
0.008527208305211637,4869,54.956218198472726,1,0,31379768.950269897,DDoS
0.05706373677266753,787,74.30249693969567,1,0,1024750.0146108455,DDoS
2.413006907487217,10,180.9981576855323,0,0,750.0938232871227,Benign
0.6260853645136268,921,507.99152637400374,0,0,747278.6017828634,DoS
2.0606059573154587,20,216.0465030962829,0,0,2096.9220469278516,Benign
3.586196610359471,3,169.31103454395125,0,0,141.63559860733343,Benign
0.12269444952129248,14,309.0705322635549,0,0,35266.36672296134,Benign
0.6871996930319242,3475,55.28987336886287,1,0,279587.30468739144,DDoS
0.011379755399163393,50,166.99991160834634,1,0,733758.7924808282,Mirai
0.6347856969866164,20,177.0198155580843,0,0,5577.309520312539,Benign
1.232742773932181,1408,65.88840607826086,1,0,75255.66380914356,DDoS
0.7566519351922548,3237,75.5203869831373,1,0,323080.5094052943,DDoS
10.97732529629809,15,203.10256744114972,0,0,277.5301295521084,Benign
1.3464214900990885,227,355.85978126245766,1,0,59996.19802609727,DoS
11.583417106606614,35,177.9320604242574,0,0,537.632553290089,Benign
3.2153660664760757,48,173.78017347324584,0,0,2594.245306525152,Benign
0.5896482260824769,12,301.69195164605327,0,0,6139.768186542887,Spoofing
0.15072868164555395,13,93.45939179397811,1,0,8060.656273626696,Spoofing
0.11700086452255304,84,111.34958254192007,1,1,79942.69932696383,Mirai
5.686505695318766,39,118.319916290531,0,0,811.4784337821783,Benign
0.7980501409729462,47,212.62837451909203,0,0,12522.438239549292,Benign
0.29290595356130145,1369,501.74193343548586,1,0,2345069.120383803,DoS
0.044826185716114506,2376,59.83778023553863,0,0,3171685.557634444,DDoS
6.319223615108011,21,141.20432421651861,0,0,469.2492288858822,Benign
0.11900125581771455,2086,71.70501018392102,1,0,1256933.3845752007,DDoS
0.8695646425472725,41,243.26925670368848,0,0,11470.153036160282,Benign
0.703655152025124,21,406.7465461481635,0,0,12139.010770444062,Spoofing
4.224356164441357,13,136.41086989191285,0,0,419.7897240583122,Benign
0.6652126283810176,975,500.87725115897865,1,0,734134.1686019318,DoS
3.943980197246444,41,250.23361350380983,0,0,2601.3259804953127,Benign
0.24127646823846077,2722,80.12603858913884,1,0,903955.0298128458,DDoS
0.8036666745459737,2975,57.02635772083829,1,0,211099.22756886555,DDoS
1.6049694423546281,44,256.9075165483809,0,0,7043.081587612611,Benign
0.41009161467893984,23,335.22831951023306,1,0,18801.289938034228,Spoofing
0.1200736094932793,33,117.58062897537809,1,0,32314.850636722596,Mirai
2.736724561717601,6,330.1635818830348,0,0,723.8512486820819,Spoofing
0.031616795693492024,22,122.94711469619999,1,0,85550.62156008306,Mirai
1.4265480583687462,3807,40.03917711669584,1,0,106851.74354207412,DDoS
0.6002703683656885,14,245.68157228294945,1,1,5729.988007447174,Spoofing
3.433540908665872,28,316.1633492227364,0,0,2578.2636682422262,Benign
2.8142969092857477,15,181.44716425998072,0,0,967.1003279431752,Benign
5.501267549804998,33,191.3751982801272,0,0,1147.9866205503959,Benign
0.7756234791611584,11,153.1424421082839,0,0,2171.8874021361403,Benign
4.3024103467429775,2,226.14406573568678,0,0,105.12435937538268,Benign
1.4449912613372928,15,229.69743701034034,1,0,2384.416880117629,Benign
0.013690844951878329,79,132.23112204592695,1,0,763010.5138393992,Mirai
0.02176765330705211,13,179.07014510675367,0,1,106943.63115539051,Benign
1.6512781418334013,21,177.88124047338982,1,0,2262.1906965919643,Benign
0.4044964433786955,3826,51.71635376852613,1,0,489168.13177794794,DDoS
2.747475179332869,49,175.578933202181,0,1,3131.372320166293,Benign
0.006147710473824226,74,96.97612326703495,1,0,1167301.7381536772,Mirai
10.296842725606695,30,121.2339103581259,0,0,353.21674882914,Benign
0.1589493151044226,29,397.79293321330636,0,0,72576.56351401862,Spoofing
0.04315065660453615,39,158.07913067243308,0,0,142873.5176089254,Mirai
8.845757294341215,49,169.37032255299863,0,0,938.2063659383963,Benign
13.115524793687198,14,360.43843033540145,0,0,384.7454146192032,Benign
0.14488217256099123,34,111.79636393880864,1,0,26235.63897980167,Mirai
3.0852664457271888,993,441.95377942174144,1,0,142243.82583668592,DoS
1.829725464454392,687,545.5515004989857,1,0,204836.1287656689,DoS
0.040104628698886514,19,118.58489801750436,1,0,56180.873266509996,Mirai
2.270850648817347,33,256.05940712849525,0,0,3721.0551207500416,Benign
0.7033007550761494,43,133.59895704378874,0,0,8168.2766745514255,Benign
7.499786834050132,17,198.6580215841424,0,0,450.30431419697146,Benign
0.05699092885890762,52,126.5832630416782,1,1,115497.84869208102,Mirai
4.054821286263852,204,509.1124867253377,1,0,25613.69292496376,DoS
8.286391892938369,21,168.07489878613958,0,0,425.9480990172357,Benign
5.216489763336649,24,203.22690315048612,0,0,935.005319073392,Benign
17.40918639674844,49,230.61349050526962,0,0,649.0861076005685,Benign
7.892541653255045,20,122.02821104368873,1,0,309.2241166528701,Benign
0.6998544651731174,1259,288.4488528905346,1,0,518903.7490806775,DoS
2.058649639331998,589,597.1781477757852,1,0,170858.5678299642,DoS
0.05946177918066371,83,149.98938162068114,1,0,209363.37334764522,Mirai
0.9121118514570881,3064,57.24443840653211,1,0,192297.6430987272,DDoS
11.011290245964805,16,178.36812418332357,1,0,259.178527055811,Benign
0.6769748691640596,622,718.5730616722574,1,0,660220.1421628084,DoS
0.015564340136954277,70,149.12202503339978,1,1,670670.3696068582,Mirai
0.15507032247508568,2318,71.88291656636004,1,0,1074509.9251830939,DDoS
0.09506955588705138,55,132.25648797339937,1,1,76513.52497301095,Mirai
0.90081263675484,1868,63.89647710092263,1,0,132501.0488912662,DDoS
0.17106040025177793,2017,56.9488947983404,1,0,671493.3476081277,DDoS
0.3711615353939552,1432,50.503947442880715,1,0,194852.2296671775,DDoS
18.254302115777858,39,295.98098143987613,1,0,632.3582354966018,Benign
0.5449399317745891,19,209.89637745494835,0,0,7318.294988324772,Benign
9.587074672353435,19,190.5326870913372,1,0,377.60434527279426,Benign
1.3812222584842708,631,355.5550024421319,1,0,162432.37115740427,DoS
1.4485074817577928,7,162.46398327535937,0,0,785.1170237294477,Benign
0.0050048356150598884,3213,71.92711017733664,1,0,46175703.41459002,DDoS
0.025911813288635347,21,257.42848878615183,1,0,208630.64287670687,Spoofing
3.760557930318979,45,180.57158897543985,0,0,2160.7755164153396,Benign
0.7796772966796733,2092,56.806695879052114,1,0,152421.53168377007,DDoS
0.1270153375588113,64,129.045579648909,1,0,65022.99057943368,Mirai
1.4594688158449305,25,104.3333874925535,0,0,1787.1808283918654,Benign
3.4073357042758645,9,230.9949236883116,0,0,610.1407356445463,Benign
6.119799744319414,40,210.78240757383296,0,0,1377.7078752911004,Benign
10.108025425645499,38,209.65573168450123,0,0,788.1774598427348,Benign
3.059973991423193,24,377.6401995628973,0,0,2961.90909299009,Spoofing
0.3208247200075361,46,115.02855140609132,1,1,16492.848071544828,Mirai
0.13743671913630556,667,388.7925181623264,1,0,1886865.5425125614,DoS
0.09758627286440925,18,104.57031822904379,1,0,19288.222337767656,Mirai
0.05716189821276595,28,164.15261611341373,1,0,80407.98844831047,Mirai
0.5536670689652374,34,282.0714313861157,0,0,17321.652676673963,Benign
0.04072481580122129,49,143.75862504992105,1,1,172970.03040674,Mirai
0.4461639143816697,1973,68.61363521080094,1,0,303419.2096385104,DDoS
0.0615910401332748,17,113.20624871976717,1,0,31246.52910669583,Mirai
0.19389574273425877,79,110.18412667068071,1,0,44892.91969093759,Mirai
23.44349595608736,9,137.97320853981316,0,0,52.96816136911876,Benign
10.511797532941632,30,195.82040649575623,0,0,558.8589559932981,Benign
2.6309129357310423,9,221.4380629440382,0,0,757.5098892212379,Benign
0.04774149751320714,4119,71.70463595687227,1,0,6186471.1182268895,DDoS
0.023652230185891673,18,141.10467257027523,1,0,107384.55047591962,Mirai
0.10462483387612483,87,133.1399489117166,1,0,110711.53115553573,Mirai
5.485960891508126,47,170.52763406801537,0,0,1460.965354966904,Benign
0.35799888526026513,2071,68.12484462791512,0,0,394097.74452745105,DDoS
1.352546302598657,2625,72.2710238176334,0,0,140262.43475494607,DDoS
16.389354254377608,17,124.59928136835859,0,0,129.24168642558487,Benign
1.1680339204494192,18,293.1497957759897,0,0,4517.588257999839,Benign
5.736277599523661,28,262.83068013267405,0,0,1282.932862999166,Benign
1.2632400001713378,8,339.58000900281604,1,0,2150.5336053751153,Spoofing
14.5128043822643,28,119.30044364519499,0,0,230.17001635794708,Benign
0.31771135814249896,1518,66.33865101009248,1,0,316960.8817955881,DDoS
5.453184266641389,1019,616.4990882563923,1,0,115201.05322246505,DoS
1.60549245303941,26,226.22060409553438,0,0,3663.5087853256423,Benign
1.245204800712329,13,364.9434651336503,1,0,3810.0279118932567,Spoofing
0.07230944987788838,26,248.84751713003828,0,0,89477.03870389251,Spoofing
7.387784026871547,19,169.15836995114162,0,0,435.04371776183405,Benign
1.5050449260088656,1977,70.13460165671837,1,0,92127.55385517007,DDoS
6.577239582645181,17,198.37480534711554,0,0,512.7335941660637,Benign
1.2815578537283356,45,168.15773928648053,0,0,5904.609180051653,Benign
15.516426640423543,14,237.05084756682245,0,0,213.88377252334467,Benign
0.1482650723772788,931,440.8959328685045,1,0,2768515.247178888,DoS
0.011310229420709637,2292,67.94228392518798,1,0,13768395.756092478,DDoS
0.3360731036914247,5,175.2260584530503,0,0,2606.963433377567,Benign
5.384868318935721,39,247.46753446759715,0,0,1792.2878095826459,Benign
1.4357857155125866,28,362.2901891713726,0,0,7065.2083992748885,Spoofing
10.938168756896795,24,143.88725106035488,0,0,315.71043583242647,Benign
3.0416025699769227,33,130.12576935847784,0,0,1411.8052211082754,Benign
0.4714626058274786,4012,77.78490222152729,1,0,661925.3019336251,DDoS
1.4967874218063735,15,297.9101862297676,0,1,2985.495955099351,Spoofing
0.22748321008020317,32,141.486529943915,0,0,19902.87088268627,Benign
1.7331491323353339,499,462.1333713972049,1,0,133055.22763437952,DoS
0.030312456802182416,51,135.7266939823169,1,0,228356.98994216108,Mirai
5.268234373414106,1,199.4233679402634,0,0,37.85392862296407,Benign
5.452539801999364,1327,317.12371768447065,1,0,77179.29417277855,DoS
1.4530989206344698,7,158.18293485007226,1,0,762.013190035976,Benign
15.834656336918032,439,531.8855584605941,1,0,14745.994810118342,DoS
1.1372517804171947,1427,467.5367145639123,1,0,586655.3943208191,DoS
0.82086507158839,3871,69.4869989986067,1,0,327683.7843801989,DDoS
15.976284414402313,29,211.8914770379168,0,0,384.62340020437546,Benign
0.024844998359003747,93,137.59250639103146,1,1,515037.38939586846,Mirai
3.5574041648786685,9,251.68146013894557,0,0,636.7376424679501,Benign
2.0842220846693467,39,173.93319287664238,0,0,3254.6409387391222,Benign
5.175281284680438,6,233.11528228641146,0,0,270.2638980916444,Benign
0.03302253220831771,2143,64.380438101898,1,0,4177973.9355547125,DDoS
1.550360780726765,507,626.6330267956289,1,0,204921.94367588026,DoS
8.95508243384733,22,235.49663740736187,1,0,578.5458772975364,Benign
0.08474289060377957,2664,60.79216138148001,1,0,1911078.5195830893,DDoS
0.2840033543371921,4,131.89783145726213,0,0,1857.6939947077133,Benign
2.1294199044174045,1392,344.6352956630059,1,0,225287.80282729433,DoS
2.2580097527831087,46,206.9520738556693,0,0,4216.011638402877,Benign
1.6737850366677258,635,489.9850609550672,1,0,185890.36637936812,DoS
3.6980216204014833,5,176.48934107341356,0,0,238.62670258570938,Benign
0.8853134308203175,22,295.27873151114244,1,0,7337.663551795345,Spoofing
2.98278747015205,29,292.5670059745539,0,0,2844.4678872241484,Benign
0.7218414027041299,15,94.87525892869274,0,0,1971.5257099400637,Benign
5.587719188906104,10,267.24671380388065,0,1,478.2751329638649,Benign
0.03945309673973471,17,378.92073390634226,0,1,163273.68467175824,Spoofing
0.730811567794461,16,136.3116607966793,1,1,2984.3350445709775,Mirai
1.8128184383351555,19,183.44600143495362,1,0,1922.6823566871296,Benign
1.1448360672340276,1147,616.3654023036604,1,0,617530.4366068504,DoS
0.023645575494672662,53,142.35420921095962,1,1,319077.58345237543,Mirai
0.148460850693371,4576,76.68135492990243,1,0,2363544.857249706,DDoS
0.8992537376223556,745,91.90291621548185,1,0,76138.32416372695,DDoS
3.4122036495735006,18,117.95574691410586,0,0,622.2381963395677,Benign
3.6116776961844095,41,272.10530583840716,0,0,3088.9571212738306,Benign
0.017479900447299492,96,131.7704418572958,1,1,723686.1821060723,Mirai
0.26136535185977483,15,406.66356447348005,0,0,23338.79920845395,Spoofing
1.9349906470383145,1459,471.15578289724266,1,0,355255.6123716838,DoS
3.4176834703719763,44,247.55581536511593,0,0,3187.0873855031346,Benign
0.1284944698253155,13,150.62486032652657,0,0,15238.9685478827,Benign
5.133331391732918,296,602.1962776678141,0,0,34724.05823569848,DoS
0.04644503974091533,17,132.22418798448913,1,0,48397.22838596533,Mirai
0.34820429824577576,11,158.3082763069642,1,0,5001.061296915601,Mirai
0.041474894243530847,76,150.92974317466076,1,0,276568.76986644475,Mirai
4.726293403135975,1458,427.98573998396927,1,0,132028.0303551596,DoS
10.394541393475048,28,235.3508751478803,1,0,633.969720711033,Benign
2.6190498412613734,34,177.88855370612555,0,0,2309.314901428283,Benign
0.043681000603623156,71,144.8794204881119,1,0,235490.00051529787,Mirai
4.879993337753014,894,430.0687077986288,1,0,78787.28476891898,DoS
2.6513654163413274,17,221.56166880732187,0,0,1420.6070376078178,Benign
2.972202055470042,46,182.67758513213127,0,0,2827.2535848001457,Benign
2.8440384218132966,988,572.6506064399424,0,0,198935.00552708248,DoS
2.2071870810207854,30,229.92708801075543,0,0,3125.159937567478,Benign
1.4633337061974183,6,213.99372689223802,0,0,877.4228024104632,Benign
0.945963892836294,2007,75.51479594203842,1,0,160215.62408820118,DDoS
2.796271490258825,876,533.0617495602935,1,0,166994.54764730114,DoS
1.6606156582386344,410,509.24167977990476,1,0,125729.92894166571,DoS
1.2574130498938683,11,241.4699432002361,1,0,2112.4079914923664,Benign
4.189824100467086,586,548.9909926405581,1,0,76783.34793374802,DoS
3.1396349901118183,21,183.157351761143,1,0,1225.0801125283092,Benign
13.387602123985022,10,207.15286442747055,0,0,154.7348528205351,Benign
0.06912351429834675,392,461.2290600056903,1,0,2615633.671949386,DoS
0.1962268182372322,346,361.44677526161524,1,0,637326.66800582,DoS
0.05412818410928625,21,127.0397167220322,1,1,49287.33699575526,Mirai
1.8755630928648246,711,423.74559364604204,0,0,160636.0874920724,DoS
1.090930696198598,4700,64.52917599486135,1,0,278007.69401087286,DDoS
6.241856669332927,44,277.76205698061,0,0,1957.9960185873613,Benign
6.9204197879908715,32,197.25098032760096,0,0,912.0879316362588,Benign
22.19975892568351,10,91.27123436077278,0,0,41.11361509208939,Benign
0.5722908484044913,7,129.1208708211051,0,0,1579.3474563984348,Benign
1.677208569223627,9,205.06027155907034,0,0,1100.3654988991186,Spoofing
1.271061561796564,49,232.20268142781103,0,0,8951.51873987973,Benign
0.04592817780662377,99,156.04522507496048,1,0,336361.64159321616,Mirai
2.71968793350197,1186,473.25338829588827,1,0,206376.0741094294,DoS
0.016950674149424697,88,157.56242452198967,1,0,817990.6731559513,Mirai
1.1765683679829013,3541,49.176032130042316,1,0,148000.17959943187,DDoS
0.7325615817826565,740,63.00685662207968,1,0,63646.62720488138,DDoS
0.1888162072286392,507,61.27573099069129,1,0,164534.5813702392,DDoS
0.3078395149872037,4,230.9541584694005,0,0,3000.968325706995,Benign
2.6494545781626653,406,462.44910193605006,1,0,70865.27805894281,DoS
5.0266625874983015,28,248.57061788361798,0,0,1384.6119924681846,Benign
0.15434498714201783,5,135.23706896664396,0,0,4380.9997159871455,Benign
3.382481428018189,1024,662.8627697881241,1,0,200672.63951268292,DoS
6.85372257679782,47,209.241988218019,0,0,1434.8951735425635,Benign
0.03536822851435127,15,362.07820531249286,0,0,153560.78909871329,Spoofing
1.9057048107234977,26,341.15808564253996,1,1,4654.503770360173,Spoofing
2.9754526025103156,10,203.68690808268957,0,1,684.5577305141543,Spoofing
5.826556697907176,10,211.26283409917997,0,0,362.5860779404461,Benign
0.6187701710103559,30,181.78549520537945,0,0,8813.554873300625,Benign
1.9259838515661314,25,462.00728667935624,0,1,5997.029600010285,Spoofing
0.2841789271074721,4563,67.50575457612544,1,0,1083925.4031470413,DDoS
1.0868490181287407,21,287.9624082013993,0,0,5563.984022952003,Spoofing
2.324772320438835,7,240.07031392311805,1,0,722.8631305901856,Spoofing
0.023413610161770754,88,150.95132904289397,1,1,567350.2233954523,Mirai
6.329351149724147,12,218.0095639050803,0,0,413.33064084696616,Benign
18.855016798915145,9,207.9115434826643,0,0,99.24169844556393,Benign
0.23588241992170433,62,88.68478943785055,1,0,23310.15998128143,Mirai
3.833519850468043,22,257.8178258595392,0,0,1479.5781397133908,Benign
8.990231861960384,48,208.3886573896528,0,0,1112.6137465960956,Benign
0.6725958506564754,1784,58.01612091309655,1,0,153882.54270070823,DDoS
2.832599230142057,24,392.3523829694759,1,1,3324.3167939416476,Spoofing
0.01623506949167705,802,543.7092684257458,1,0,26858821.485241733,DoS
0.06385611393816822,1027,58.86133578469527,1,0,946668.8171694299,DDoS
0.26960046466744836,40,241.7433324447974,1,0,35866.90145256052,Benign
1.1142895692142534,801,693.09842071211,1,0,498229.410315563,DoS
0.35198781503628906,12,294.94845278362055,1,0,10055.408972150202,Spoofing
2.9003802004482693,10,250.40111948581728,0,0,863.3389493112538,Benign
0.01579416046169618,1368,51.10374932575786,1,0,4426314.981868237,DDoS
0.20891150776221276,91,180.65161546660306,1,0,78690.241545585,Mirai
0.5180019179869152,237,505.9999208856506,1,0,231508.75911028663,DoS
0.8650879796128632,245,517.5708942604567,1,0,146580.3156235722,DoS
4.54680060973693,959,615.0876602727392,1,0,129732.77625993933,DoS
11.545861242139763,21,196.58568961178545,0,0,357.5566512769218,Benign
1.5947042196526595,49,186.8288182440248,0,0,5740.633266745334,Benign
0.028887261600606534,45,134.19063860608478,1,1,209039.5005508942,Mirai
0.030719504945322846,22,142.03420115954185,1,0,101718.84055656553,Mirai
0.0120770263272078,36,106.64716473334849,1,1,317900.93242996087,Mirai
1.432755794939995,18,221.77742042562033,0,1,2786.234459326234,Spoofing
1.1156012250386214,1200,61.769743187335976,0,0,66442.8203924185,DDoS
0.20950872747628174,1730,66.8203621046222,1,0,551763.2980424803,DDoS
0.025564084480282658,62,139.16079343038032,1,0,337503.54718700185,Mirai
0.022524979330779436,1360,311.26630485649156,1,0,18793454.51946216,DoS
2.183338642675209,1288,418.59628769825923,1,0,246939.25532996742,DoS
0.12893152985335601,73,121.5346245121546,1,0,68811.93141412456,Mirai
0.29005272448902414,72,156.14320479143808,1,0,38759.541958410264,Mirai
0.30173770067558925,27,193.8202790216309,1,0,17343.366512925106,Benign
4.607795805127001,15,217.20366572640808,0,0,707.0745153834615,Benign
0.06659796215639582,37,154.59041793533814,0,0,85886.19348705099,Benign
0.5047808726026883,558,56.493190129483445,1,0,62449.27611800296,DDoS
1.8746042081395953,18,225.71885683069286,0,0,2167.3585311027523,Benign
0.2542007108975364,4955,82.14046329058915,1,0,1601120.6033523874,DDoS
0.3401043363476787,2830,64.82987193654243,0,0,539447.804607997,DDoS
0.7826764497162526,37,233.3532736364177,0,0,11031.469169255834,Benign
0.058571137977780637,1426,48.54943592593565,0,0,1182007.009265343,DDoS
1.928719443094303,42,276.12194548782725,0,0,6012.860891723645,Benign
6.528429921975738,33,179.0457574006462,0,0,905.0430294629244,Benign
0.014972944798546124,17,121.85507548676537,1,0,138351.9615644451,Mirai
6.818824673381717,29,268.45472913814257,0,0,1141.7198003926917,Benign
2.4181833680030422,17,191.3446356937994,0,0,1345.1663136203067,Benign
0.1879462138383484,1996,63.57064805996925,1,0,675124.0737248026,DDoS
0.45944441402255487,75,151.34435466608747,1,0,24705.549253667345,Mirai
7.21182504554479,3,279.4223588120056,0,0,116.23508212444345,Benign
4.2934385524672205,494,601.899583168794,1,0,69254.1398815453,DoS
9.149385197369543,37,193.65990154475705,0,0,783.1582344151468,Benign
11.034725071572957,41,152.744556694349,0,0,567.5290307505242,Benign
0.05199686473385612,900,61.48152894670649,1,0,1064167.548086938,DDoS
0.5745532251302023,2876,77.45482967883919,1,0,387710.10310813366,DDoS
2.435370575274828,507,435.14428767113486,1,0,90589.15143719716,DoS
0.16592915557256252,879,529.5224758345242,1,0,2805114.355294845,DoS
0.6449152227596718,24,245.64440120658006,1,0,9141.458320258742,Spoofing
1.6477968210597813,1769,62.17042574489784,1,0,66743.35193339609,DDoS
11.549348312004364,27,247.979434418975,0,0,579.7248942914897,Benign
0.3213266132811524,90,153.56561894918974,1,0,43012.01685194417,Mirai
0.08931521740137684,29,196.9575239998536,0,0,63950.67226145166,Benign
0.16255122071211806,2940,65.70112001654296,1,0,1188310.3184486656,DDoS
2.755575189547559,14,198.24109556147826,0,0,1007.1854864959747,Benign
0.7692539380036654,39,210.59790135007816,0,0,10676.992013804826,Benign
0.03264691430497454,27,244.14237430227365,0,1,201913.23579873407,Spoofing
0.18876477193243255,84,110.06828918705617,1,1,48980.20005036843,Mirai
0.7551453944297487,707,557.3447493355399,1,0,521810.4231143325,DoS
0.2704805714621733,2273,64.75416392974198,1,0,544165.5709932848,DDoS
5.628887751863334,27,161.6703947678296,0,0,775.4819159942242,Benign
3.2940998696187935,29,166.00318728526918,0,0,1461.4288035626291,Benign
3.9596264440838187,33,116.78953636497336,0,0,973.3379535846278,Benign
0.5970000719613683,2415,74.47305458176007,1,0,301260.31011029554,DDoS
0.23140889716151147,872,503.8857020567621,1,0,1898752.9761521062,DoS
1.3974603159188332,478,510.7229288419153,0,0,174692.30231838278,DoS
2.4028918286278294,46,175.00644827474838,0,0,3350.2534424263054,Benign
0.1520559746624588,27,288.321965415385,1,0,51196.2327261144,Spoofing
3.259513799137293,904,565.7386437899604,1,0,156903.07374108545,DoS
0.20524422769883205,4267,68.89919407289479,1,0,1432405.0152603392,DDoS
0.20019865978595036,781,508.08173945026164,0,0,1982090.3842958792,DoS
0.06739620568007954,1257,77.2039928144667,1,0,1439924.0727059,DDoS
6.80487619284623,26,133.1509551975712,0,0,508.7417811915921,Benign
0.3793248987316827,12,90.40106718600596,0,0,2859.851303880316,Benign
0.07945240255633386,64,99.55530996986252,1,1,80193.16764591997,Mirai
5.683577900671898,9,254.80589677045919,0,0,403.4875761380926,Benign
9.438742078730947,41,209.84156994509652,0,0,911.5096371937003,Benign
2.8283876127058956,4,184.3563019397804,0,0,260.7228247098823,Benign
10.946676964863542,46,161.05976356983055,0,0,676.8034854771619,Benign
0.009105616258054733,48,92.79589887705899,1,0,489170.9709552815,Mirai
0.04712501565604519,878,565.0741037066464,1,0,10528061.500830323,DoS
0.5102063218721569,3623,72.66236921508712,1,0,515979.0311893176,DDoS
3.7576129708202433,45,180.3288529298802,0,0,2159.5620530533893,Benign
0.8348955294976038,1015,57.07666431846734,1,0,69389.29750660573,DDoS
0.14897138478196478,4611,59.352801332070875,1,0,1837102.926462904,DDoS
1.9159394912893781,34,231.46320581719647,0,0,4107.514372746991,Benign
0.06877198957574147,2937,67.26974053429458,1,0,2872844.441000645,DDoS
8.890452398115174,25,138.76460196269744,1,0,390.2068076763909,Benign
1.0163505519652265,1191,440.2805748714768,1,0,515938.2888689274,DoS
1.6049389952683033,902,637.0516835644654,1,0,358032.68552215997,DoS
1.6220456210550136,33,295.6171965898477,0,0,6014.237430091438,Benign
13.221627400000477,42,221.8491822163552,0,0,704.7291056686851,Benign
0.2618363490934028,317,580.1244454661048,1,0,702344.9946865636,DoS
1.0836943381910413,2621,61.23248969221747,1,0,148095.5928506564,DDoS
0.0016675389258123568,66,113.0031415458363,1,0,4472583.654016869,Mirai
0.15368258111829466,804,524.7271452108756,0,0,2745142.7590535344,DoS
33.42319620549982,41,244.32897463788248,0,0,299.7166368698393,Benign
32.897393524258305,41,254.66795164486393,1,0,317.39250131594827,Benign
0.05779469183554012,404,391.34134912639604,1,0,2735578.303574261,DoS
1.3261612445372224,17,127.39290322915855,0,0,1633.043767352311,Benign
0.432226430473572,2587,46.147349521584474,1,0,276205.21281296003,DDoS
0.17941506540300878,13,232.1575389633636,1,0,16821.59744915777,Spoofing
0.7054402906396798,4988,73.68020454894734,1,0,520975.1486648034,DDoS
5.299202593752389,37,273.42511359427,1,0,1909.1040631123124,Benign
0.8155063003593386,742,538.1724744846827,1,0,489663.876160956,DoS
0.09903836696585072,1361,48.74459755731458,0,0,669855.5247622391,DDoS
0.4070432420901875,2122,88.71247044911232,1,0,462476.323956035,DDoS
1.0107122832383968,8,384.6779817695171,0,1,3044.807018962749,Spoofing
2.6283738239516192,13,214.7083769000801,0,0,1061.9527839858824,Benign
1.1887793075729187,9,241.53000587891916,1,0,1828.573259193389,Spoofing
0.8489753146955942,22,270.898478290148,1,0,7019.952664371837,Spoofing
8.633770541326166,27,153.3440455656929,0,0,479.54589602027465,Benign
2.983291358008835,4,233.67363980791154,0,0,313.309847099714,Benign
8.960537071907872,13,149.40290267425374,0,0,216.75461182504304,Benign
20.977857820111147,1,140.93887761958086,0,0,6.718458997489484,Benign
11.153292895722853,39,176.8631676001831,0,0,618.4418898433402,Benign
2.669303934289913,654,469.29516590748983,0,0,114980.92613614073,DoS
10.111301328292807,47,201.006056479043,0,0,934.3292567179482,Benign
4.165368721893145,8,244.58502905347876,0,0,469.7495859474659,Benign
0.029704030827090645,36,112.8039573602445,0,0,136713.51503127126,Mirai
0.6815091815783657,48,164.4992278554224,0,0,11585.996418673825,Benign
0.024752039393066073,22,162.5007717959603,1,0,144433.22922767393,Mirai
10.232371890034013,33,224.73523340251114,0,0,724.7843199977963,Benign
1.2966801948563802,9,253.9062697897386,0,0,1762.313049256336,Benign
0.284469007691651,395,491.3782901992547,1,0,682304.2910850008,DoS
0.686568604708477,670,571.7021353263043,1,0,557905.5436583299,DoS
0.07495107537883494,38,134.05775041372885,1,1,67966.93029384098,Mirai
6.819551683352342,501,455.1091612686994,1,0,33434.703684734566,DoS
0.07247348473507684,49,119.87779285953194,1,1,81050.49552383494,Mirai
4.225177784990172,48,295.4496925116193,1,0,3356.4469857191375,Benign
8.198273591282815,47,123.08111833340935,0,0,705.6135047531474,Benign
0.01800134685161153,48,139.84848725942314,1,1,372901.3969780472,Mirai
0.18269193901589834,35,115.57256758116058,1,0,22141.31552344305,Mirai
1.8556726277279927,17,374.3140048513477,1,1,3429.127523567513,Spoofing
0.0325539562715871,2390,66.24950844439154,0,0,4863812.062077713,DDoS
12.931972837914081,8,230.46194154448764,0,0,142.56877550427086,Benign
0.08288992629497366,22,121.36270276356042,1,0,32211.145312120196,Mirai
7.8730687260643,25,180.2476573915216,0,0,572.35515039644,Benign
0.9908667292255455,24,324.7237468019228,0,0,7865.204969933132,Spoofing
0.06308538104402558,53,121.53848514645951,1,1,102108.27938515545,Mirai
0.3372703678413505,2207,77.35570455536757,1,0,506193.41700959497,DDoS
0.06373424413976873,55,116.20169207500135,1,0,100277.22381251519,Mirai
0.0821844243436517,43,134.62077805634428,1,0,70435.40795780909,Mirai
2.935514916113324,25,94.14141560024419,0,0,801.7453350644967,Benign
2.2606677761391882,11,299.18084817462204,0,0,1455.759826656731,Spoofing
1.8418968727653087,4208,80.86651353667898,1,0,184747.74239203773,DDoS
0.15139559400632333,95,114.1971832490221,1,0,71658.17790050074,Mirai
2.6787035390261185,29,135.65097178596193,1,0,1468.5754225804003,Benign
0.4526743956366517,57,136.95785717115848,1,0,17245.50346563484,Mirai
6.628511359962258,38,184.7203866242792,1,0,1058.966985275345,Benign
10.235521963309168,49,189.7621720459923,0,0,908.4389114287479,Benign
0.9004499043327697,22,349.8820639060687,0,0,8548.399382236885,Spoofing
2.455517531710198,48,290.270842320989,0,0,5674.160437251505,Benign
6.093504976691786,10,155.33752512408012,0,0,254.92311193354294,Benign
1.9627450000265072,24,297.26549369356087,0,0,3634.8949295752172,Spoofing
0.1035682255552471,18,438.72335635380955,1,0,76249.4517216191,Spoofing
0.025274153886766886,4246,67.84209221649462,1,0,11397316.200644728,DDoS
3.72755205084029,1469,529.2168828207326,1,0,208560.36086428494,DoS
1.2256283952421259,2894,65.14845090277753,1,0,153830.9798015015,DDoS
0.7379476596743818,33,210.90567775202783,0,0,9431.4105811894,Benign
0.5269785317581337,49,131.1519172782053,0,0,12194.887570072005,Benign
2.2738589416551904,806,654.2547211374117,1,0,231909.41864357673,DoS
0.19704399931523608,79,99.60245671458142,1,0,39933.1829834795,Mirai
0.16476722428147378,81,131.34896221328617,1,0,64571.49463840574,Mirai
0.343579648928746,12,109.76533144726679,1,1,3833.7077922807016,Mirai
14.66765480922075,5,244.85032163445337,0,0,83.46607716747239,Benign
0.015815378663627058,1017,68.90823451876646,1,0,4431109.491343258,DDoS
1.8359731327637705,30,203.6529699088774,0,0,3327.711603311586,Benign
0.636463607977532,876,56.344495353786066,1,0,77550.03948577525,DDoS
1.1736700812795413,3154,71.5284833120027,1,0,192218.27323067255,DDoS
0.023658396706060944,18,121.33370010983992,1,1,92314.22691536858,Mirai
0.9591079992406493,14,260.8222991748742,0,0,3807.1960523103094,Benign
1.7585045331496758,6,149.37127845928396,0,0,509.6533184082619,Benign
4.1640380870101055,11,146.81214077304995,1,0,387.82871692298,Benign
0.31721637132938685,46,144.84506992809676,1,0,21004.190889548845,Mirai
0.5443063141356865,266,422.88367872815166,1,0,206661.31481555288,DoS
5.14421741274513,39,233.43080559564652,0,0,1769.7155247900214,Benign
6.481196336666384,32,144.8618044486225,0,0,715.234888986597,Benign
1.481245302212281,901,573.5224461435071,1,0,348857.6289177281,DoS
6.922012934426621,46,186.61172406375775,0,0,1240.1218241358165,Benign
0.3042852908786011,78,154.45406439977958,1,0,39592.50540306036,Mirai
0.4204435222563366,409,700.1017970072886,0,0,681046.6086843499,DoS
0.3535388439272863,22,244.94522813907685,0,1,15242.441139418403,Benign
2.590194814103345,12,245.11102227837907,0,0,1135.5641094350494,Benign
0.03291105335466986,21,399.82522980626635,1,0,255121.88064743936,Spoofing
1.185187700311863,2,194.8661415503551,0,0,328.8359160309869,Benign
5.028207081662951,42,162.8563655178189,0,0,1360.319342592837,Benign
0.020642288960466673,34,142.33186379001162,1,0,234435.4048200956,Mirai
0.12632597646428606,22,277.0512991237594,1,1,48249.210109576125,Spoofing
0.3592199270001254,6,236.14351389134768,0,0,3944.27195389857,Spoofing
0.011771703775966558,56,148.3707485530079,1,1,705824.9236556432,Mirai
11.29682300542524,45,261.6957914293337,0,0,1042.444465020343,Benign
10.503892688370424,11,162.29422923213457,0,0,169.95951639243586,Benign
0.36473761009842637,97,97.05828774931607,1,0,25812.128091597308,Mirai
0.11590480597239859,2225,65.01600013304527,1,0,1248098.3776503194,DDoS
0.1590920624479215,1021,68.47216801557101,1,0,439431.62511192495,DDoS
0.26105400055047256,14,274.7017461351582,1,1,14731.911550034483,Spoofing
0.5317051368643804,42,204.59630185036133,0,0,16161.297083550586,Benign
0.5227693664480905,819,66.48932105960267,1,0,104165.92371852722,DDoS
0.6928804822839703,32,164.70844933049275,1,0,7606.896879533743,Benign
0.8129337501957942,630,81.51207059055665,1,0,63169.48270345828,DDoS
8.12515873066052,36,250.3241664995142,0,0,1109.1069470405196,Benign
2.2493817306640014,38,215.902577408948,0,0,3647.3568846485537,Benign
4.769409920230184,41,262.6173181149004,0,0,2257.576979709737,Benign
1.3263150397410972,1103,613.6455574324846,1,0,510324.4927239571,DoS
3.7501288600653093,826,377.08224277622463,0,0,83055.79465547678,DoS
1.2873754594746525,3690,84.38541395288826,1,0,241873.63149925615,DDoS
0.5687803584806259,11,252.12844360877887,0,1,4876.070065262348,Spoofing
9.553081576295158,8,161.77389482527252,0,0,135.47368440918189,Benign
1.7324607002665249,26,200.13721948459738,0,0,3003.570416228781,Benign
0.3706566546758072,90,138.03839516081,1,1,33517.42214189843,Mirai
4.353471369515458,32,236.7110135831892,0,0,1739.9339037125965,Benign
0.737075289282796,28,374.3479053814043,1,0,14220.72005816187,Spoofing
3.377921269517477,47,226.95627857654432,0,0,3157.843017052116,Benign
0.6286998930913552,5,453.7151621242629,0,1,3608.360420528451,Spoofing
3.3227586883387956,8,116.39182899826655,0,0,280.22938748273975,Benign
0.026082894523374568,63,123.40602017285838,1,0,298071.9514823317,Mirai
0.4646147853998254,3873,61.043122825424646,0,0,508851.68128994823,DDoS
0.10851305309078021,8,356.65038883962245,0,1,26293.63960785471,Spoofing
0.7158691677188342,29,191.91600363927523,1,0,7774.55484397244,Benign
0.7537860555081133,3848,61.79946492628305,1,0,315479.8888870896,DDoS
1.5969609628700303,20,358.7187989253018,1,0,4492.5180673248105,Spoofing
2.3146230538607435,1986,45.81856448470789,1,0,39313.38578644629,DDoS
0.21019444295252665,1147,425.80926626727694,1,0,2323578.2142864484,DoS
3.133693327460825,1116,490.7974207671774,0,0,174787.34015749575,DoS
0.020873240806451178,1913,78.53668174073951,1,0,7197764.523638353,DDoS
2.2273072173027275,926,434.0504291682383,1,0,180455.88605263326,DoS
0.1216637389254115,3990,60.02451303454222,1,0,1968522.495882299,DDoS
1.448644389964665,14,189.23855844600027,1,0,1828.8406986538814,Spoofing
2.387595664922121,49,105.85082766641366,1,0,2172.3487908173306,Benign
1.4813836350551,26,123.82010946659166,0,0,2173.1864521452208,Benign
0.5637352488897548,16,345.0271997057283,1,0,9792.602478138175,Spoofing
0.09826099859267973,53,125.03305642384358,1,0,67440.30780649313,Mirai
1.5933332535401925,2359,65.23787046778304,1,0,96587.5381635083,DDoS
0.9401813040979354,599,510.43472318011817,1,0,325203.65790324396,DoS
2.720660425293044,10,222.73521982083872,0,0,818.6807061629081,Benign
1.121809170542346,4,196.69170327267827,0,0,701.3374767745439,Benign
0.6030104808637584,2644,62.785259814499554,1,0,275292.44054224505,DDoS
1.043411069717388,39,217.6176055157027,0,0,8133.981765605734,Benign
1.8111743026163958,4619,52.451059638341285,1,0,133764.84202515276,DDoS
3.1461638288050677,33,135.8464005134806,0,0,1424.888041716348,Benign
0.06639116748875618,13,320.72605896914683,1,0,62801.106296331265,Spoofing
0.5001788690460864,10,179.2513127546708,1,0,3583.7442132757233,Spoofing
1.2466070076696352,1445,342.8018579200388,1,0,397357.5326039953,DoS
0.040509301864411575,1538,59.67045153935241,1,0,2265483.487587551,DDoS
8.344533368340477,41,238.67788531034068,0,0,1172.7190563886645,Benign
0.046204107957271805,57,118.085881068502,1,1,145677.41957336667,Mirai
0.1321154326703597,618,595.6316039458048,1,0,2786202.3671144615,DoS
6.892703871827267,15,273.98213479710773,0,0,596.2438106117447,Benign
0.23020527108391214,5,306.7662576093965,1,0,6662.88517558699,Spoofing
0.3237494045787135,58,129.44677984590948,1,1,23190.508229142837,Mirai
1.7572476703816955,16,211.21998976893806,1,0,1923.189254004779,Spoofing
2.723100592018216,1342,532.3247187533563,1,0,262340.5740724195,DoS
0.6261285750496659,1259,449.5508180543807,1,0,903942.9000434459,DoS
0.5783420183368018,2586,59.00203941425227,0,0,263821.87198510056,DDoS
1.0640014194567964,19,244.15751232482373,0,0,4359.949760724936,Spoofing
0.001,43,98.17119423032182,1,1,4221361.351903838,Mirai
2.28379604833257,29,142.6346758125494,0,0,1811.1974585401254,Benign
8.925680675192648,37,189.2376070952304,0,0,784.4546222658141,Benign
9.787014677234405,24,207.86732838365387,0,1,509.73826501069703,Benign
0.06603979451262222,71,147.5301317812633,1,1,158611.02285028566,Mirai
0.9529806743553882,27,328.5316063580113,0,0,9308.009711389328,Spoofing
8.75124264865374,37,146.895541643988,0,0,621.0700878764546,Benign
1.0472109262751341,2143,58.26969073787779,1,0,119242.40295642642,DDoS
1.283054691461727,15,245.51258407664307,0,0,2870.250805095551,Benign
3.508711448553185,9,344.7759251376781,1,0,884.3654919296986,Spoofing
0.09033158084064802,10,151.20516949216528,1,0,16738.90438814561,Mirai
0.09298836280026426,34,115.52814949292457,1,0,42241.383378224964,Mirai
0.39487978462910506,3508,57.97795819441766,1,0,515059.7352990612,DDoS
0.23447101942352827,4275,78.18264132737538,1,0,1425467.3882353196,DDoS
2.4191438078264755,2,189.17782003527634,0,0,156.40064011345126,Benign
1.1882958872011542,2,229.58588633909935,0,0,386.4119851156821,Benign
0.014414571905646418,64,139.38748313647426,1,0,618873.6633406319,Mirai
0.09851722565507827,23,140.10809009525494,1,0,32709.874346981815,Mirai
0.2067879097572793,6,337.81118103920096,0,1,9801.671135485021,Spoofing
1.0948338140175127,10,330.375974193369,0,1,3017.5901580994137,Spoofing
0.08580279247407575,2625,60.88532805100798,1,0,1862689.7974466833,DDoS
0.007407849683556159,94,165.92246552508692,1,1,2105430.377992082,Mirai
1.0446016292550755,9,191.13320173591367,0,1,1646.7510364213467,Spoofing
0.17631703339184795,30,104.01591349808714,1,0,17698.105196720546,Mirai
0.2759633191740125,16,222.3848133197506,0,0,12893.586813515474,Benign
0.10745043901199447,3419,54.429189227333836,1,0,1731899.8384686091,DDoS
0.40975911948578075,5,243.23364652967842,0,0,2968.007726526255,Benign
0.3513602860064232,9,249.44464013519314,0,0,6389.45791720951,Spoofing
2.6452000394198616,604,597.6835746936173,1,0,136473.94289095755,DoS
5.429911520164355,15,248.44039070316836,0,0,686.3106050086664,Benign
0.6958182542125831,1306,358.23305986342996,1,0,672377.2671228361,DoS
0.57191952886278,1032,476.88372246323274,1,0,860512.6713554412,DoS
6.451091486042719,5,240.68180743211178,1,0,186.54347714091463,Benign
5.387146000147938,49,101.44991404000446,0,0,922.7605466463516,Benign
0.9219163474934308,1378,494.40864979451396,1,0,738998.8487233056,DoS
0.05033459424722095,2456,61.88168623443906,1,0,3019422.79787372,DDoS
0.2374042337489152,78,113.20319967457017,1,1,37193.31132045079,Mirai
1.4774590973037038,1694,63.383559583687216,1,0,72673.24701625564,DDoS
0.009398979847513325,27,96.29525606912895,1,0,276622.777795864,Mirai
0.5945020387178861,547,70.6457035677788,1,0,65000.954302719685,DDoS
0.3153189522868232,2589,70.06498240269323,1,0,575284.9238049214,DDoS
0.07557308266599888,26,121.63036402259038,1,0,41845.44751950607,Mirai
0.16335516169390948,2404,69.40630726178586,1,0,1021411.0220158051,DDoS
0.426177281275164,21,219.59406311227923,0,0,10820.55643970481,Benign
14.120382877236459,35,148.27010201966726,0,0,367.51507489604256,Benign
0.0040807545455727534,31,130.94818964654488,1,0,994765.5105713141,Mirai
0.05856498231035419,283,581.3786178734283,1,0,2809360.5148940952,DoS
2.5373002511339964,422,451.0740421728247,1,0,75021.96309319616,DoS
4.194782440120528,42,238.86928332430006,0,0,2391.6639403430754,Benign
24.09591419815641,49,238.99666792829623,0,0,486.0092309501383,Benign
9.665752391408798,26,145.12054444474128,0,0,390.36114342396615,Benign
1.6780595297399636,33,117.41244162457727,0,0,2308.9827893122892,Benign
1.0438694207169328,2489,64.34357466442272,1,0,153420.6809408746,DDoS
7.103310251928877,42,124.45610207920286,0,0,735.8761059193642,Benign
0.23902383941060293,2165,63.134036470796644,1,0,571847.5165335808,DDoS
0.3486333168336779,18,264.87456810936965,0,1,13675.520943522433,Spoofing
1.4547538415098344,17,183.63786735191255,1,0,2145.9601314697125,Benign
0.09492843663376031,2657,70.95653018926372,1,0,1986038.1925411846,DDoS
0.43672548534902406,18,109.61976492017837,1,0,4518.068752013169,Mirai
0.8172604463229998,20,124.11861767260781,0,0,3037.4311697339467,Benign
2.7891319007760593,273,422.78478391482,1,0,41382.139717605634,DoS
0.15700489055805122,52,138.0873013143682,1,0,45734.49682251906,Mirai
0.1722594650665194,18,256.6960724030208,1,0,26823.079367337636,Spoofing
0.48487387486473715,17,157.57712388535046,0,0,5524.758591702332,Benign
0.18928470361778807,16,304.08343426705966,1,1,25703.79357276144,Spoofing
1.303123221322688,1206,61.08287795818878,1,0,56530.303207093275,DDoS
1.2299936501821567,24,180.15802934970668,0,0,3515.2967690139094,Benign
0.09476767839717344,1845,48.35795098653031,1,0,941464.6541854035,DDoS
2.5662385580559093,15,285.02809562872693,0,0,1666.026496644104,Spoofing
0.4143109299265696,3860,60.54584575936167,1,0,564085.9261727831,DDoS
0.9655913666991706,1,189.37344870781544,0,0,196.12172937624723,Benign
3.537025526797224,874,515.8286029398575,0,0,127461.39250447134,DoS
2.3365595268628008,29,177.48882234816844,0,0,2202.886675439328,Benign
0.8169317811424477,37,292.4331534483275,0,0,13244.712627603649,Benign
4.939341242264986,1,134.61787094532798,0,0,27.25421556085839,Benign
8.657480454487986,17,141.35911063667191,0,0,277.5755479271879,Benign
2.7183786245339894,42,220.3039583314969,1,0,3403.7812710909866,Benign
3.2826862097636953,26,215.06023595458606,0,0,1703.3507857644877,Benign
0.9871280509236631,250,410.6009525530402,1,0,103988.77637223403,DoS
2.811632186207449,34,157.08919841141866,0,1,1899.6200044190846,Benign
2.6691472634106903,1,172.68679954112676,0,0,64.69736679888695,Benign
0.046973257732367504,67,114.57384817257828,1,0,163421.66156113104,Mirai
0.8493667123641913,3822,64.89198196612571,1,0,292002.4430721836,DDoS
0.7821269653983819,253,664.6792108755312,1,0,215008.36538202458,DoS
0.5300572851300025,36,191.09159548517138,0,0,12978.403713060834,Benign
0.5332014372961494,5,198.45273125730546,0,0,1860.9545790391533,Benign
4.759526387814686,48,206.02695127348534,0,0,2077.7894385554437,Benign
13.534654207658804,44,156.98500789041927,0,0,510.34479649061274,Benign
0.5290316493999985,44,177.72618029202403,0,0,14781.633465064066,Benign
2.702326232123387,44,128.1243143584314,0,1,2086.1544267885333,Benign
3.0663766593629385,10,214.19136821146313,0,0,698.5161707301897,Benign
17.732457880457048,48,229.19878977569368,0,0,620.4183302393799,Benign
0.3856686516182436,3668,64.5468227581826,1,0,613889.0077884003,DDoS
5.549421261364004,49,96.99007263916502,0,0,856.3980522449932,Benign
4.897723929655684,27,217.09608052946518,0,0,1196.799627435848,Benign
1.34125040806154,2096,39.23207933122913,1,0,61308.78901062248,DDoS
3.0190811386255967,476,550.1090009308772,1,0,86732.31106412156,DoS
3.788620565091691,31,262.12046539481025,0,0,2144.773879472003,Benign
0.007834528668929306,53,147.29795438212355,1,0,996459.635563431,Mirai
4.756034004497006,600,358.06156442039594,1,0,45171.44714463801,DoS
8.141879912592048,25,211.19974844505242,0,1,648.4981070477829,Benign
0.007460084128074643,83,131.04134870938225,1,0,1457950.3067461788,Mirai
0.8247882628891181,22,279.6600470758966,0,1,7459.515747857885,Spoofing
2.3503437427514373,1,272.7374767685294,0,0,116.04152695096778,Benign
11.041171113295377,25,294.03805731013244,0,0,665.7764251023664,Benign
0.051462083964635176,82,127.98783035355422,1,0,203936.59332186443,Mirai
0.1151852551019375,1444,619.6627120827243,0,0,7768294.26175749,DoS
1.2005681357594926,14,191.93819738012473,0,0,2238.2192924201136,Benign
0.059630637985127175,47,213.4032398974321,0,0,168201.32425349762,Benign
3.0083325814893853,31,161.302805206857,0,0,1662.1789067407374,Benign
0.4860565879118548,1467,64.96865535626178,1,0,196086.2578102122,DDoS
0.6643148144656429,659,410.6183569418387,1,0,407333.22715726745,DoS
1.2162568318630413,13,144.79871832638074,0,0,1547.6857263441202,Benign
0.015911400967336627,2655,57.5803363266752,1,0,9607940.44855952,DDoS
7.243245014783634,606,331.7543969063082,1,0,27755.95249296261,DoS
31.593955670845855,48,224.86187515196775,0,0,341.62768726216564,Benign
4.193885623185007,46,146.17091729213934,0,0,1603.2535933424042,Benign
1.3994191243262148,676,444.1866740342549,0,0,214567.73487480305,DoS
0.12331283960283929,74,147.88757461984093,1,0,88747.29149953215,Mirai
0.17355052141355012,3346,64.49094731305671,1,0,1243365.3782882844,DDoS
1.2684337118464566,3980,50.48292467975354,1,0,158401.68733211706,DDoS
2.196676652298654,2,199.28654112027212,0,0,181.44367393510922,Benign
0.3653285255436739,2545,62.0350829992074,1,0,432157.0181195961,DDoS
1.2663399452919148,756,65.59491024418433,1,0,39159.905149459686,DDoS
2.2821342321218343,32,218.1985670028049,0,0,3059.5720645221872,Benign
7.79535122256985,20,213.1987154718079,0,0,546.9893770906294,Benign
0.9986634360882484,21,135.80730565706807,0,0,2855.7703383729495,Benign
16.120221691569057,22,217.28101723257228,0,0,296.53329033413013,Benign
15.319241544259087,46,196.89556508928564,0,0,591.2300532594801,Benign
2.833227008159871,18,172.6888157766947,0,0,1097.1230596871067,Benign
2.2319472076894,38,173.97985048802747,0,0,2962.092604954243,Benign
1.5081816667077823,35,82.2148254936321,0,0,1907.9391798724585,Benign
0.05580795594921772,61,159.49172715524685,0,0,174329.8995813953,Mirai
0.11639754862375241,2994,67.77955642862776,1,0,1743438.7093776013,DDoS
2.150129448511915,1249,463.2512171439236,0,0,269100.4351450583,DoS
0.08324282886559484,76,117.30944820125104,1,0,107102.53585555356,Mirai
0.01651027443764535,4887,64.92511308982142,1,0,19217671.32752811,DDoS
2.7048939165328396,26,155.27443891908632,1,0,1492.5300349934187,Benign
0.4598685963555924,1657,57.80248343328919,1,0,208274.0935301864,DDoS
1.2307654628132394,3472,66.21641371803065,1,0,186797.0749711302,DDoS
5.780510174184699,633,326.7140357059651,0,0,35777.116270026294,DoS
0.49094508096219647,1525,73.88638522139262,0,0,229509.8613510704,DDoS
1.593605711136057,19,222.36727796531687,0,0,2651.2067896199355,Benign
1.7613696980153069,14,210.00168936561641,0,0,1669.1689736864544,Benign
1.0695323326322257,14,196.64949791373894,1,0,2574.1091566785167,Benign
3.3193406907711545,1412,484.47306958962406,1,0,206087.90660220647,DoS
0.11459417157825631,4277,59.937662416335236,1,0,2237054.2814178136,DDoS
7.266934154801992,49,244.39019677894242,0,0,1647.8915849615917,Benign
3.4910961005241306,17,411.8787194455457,0,0,2005.6561117074523,Spoofing
0.8447566844801679,437,698.1550250048936,1,0,361161.68304117286,DoS
2.0091729053561393,36,123.01702905235558,0,0,2204.197077353977,Benign
13.474136724698987,7,152.75651138521226,0,0,79.3591160268098,Benign
4.160312873286261,23,206.19789662529482,1,0,1139.950712080845,Benign
2.3631542010985562,8,131.5268112671971,0,1,445.2584980059428,Benign
13.888365346879649,45,288.2412941895868,0,0,933.936997952435,Benign
3.0927087543505243,13,160.1759690750819,0,0,673.2892630277272,Benign
6.48666812270517,23,126.3462178467693,0,0,447.9900860511119,Benign
8.47672384520519,44,191.4094768098663,1,0,993.5462253377505,Benign
0.07714297767788218,65,125.06736451912795,1,0,105380.6702625391,Mirai
3.929069437129493,45,244.46429246070815,0,0,2799.872421895633,Benign
0.412489098444144,3178,64.80673195602682,1,0,499299.96921880386,DDoS
0.24496720379551612,881,55.92745752588464,1,0,201137.49643578308,DDoS
0.80622959330638,9,178.77360155471257,0,0,1995.6628079031352,Spoofing
0.2350913437213199,49,174.03490779804937,0,0,36274.030115771806,Benign
21.520540604634377,14,190.16536150638876,0,0,123.71041741005902,Benign
0.07546079095725347,16,337.4159498338095,0,0,71542.52067672,Spoofing
0.010485846227314506,72,114.62466140340183,1,0,787058.6161703207,Mirai
0.24825296610580816,61,140.70920217659824,1,0,34574.65772680521,Mirai
1.2206616371067054,9,140.67917351414948,0,0,1037.234662857408,Benign
0.16372848130983594,34,169.55242474219378,1,0,35209.405200097404,Benign
2.3829727934715716,284,441.26258853017754,0,0,52589.17579163937,DoS
1.5320904167182134,14,342.15222629466984,0,0,3126.5329486140845,Spoofing
0.9486928600724959,3089,47.349967649191626,1,0,154174.2920434501,DDoS
0.5624630297789056,3739,50.83837483218159,1,0,337950.5379620167,DDoS
6.624107621422929,49,242.30248574623465,0,0,1792.365474734707,Benign
0.01605004243987078,26,94.72315596322301,1,0,153445.2051619389,Mirai
0.6455802132098962,27,147.56566941822018,0,0,6171.615846901035,Benign
23.600289785991965,43,152.37728791423868,0,0,277.6331748350547,Benign
0.21297960056644016,1451,57.18260065885132,1,0,389576.9986201552,DDoS
0.017504683079683697,609,75.81000531003946,1,0,2637482.3824944263,DDoS
4.35163401173151,3,138.74082507141628,0,0,95.64739913608554,Benign
3.916653975592212,46,191.13217256800453,0,0,2244.7936409288786,Benign
1.8391340050583898,1121,519.3465370988239,0,0,316555.21918822767,DoS
13.463765213443486,36,176.12317311540272,0,0,470.92578722507835,Benign
0.7807188299169355,1537,53.43302161826384,1,0,105193.51023723785,DDoS
0.11188593270747114,15,150.7133483286263,0,0,20205.401789338946,Benign
0.3984489497937968,2253,56.26219421109342,1,0,318130.39944814256,DDoS
0.5282741294162959,2491,56.94244437772802,1,0,268503.83360935596,DDoS
1.2004814604408247,22,186.96958338330208,0,0,3426.4009649280247,Benign
1.5215618644744435,4,238.8867523623927,1,0,628.0040475249572,Benign
1.8246840910076667,21,203.73429213184428,0,0,2344.74567726735,Benign
3.4666593458915234,2,191.2981211819257,0,0,110.3645337455154,Benign
0.3291438366530291,15,216.98153776126105,1,0,9888.452111135597,Spoofing
5.381269248613435,35,123.13405751014893,0,0,800.8690540741238,Benign
0.06149249075161339,54,136.63063002300896,1,0,119983.0081862297,Mirai
9.939855371622118,45,146.68648143064493,0,0,664.083270590063,Benign
3.3201114914813776,1395,418.0709714423581,1,0,175659.46404464613,DoS
0.05732142075315119,28,109.42775733662012,1,0,53452.569129785996,Mirai
0.2962542978320831,3406,57.71146813457216,1,0,663501.8020152603,DDoS
0.516751435173213,4242,67.88073733786425,1,0,557231.326683593,DDoS
0.7827819947226514,3685,55.88628896977205,1,0,263088.54347956384,DDoS
2.4018141617921938,28,214.55690490176357,0,0,2501.273176258822,Benign
0.9895052718190982,27,360.6224115499128,1,0,9840.074013903517,Spoofing
0.001772155903968264,27,119.90308931940584,1,0,1826805.082089399,Mirai
1.6772767641775919,9,343.2569117332536,0,0,1841.8619225993064,Spoofing
5.369535301613136,10,118.29420740814828,0,0,220.30622905600396,Benign
0.40953939192453415,1468,292.4357232110384,1,0,1048240.1696609217,DoS
0.45568566387949094,11,331.0917796826648,0,0,7992.372517280829,Spoofing
3.9783320777735964,40,186.5689188030968,0,0,1875.8506344448433,Benign
22.142632741035975,15,278.84942183401574,0,0,188.89990979972967,Benign
2.3687722624960195,1262,592.5919380006447,0,0,315712.505417802,DoS
0.2188992773981481,1391,61.206497529430784,1,0,388937.95847751165,DDoS
0.015176736129700153,15,120.58137792784663,1,1,119177.18364873715,Mirai
3.577502502046297,5,216.80377062526733,1,0,303.00994968033933,Benign
0.18101431768887244,77,138.00225659241733,1,0,58703.49866953845,Mirai
7.3679486227413165,44,162.95314431584387,0,0,973.1254541823183,Benign
13.672737058501237,13,242.79466527026068,0,0,230.84848593287992,Benign
1.1300378803056665,45,256.73198499105285,0,0,10223.497394151422,Benign
0.04750914534252268,51,114.56165379070019,1,0,122979.36115673077,Mirai
0.016181864781826722,847,474.357483087142,1,0,24829078.328848414,DoS
0.8902187604076579,1448,72.85726353881854,1,0,118507.18306127234,DDoS
0.018097374689580722,39,319.70783712504885,0,0,688973.1721726196,Benign
0.07842456568760126,29,125.53553174142537,1,0,46420.7916050582,Mirai
0.1393894604182081,35,155.84450272566292,0,0,39131.77925384728,Benign
0.05899061552155556,13,151.19179796286952,1,0,33318.74665384869,Mirai
0.08447702595800684,704,64.7725766614592,1,0,539790.4750142931,DDoS
10.449658778768612,18,78.13049299127306,0,0,134.58323411481186,Benign
0.5931843411564692,2339,54.57846144810398,1,0,215209.6953170271,DDoS
1.6385994442224137,19,209.65163144162238,0,0,2430.9668915340762,Benign
3.8772084561274207,940,627.0610790735541,0,0,152026.23769109242,DoS
0.01720322968325929,3748,74.88568213994142,0,0,16315049.082535122,DDoS
0.496102859133967,21,210.0994229513545,0,0,8893.494163046156,Benign
0.0032879957734547453,41,136.51268807559336,1,1,1702258.9433618574,Mirai
4.012030681234289,27,143.9444558004816,0,0,968.7115118016329,Benign
0.10804185491813124,2442,75.69355423558693,1,0,1710852.3320278851,DDoS
0.7977738966338657,6,313.24529543315117,1,0,2355.8952988173305,Spoofing
4.147667820947617,775,542.8523295747093,1,0,101433.03986293677,DoS
0.4344262123977194,13,147.9862811644988,1,1,4428.419833417455,Benign
0.2070766741813289,21,282.47489644043407,0,1,28646.262785033527,Spoofing
3.594615709202403,705,606.85495584553,1,0,119020.44014769772,DoS
10.997659475549362,30,195.5714466365605,0,0,533.490185992846,Benign
0.703711622688879,1,226.06078955943624,0,0,321.2406648843726,Benign
0.1624195478489263,64,86.31336757314399,1,0,34011.02636869416,Mirai
1.9306024827035964,1379,426.25661110160246,1,0,304468.61639064585,DoS
0.45949317966572095,2154,64.24969863381965,1,0,301188.0414806774,DDoS
0.025717815496690406,65,158.76801482446487,1,0,401275.1769262158,Mirai
0.10600520492277286,69,113.33257691157141,1,0,73769.47021229223,Mirai
3.288008070501902,38,154.60655957612954,0,0,1786.8110837684526,Benign
7.277400707935433,18,222.56840157227333,0,0,550.5030421002433,Benign
11.799803128301836,48,178.24736998820703,1,0,725.0861447775063,Benign
1.220903576362598,1341,352.1997744695816,1,0,386844.5524345322,DoS
4.657149689486087,29,174.09329716665712,0,0,1084.0763029865543,Benign
0.009303118575560097,786,58.61762869925211,1,0,4952474.35399245,DDoS
0.02834894143367277,44,158.69619612207714,1,0,246310.17160582397,Mirai
0.014336041486115659,21,86.79046142133001,1,1,127134.0970666905,Mirai
2.3474019495324434,39,105.27094247638486,0,0,1748.9832780435233,Benign
0.06050135300836702,81,124.79922652841312,1,0,167082.83114599893,Mirai
0.24773149677300083,12,262.7372418668827,0,0,12726.871405017917,Benign
0.05972729296360868,99,153.030577384278,1,0,253653.33684676286,Mirai
0.5514322863847922,6,239.7379261235967,0,0,2608.5298091121167,Benign
6.350501790112508,16,300.3204318856468,0,0,756.6531069484541,Benign
0.3449394113022046,57,169.21377867455837,0,0,27961.969750100812,Mirai
2.5054759487116907,48,268.15241606383756,0,0,5137.273809266699,Benign
1.2429160661393144,45,341.31844384846863,0,0,12357.495724461503,Benign
2.7301681664906337,1276,636.0119428911403,1,0,297253.2055313887,DoS
0.05260790783313865,970,404.312382261769,1,0,7454830.0236124,DoS
0.11516471178881217,865,529.753863522024,1,0,3978971.3778545377,DoS
2.391168387787637,494,647.6190099729804,1,0,133793.91955856903,DoS
0.42574677548217665,610,64.62654492778657,1,0,92595.3986646228,DDoS
9.94365200043718,1,221.4410503006074,0,0,22.269589713203118,Benign
1.7246063572822454,31,145.94939651187198,0,0,2623.457389428823,Benign
0.37892086350200527,28,199.7899042304422,0,0,14763.286631280405,Benign
0.8206194708674758,27,436.42898852104673,1,0,14359.374970242727,Spoofing
1.3818134203276553,3809,60.832618372338686,1,0,167686.49078925193,DDoS
0.12944292269431198,1147,70.6084717079945,1,0,625665.0836008084,DDoS
1.1815344896288213,3406,63.2743351304081,1,0,182400.41856236724,DDoS
0.2505967698288463,26,232.00733977918998,0,0,24071.3032270082,Spoofing
2.69499436013545,37,174.1097367334942,0,0,2390.379866626329,Benign
0.1914599837455828,678,69.10903379086582,1,0,244729.59828760065,DDoS
0.11551970528451211,2848,53.357581210904726,1,0,1315467.2695397749,DDoS
0.3221468394638236,626,477.99367525470893,1,0,928843.6329453731,DoS
0.42163715996576534,37,221.41120883534222,0,0,19429.536826338615,Benign
0.05968922810981874,22,131.51772111521734,1,0,48474.23825302954,Mirai
0.08205864857184766,20,389.72808442380654,0,0,94987.69263365929,Spoofing
1.5487630196673798,4783,71.50813743341816,1,0,220836.51081589854,DDoS
0.4065529743632159,1390,554.0520189348971,0,0,1894297.5574727142,DoS
0.15268808815126395,29,350.29358252657545,1,0,66531.14867223254,Spoofing
0.181135075855587,495,565.2284995648029,0,0,1544637.9226276593,DoS
1.483531843564421,1,83.45408492370063,0,0,56.253652583006875,Benign
0.2600350741758163,2982,57.004488368138624,1,0,653709.446129781,DDoS
2.9266799698446975,696,418.60630973015736,1,0,99549.65851208182,DoS
0.04428418875686058,4424,53.27764046644694,1,0,5322447.7638657475,DDoS
1.9823550124400404,574,583.2269588574208,0,0,168876.04504911316,DoS
1.9114864491380403,22,370.9820951966067,1,0,4269.769266743018,Spoofing
1.9010240613662506,20,231.35733573644814,1,0,2434.028484312539,Spoofing
0.8001969405653495,3346,48.894539496305036,1,0,204451.0805540575,DDoS
0.657698999817196,8,165.61078525872844,1,0,2014.4264814726382,Benign
0.5519178095051215,13,178.84687500815033,0,0,4212.600744285965,Spoofing
0.10575347601013263,56,138.974009527898,1,0,73591.38278175001,Mirai
5.086863854139455,16,277.6414660099421,0,0,873.2813740521411,Benign
0.07700975065925258,26,170.93284786004293,1,0,57710.277027460375,Spoofing
0.16972861474765089,96,160.5066061815039,0,1,90783.95069878832,Mirai
0.3113930311906202,3574,50.38324969536369,1,0,578271.5615783951,DDoS
0.3588263571757175,2067,66.18829718159773,0,0,381274.13869813905,DDoS
7.82124342106273,11,187.62157867942022,1,0,263.8758640238298,Benign
1.6824811845065557,33,165.8642841923292,0,0,3253.243738325762,Benign
8.417966487916187,5,154.4995055772548,0,0,91.76771242736329,Benign
0.2161112275524129,22,121.19328347812385,1,0,12337.407300470242,Mirai
1.9462952242186233,40,200.01482771372747,0,0,4110.678076477882,Benign
10.694361883952094,43,165.68867850942638,1,0,666.2027387156678,Benign
1.649311290866887,35,168.89380825853408,0,0,3584.0919308456864,Benign
0.5315040539218304,4586,70.93889805929922,1,0,612085.2401772888,DDoS
0.6089294679994632,13,375.08114254651804,0,1,8007.585622558559,Spoofing
7.228082212507477,49,257.19681566909736,0,0,1743.5667715536147,Benign
0.2472335447057989,11,246.7696075024814,0,1,10979.358346204335,Benign
0.2622128530809489,627,504.84264572150846,1,0,1207173.237879634,DoS
0.6051814251794098,731,54.71613545893008,1,0,66091.74266811046,DDoS
3.6317489087436527,19,179.69854227936423,0,0,940.1179401714297,Benign
0.4340110228855562,3175,69.37179814541736,1,0,507488.1684969992,DDoS
3.718954392213094,38,231.24089115269376,1,0,2362.8022656586704,Benign
0.9505113761369044,11,240.24712868186737,0,0,2780.3122422807323,Benign
0.49185308175136877,1960,67.25251675854344,1,0,267996.5577879157,DDoS
1.1232349244733337,2458,75.7926315857923,1,0,165858.70362358048,DDoS
0.37074426378368547,6,344.4501458235898,1,0,5574.464871956527,Spoofing
9.889214289074953,37,150.89165247575346,0,0,564.5535609204719,Benign
0.11841707099666826,773,75.05481352342115,1,0,489940.9381206271,DDoS
12.14640689138568,1018,252.33184439699778,1,0,21148.132109613463,DoS
0.6224028409408945,29,158.74790205549664,0,0,7396.639052369918,Benign
0.8956059195708302,1499,621.1375721796267,0,0,1039614.8577752049,DoS
0.17804196949241183,12,125.81582788694364,0,0,8479.966487383028,Benign
1.1557879249372836,22,276.8957993984221,0,0,5270.610165870906,Spoofing
7.248343670990151,4,235.80271674460872,0,0,130.12777950270518,Benign
0.02051449300090095,4082,76.35667286009331,1,0,15193548.219846928,DDoS
2.527125545823124,21,156.09391481972736,1,0,1297.1149045729694,Benign
0.00963187811046418,19,221.2043099906374,0,1,436351.2330223587,Spoofing
0.4279907909699974,4994,73.4190296176102,1,0,856688.1382642839,DDoS
1.2366354050618316,3916,60.389794823977134,1,0,191233.7586023345,DDoS
6.939256404267375,3,190.67133734723177,0,0,82.43160055159927,Benign
0.9832452990906128,1190,717.1192861062495,1,0,867913.5829641967,DoS
8.045893437488497,18,241.32265554293812,0,0,539.8788628660727,Benign
0.2887167769951625,80,113.10042465029889,0,0,31338.788366203993,Mirai
5.868958103712893,38,156.37809506991613,0,0,1012.5080989924734,Benign
2.139286365258825,23,134.5288850199338,0,0,1446.3535156893895,Benign
4.6526236795903895,42,263.55150497155705,0,0,2379.122828558511,Benign
0.42709210341417114,4953,60.72926569136214,1,0,704279.1251928734,DDoS
0.9951482711589464,1825,52.848737373365125,1,0,96919.17124477062,DDoS
0.8291267089928842,25,203.66097251562326,0,0,6140.827762110216,Benign
0.01054086106254943,13,104.45936737093858,1,0,128829.30225187508,Mirai
0.12647851610760774,4098,79.6235450937323,1,0,2579863.3462500595,DDoS
0.5346207416942619,3371,64.16268597718279,1,0,404571.6852354677,DDoS
0.7041755344975202,1710,69.29115108563721,1,0,168264.67627988415,DDoS
0.10034073435190596,2346,58.02721064153752,1,0,1356695.6335760683,DDoS
0.09913288550080442,2677,70.16579352307271,1,0,1894768.101547306,DDoS
0.0012034935425618227,17,261.0376301627369,0,0,3687298.315967963,Benign
4.138898805092391,40,286.9399180475434,0,0,2773.1039733998828,Benign
0.35120551302585046,99,124.14387825385175,1,0,34994.45051771354,Mirai
0.0200801726795626,5,192.83856611479703,0,1,48017.15831633913,Spoofing
4.011516146246558,39,224.37610293478392,1,0,2181.386711516612,Benign
11.27053448765512,14,285.2055260433402,0,0,354.27577715859485,Benign
0.33995741955141845,589,388.67086803353055,1,0,673399.4556548407,DoS
0.3328098554597072,3991,69.01426366753506,1,0,827607.4815052437,DDoS
13.922118177271361,22,143.3860435227552,0,1,226.58139496693116,Benign
0.1602127558447292,43,132.68619383840704,0,0,35612.060381640375,Benign
1.4492134027218249,1323,618.516303143934,1,0,564649.1175989325,DoS
0.24199083773340588,1099,589.8302549689035,1,0,2678710.7160022045,DoS
3.6813383886411533,14,138.81275766718653,0,0,527.900019551842,Benign
1.8937301638609694,16,76.12469406854916,0,0,643.1724689928989,Benign
10.891781426495408,4,216.74917777489622,0,0,79.60100163142495,Benign
2.023116514145212,1148,683.9910999168883,0,0,388124.8446218888,DoS
3.1315468734012493,31,211.63645873380267,0,0,2095.0445533718334,Benign
8.930438890074374,34,182.9087065558814,0,0,696.3707046707282,Benign
0.011343278870744048,65,159.25336179495517,1,0,912564.0508909656,Mirai
14.49203210700064,10,151.6690429718966,0,0,104.65684995179531,Benign
0.2707686829374218,1427,463.224799648528,1,0,2441278.5922189546,DoS
0.4022203622797178,4,238.30887988106093,0,0,2369.9335213201643,Benign
2.1321683977740036,30,238.43600571013238,0,0,3354.8382851803963,Benign
10.102962946230027,32,233.13888250736184,0,0,738.441215704892,Benign
1.3440666369071113,1394,448.6286538287441,1,0,465295.6380766782,DoS
0.0958076553055778,54,133.21843313613408,1,0,75085.80985941764,Mirai
0.21921697070705168,31,137.94466302715725,1,0,19507.087156844456,Mirai
10.0004816353065,13,224.75689350229865,0,0,292.16988961955457,Benign
6.375883360427222,1139,506.01360557162576,1,0,90395.2384579794,DoS
4.163724343532696,20,248.4220704173797,0,0,1193.26857361843,Benign
6.044891564468783,49,212.89479194638594,0,0,1725.7290216238393,Benign
0.12200581047079989,36,147.55795791432962,1,0,43539.6188461633,Mirai
1.8922050536601454,47,223.26128413467958,0,0,5545.5302447440845,Benign
10.732793170888701,39,273.74169851082047,0,0,994.7015722690951,Benign
9.528746865856132,9,182.31737225592244,0,0,172.20064436624904,Benign
2.770016487709192,25,211.3662953411595,0,0,1907.6266899403888,Benign
2.8067945685463487,29,221.21797199616495,1,0,2285.6397328755365,Benign
1.4958636865622117,1845,68.37771461303473,1,0,84337.15223810423,DDoS
0.050206172016797605,739,76.83354577288206,1,0,1130936.457516873,DDoS
0.023499903331629057,16,125.92824210705871,1,1,85738.7302951627,Mirai
0.03630429610612373,31,140.78263517371164,1,0,120213.36752068049,Mirai
3.5285211223284114,47,226.89989830245005,0,0,3022.312989068339,Benign
4.207888320295979,4,210.63205954238222,0,0,200.2259028847672,Benign
2.193020929845834,13,145.49847254766053,0,0,862.4998135574361,Benign
0.7305789030637134,3497,57.70128152728483,1,0,276193.8247254832,DDoS
0.3784652994505345,48,133.9037059960264,0,0,16982.740285940872,Benign
1.3912313563030612,314,433.9530480041704,1,0,97942.9168671115,DoS
0.32293795608788534,3488,66.37880770199648,1,0,716946.6360329433,DDoS
0.8176227987175788,1321,57.551041413556625,1,0,92982.8838268105,DDoS
0.2513866558271527,1059,56.705629511523505,1,0,238880.06885295123,DDoS
6.438534021164218,23,167.31227537110618,0,0,597.6798943495545,Benign
0.0831980024945214,24,330.70588510650157,0,1,95398.2187622676,Spoofing
0.08731607543768521,26,92.57154897112312,1,0,27564.915866688294,Mirai
0.7429853122516407,21,138.50584423567295,0,0,3914.7782344908787,Benign
0.21920354634479203,76,129.71853218664813,0,0,44974.67586896769,Mirai
0.30590032247158816,4138,69.05419559074491,1,0,934115.593752087,DDoS
0.2901863091630991,97,160.1321662734428,1,1,53527.06050578608,Mirai
0.1191866239076255,27,140.6719808409927,1,0,31867.195815954303,Mirai
0.2168590372358756,2795,67.00792710314474,1,0,863635.4686458329,DDoS
10.454708067441496,19,197.76324697923897,1,0,359.4076150540554,Benign
5.38812280556269,36,242.96219581760454,0,0,1623.3184292688625,Benign
1.5077474841900929,595,55.899866392286384,1,0,22059.675676578358,DDoS
0.37827644070432187,897,534.1226632692484,1,0,1266555.2950124338,DoS
1.8161961165441198,9,216.12631316279837,0,0,1070.9949221598465,Benign
4.006349962824146,5,213.34980484288542,0,0,266.2645635336503,Benign
0.10358704517580274,50,122.31423544461589,1,1,59039.349581325696,Mirai
1.6545561014732502,20,318.36581128594025,1,0,3848.3531746365193,Spoofing
1.3066849641950358,3520,56.7563636819654,0,0,152892.55301379488,DDoS
1.3889192643911497,12,230.78776448225582,0,0,1993.9626764418842,Benign
1.519945226396506,43,184.83905341127206,0,0,5229.187972469274,Benign
8.202368328859661,16,278.2412291165868,0,0,542.7529571187047,Benign
0.5857409867946334,25,248.6281765695447,1,1,10611.69451066245,Spoofing
4.849435850164312,22,244.25471599391807,0,0,1108.088428818813,Benign
0.3394997632592816,3784,84.50199392050014,1,0,941843.2046179953,DDoS
0.04452908731109019,38,156.92782852678567,1,0,133918.25083584583,Benign
0.010653015238863037,1729,64.97488939023697,0,0,10545519.858630145,DDoS
0.8725133475018104,887,305.92493573843797,1,0,311004.3173287173,DoS
0.16284204200108576,60,109.83565608964676,1,0,40469.52055130128,Mirai
8.893395885389868,37,200.55234962194453,0,0,834.3760956601844,Benign
9.845968991181305,12,141.762550383314,0,0,172.77635204045737,Benign
0.6070154175708056,46,172.09591978430663,0,1,13041.534170183893,Benign
1.6947698416646164,9,286.143422094315,0,1,1519.5519388752894,Spoofing
0.08797175071145091,31,142.5724992873244,1,0,50240.531104171336,Mirai
0.36186541001451106,1270,75.38430116561638,1,0,264568.15111589036,DDoS
4.925882743415041,470,475.8152509996532,0,0,45399.612540268354,DoS
1.6443789536658664,1209,392.77806848249645,1,0,288782.9984303182,DoS
5.577879561943089,37,175.52316640047172,0,0,1164.3057338719418,Benign
0.3979564344246507,18,291.9324145297232,0,0,13204.418893571028,Spoofing
0.14014767477517068,1358,56.29382049874661,1,0,545474.6813312215,DDoS
2.946592138637042,48,276.03200480085223,0,0,4496.562675474161,Benign
0.20076352751346088,2952,64.34393795307584,1,0,946104.6395727653,DDoS
3.1594095378978104,7,167.88837607780053,0,0,371.9741358148092,Benign
4.97949072511251,41,182.70892884644778,0,0,1504.3839814633052,Benign
3.9169327384052472,1059,537.0972558468616,1,0,145212.09117657808,DoS
3.187315179563388,5,153.59561924693628,0,0,240.94827557652528,Benign
1.1130096595860515,827,610.6335693480997,1,0,453719.29839197884,DoS
2.2377428197264044,11,266.3539875696702,1,0,1309.3076815791517,Benign
3.3467396129063447,33,65.96944329630824,0,0,650.481328270307,Benign
1.3030070390886326,37,229.91909387900589,0,0,6528.749437511333,Benign
3.2020802407427866,6,188.2234583569563,0,0,352.6897095744748,Benign
2.276806962116965,847,368.75763244732616,1,0,137182.34346598934,DoS
7.152433925622819,12,252.62253158070217,0,0,423.8375929777572,Benign
0.3451448504866366,1132,75.80803060566231,1,0,248633.84322441838,DDoS
0.4599317849637521,2867,62.5911783034562,1,0,390164.1809994749,DDoS
0.3228972373654807,1130,526.1618434546201,1,0,1841337.7827409136,DoS
0.2031518817029704,20,330.0299699558404,1,1,32490.95870432342,Spoofing
0.8373894874681087,1373,478.0535902655236,1,0,783825.9128606044,DoS
0.6996813438231377,18,188.20861183771353,0,0,4841.854142584063,Benign
3.1044487479506184,22,254.267856215594,0,0,1801.8956957932837,Benign
4.491034151719856,40,188.37931939414523,0,0,1677.825757098772,Benign
0.3315431428733001,2043,60.659072246578816,1,0,373786.90304302046,DDoS
1.0325387310736611,40,187.497650408442,0,0,7263.55902266163,Benign
0.04661504095801696,2514,57.782068565772654,1,0,3116249.978310264,DDoS
0.1001882911484389,1169,47.02301809821164,1,0,548665.9920705308,DDoS
6.167081697555846,40,199.61675934712662,0,0,1294.7242740516265,Benign
0.043264244145614465,36,122.72890020915553,0,0,102122.21419283618,Mirai
11.424763502104643,29,286.12240334378066,0,0,726.277589504683,Benign
1.9686667275574674,8,242.05194802741389,0,0,983.61777395498,Benign
2.1339290726449582,376,401.73110724717577,1,0,70785.34064757542,DoS
0.4272894853406795,1096,58.06555675119422,1,0,148938.48873573047,DDoS
0.4079936770301634,750,459.04805312225307,1,0,843851.4105115319,DoS
0.696828118797219,4840,71.99977467914063,1,0,500093.06462624256,DDoS
7.09280155780068,48,196.84656114468166,0,0,1332.1442673879812,Benign
0.03549989661011951,25,164.56293598619652,1,0,115889.7290557789,Mirai
0.11956708148620852,49,128.29912281664042,1,0,52578.49351069521,Mirai
0.720057586013704,938,456.80481700840653,1,0,595067.5705341859,DoS
3.8353859503353664,6,141.05786553762277,0,0,220.66806422746893,Benign
0.9769500217060446,4917,60.59997324237881,1,0,305000.3191692779,DDoS
10.423411760822123,4,164.99795524667792,0,0,63.31821443218667,Benign
4.047763331445602,36,210.57839499683368,0,0,1872.84225858596,Benign
0.04285546842976522,14,252.70825360595114,1,0,82554.58825007407,Spoofing
2.1190089036179844,36,216.43411747482415,1,0,3677.015332871082,Benign
1.768434934657723,23,387.2675463935551,1,1,5036.743728869917,Spoofing
0.15692305608531468,2903,60.58108927084527,1,0,1120720.6037183593,DDoS
1.1385739245226747,32,213.7602247365192,0,0,6007.802430954398,Benign
0.21733249851011624,4788,51.6505810671965,1,0,1137901.5280506958,DDoS
0.02945259629859104,84,116.19570775599021,1,0,331394.8744128239,Mirai
1.5254335860547048,501,487.95025861006405,1,0,160258.09435329636,DoS
0.006855157275306266,84,117.11451134150924,1,0,1435068.3080786448,Mirai
0.8756702835699667,1495,392.2256065069656,1,0,669632.5006455032,DoS
0.6413677439974832,1403,566.3273381264478,0,0,1238848.1691316927,DoS
0.2694558371223968,43,180.04959749748627,1,0,28732.473473473678,Mirai
5.646440567339872,39,249.65431913663397,0,0,1724.3639298439925,Benign
0.05426553052112913,1700,57.76307386839901,1,0,1809569.0695964668,DDoS
5.334366980261702,10,151.86125743664675,0,0,284.6846832971294,Benign
0.8006081090759324,19,285.5422167854576,1,0,6776.476602498589,Spoofing
0.5273719264540673,28,500.66450184452503,0,1,26582.01043408723,Spoofing
3.635116773773733,16,290.34294420732556,0,0,1277.9471462465779,Benign
0.6428125985757872,640,507.69190022753617,1,0,505470.51639236807,DoS
3.8103528121802723,7,258.3709192130308,0,1,474.6532732375357,Spoofing
1.1114936598140526,46,210.277472942629,1,0,8702.491165787793,Benign
0.5691564482757145,3052,48.81275703919657,1,0,261749.70859938275,DDoS
0.017037675473845385,24,183.52680644273556,1,1,258523.72651346965,Spoofing
3.8625044541160225,43,305.18807384728973,1,0,3397.5591048054403,Benign
0.9030195023806785,1286,375.5720976735296,1,0,534856.35286374,DoS
1.2766353430302937,9,180.54533235198733,0,0,1272.805112312583,Benign
1.3114098481711882,29,336.0387139801216,1,0,7431.027545670392,Spoofing
0.2610994533652268,5,204.18819854532535,0,1,3910.1613564028844,Spoofing
1.114704693849709,20,246.99789027538185,0,0,4431.629141568566,Spoofing
2.7707207161100866,4762,66.89723448536051,0,0,114975.36679428701,DDoS
0.03475532992425995,59,128.33401734535101,1,0,217857.43481291193,Mirai
0.036808797936363366,63,120.69734124408431,1,0,206579.2127067914,Mirai
3.290988192507405,26,183.5260868006192,1,0,1449.922630436591,Benign
0.11080173878146815,16,140.66931618100787,1,1,20312.939883869065,Mirai
2.851130115933307,11,206.25188367643437,0,0,795.74436387941,Benign
0.5476434949867276,3427,66.27115384277843,1,0,414706.3670037856,DDoS
4.330432020131527,34,234.47948429881552,0,0,1840.9947157922566,Benign
4.503267894780511,48,216.13156998127968,0,0,2303.730446755282,Benign
6.916999507046617,41,200.273018878662,0,0,1187.1034204440925,Benign
1.0803040567439153,678,598.3048652906105,1,0,375496.7836459702,DoS
2.476191840057997,45,218.55268691076816,0,0,3971.772603351369,Benign
2.25273359447474,782,426.5024898742734,1,0,148053.43512420444,DoS
7.205633832690599,23,182.04341859455627,0,0,581.0729111267315,Benign
7.440872660300571,19,134.97748855390432,0,0,344.66014936755914,Benign
0.007196933246025278,1919,67.53316707251693,1,0,18007134.870082803,DDoS
0.05444492526090362,88,101.26448243449505,1,1,163675.02410063305,Mirai
1.634423927038863,32,183.00081388242404,0,0,3582.929708357314,Benign
0.1569566784577317,595,695.2944553999507,1,0,2635760.421461644,DoS
0.017450606568602953,33,106.60880188245356,1,0,201602.76081466983,Mirai
0.4590622009881788,367,477.3322222903962,1,0,381606.07691829203,DoS
1.7260613963302052,33,174.0329344559435,0,0,3327.2784208351823,Benign
3.9251986634072806,7,200.36414935252097,1,0,357.3192507535809,Benign
0.1522527416742345,62,103.64753114479191,1,0,42207.10156226096,Mirai
4.444381149609533,37,258.63119912612206,0,0,2153.135396253592,Benign
0.08482566628900509,70,126.5990711254407,1,0,104472.32973788634,Mirai
0.06794036091955953,3212,71.25418827157766,0,0,3368667.0136958,DDoS
0.4878109205602327,26,346.32492581557364,0,1,18458.88989296025,Spoofing
0.06643127088721483,24,137.34181887987148,0,1,49618.25370935803,Mirai
1.290371182053679,24,161.31438172628373,0,0,3000.3344892351715,Spoofing
0.8124594972657122,23,93.50949080700666,0,0,2647.169853757975,Benign
0.20589307485409664,62,133.00249595418046,1,0,40050.66588569195,Mirai
0.38442186727412375,3435,61.05110685296989,1,0,545521.9119738863,DDoS
0.05478575594441457,4764,64.07763016787422,1,0,5571992.662280217,DDoS
2.226416608442732,321,376.56558704080084,1,0,54292.423521150835,DoS
0.8543250420404894,26,117.74051512064376,1,0,3583.2420243999527,Mirai
0.7865178437186925,9,264.5182720130308,0,0,3026.840989215688,Spoofing
0.040397199368897865,95,154.6327085993568,1,1,363641.72631850635,Mirai
0.732719087155813,4346,57.58003005546665,1,0,341526.2615751183,DDoS
0.43780221772372147,4214,49.182321510264174,1,0,473397.1059393826,DDoS
2.8401632608310825,1442,545.1438766533475,1,0,276778.97287640464,DoS
0.22709221849592054,10,144.0884030321984,0,0,6344.929121152903,Benign
4.135299293966748,36,241.096074120795,0,0,2098.8707349457477,Benign
3.9592699657022115,27,208.6280871995442,0,0,1422.7265135199334,Benign
0.9402830811170958,6,342.2938725144502,0,0,2184.1967342927665,Benign
9.444187453792539,27,221.99523718854567,1,0,634.662477149768,Benign
2.3177596030144914,31,253.76395479177364,0,0,3394.089097209879,Benign
0.5264520715116939,40,143.60105922441323,0,0,10910.85528922444,Benign
12.406472312537815,5,154.1100406749997,1,0,62.10872711949639,Benign
2.511491178285351,11,284.40389680657063,0,0,1245.6515443578553,Spoofing
1.051228797188852,810,66.92496931295338,1,0,51567.48491713323,DDoS
0.8634286888814079,3,231.16179483194088,0,0,803.1762129588828,Benign
0.8773037951498656,574,663.7121790001706,1,0,434251.843947647,DoS
4.97510121235562,21,254.66226768450315,0,0,1074.934437131266,Benign
0.11651048592745085,11,288.31948344793364,0,0,27220.84877323505,Spoofing
0.01053806158868593,41,129.66690701950185,1,1,504489.6675786567,Mirai
13.522338612481928,23,183.3309972196167,0,0,311.8257171994641,Benign
0.21655245415343774,3197,58.03600094020193,1,0,856795.1618519218,DDoS
0.007996296120304112,46,128.60027685233248,1,0,739794.1054466995,Mirai
2.020802554035132,24,273.74722520162464,0,1,3251.1505845636275,Spoofing
0.07265153413955498,1413,59.10010051118718,1,0,1149438.1090686629,DDoS
1.8611608000706046,1118,434.6151263520841,1,0,261073.47158998676,DoS
4.492892676457078,15,306.0420473974559,1,1,1021.7539214806781,Benign
1.9421611441839632,11,297.36914406377645,0,0,1684.2374766363378,Spoofing
4.110687174071322,13,177.19628636441848,0,0,560.3811784237398,Benign
0.13698427864130647,27,211.69931499181467,1,1,41726.55111573818,Spoofing
4.673132199930941,1141,525.9595646698954,1,0,128419.19244168165,DoS
5.091903511255536,253,571.4549761463505,1,0,28393.725184587667,DoS
0.45436465296853507,2880,67.09054438104287,1,0,425254.8400387653,DDoS
0.5918724179723812,46,139.46172893766544,0,1,10838.88915302008,Benign
1.1603758079789046,33,168.02712812492976,0,0,4778.533980108182,Benign
20.954037344602405,14,195.2799901227899,0,0,130.4722243622084,Benign
2.5845163284679744,11,215.98046475956644,0,0,919.2378032927835,Benign
0.12401778550984739,26,106.92120753621339,1,0,22415.7477454781,Mirai
2.338208932404001,37,236.33864891430932,0,0,3739.8411616017834,Benign
15.436891895720187,26,196.52122006168182,0,0,330.9961458640731,Benign
0.56406201060491,25,435.76437277791894,0,0,19313.673168247828,Spoofing
0.07533008731174272,86,111.8687520042941,1,1,127714.07834104,Mirai
0.4742685686034194,23,270.7388949347014,1,1,13129.680092093788,Spoofing
0.18542347971778386,8,412.03520678386604,1,1,17777.045600092813,Spoofing
0.44358262846852625,48,195.97883750720067,0,0,21206.83632905857,Benign
4.100529018806453,25,226.08373245858732,0,0,1378.3814931054544,Benign
0.11193759516758642,48,115.6896830001273,1,1,49608.93411808899,Mirai
2.537230168072682,586,403.40290753884636,1,0,93170.14545721425,DoS
2.3797572732346235,30,159.3915264136835,0,0,2009.3418123735958,Benign
0.09315685866820961,81,135.13335214499693,1,0,117498.61126951115,Mirai
3.3492959084177016,13,311.8485538530815,0,1,1210.4129676631928,Benign
0.9785734503904984,25,257.1415169778117,0,0,6569.295255128773,Benign
0.38764142927522444,4818,65.13415198198157,1,0,809553.160599814,DDoS
0.26089131142472344,2928,52.28769663028042,0,0,586828.1887096708,DDoS
0.3126148688905382,4735,81.30115873371184,1,0,1231422.5102930702,DDoS
0.7985368936995978,22,201.42866724792395,0,0,5549.437620751171,Benign
0.08061923296299925,29,121.86722123468451,1,0,43837.547020918355,Mirai
3.0607275880132634,42,269.23513515013906,1,0,3694.505751047858,Benign
2.747679287748763,5,179.56150594471293,0,0,326.75120918466405,Benign
0.16055808917684025,61,128.37998164519743,1,1,48774.73891540716,Mirai
1.0249891265910733,6,258.2996154515096,1,0,1512.0137887349124,Spoofing
0.2745019804860508,35,155.72552164161647,1,0,19855.569886256413,Mirai
0.06273660212290158,72,151.2595165247208,1,0,173593.80044913726,Mirai
0.153392019658842,1379,459.24185724029707,1,0,4128601.491413146,DoS
1.5421400331635862,638,77.2743211733066,1,0,31969.221891887613,DDoS
2.351429531915711,6,147.56937007794107,0,0,376.54380386483336,Benign
0.17488941616475898,661,67.7210422974605,1,0,255953.79034515563,DDoS
12.6474454404096,11,156.94175846576985,0,0,136.49865905786888,Benign
3.273451951398814,9,204.13576195298558,0,0,561.249068217356,Benign
0.9968204209049133,1146,454.4677356032653,1,0,522481.295606426,DoS
0.03369635972304238,4920,70.11071254166833,1,0,10236853.729607081,DDoS
2.4890109000036027,25,252.75541603574598,1,0,2538.7134306581397,Benign
0.8739454453936661,36,127.85512278318713,0,0,5266.67247304141,Benign
3.7990829975424285,1431,534.672401624195,1,0,201394.97010704048,DoS
1.3273027385623415,24,183.14868126593117,0,0,3311.6546984174665,Benign
0.11056702114997718,19,133.8803279861326,1,0,23006.193033690543,Mirai
1.8696919341057323,3058,48.96844930400398,1,0,80091.01138004694,DDoS
0.5092693765557718,1448,80.76423417844073,1,0,229636.05603246985,DDoS
0.9001114559979085,4406,71.26035999229333,1,0,348815.85389662447,DDoS
0.05653748546122477,64,111.90496372561725,1,0,126675.56082506318,Mirai
6.361799149550667,47,277.9147478386224,0,0,2053.1916901742834,Benign
0.5167297727218988,265,419.4098357941126,1,0,215090.3864121968,DoS
0.0741357409293347,4497,63.05617850694499,1,0,3824924.8094252013,DDoS
4.552624803917357,23,118.23548649642237,0,0,597.3293004681085,Benign
0.014662866632713612,10,109.62767082953934,1,0,74765.51043910767,Mirai
0.19780202943400702,79,141.1568001297802,1,0,56376.505550329,Mirai
3.127077162598682,1046,433.4347260545012,0,0,144982.90252493924,DoS
0.10332479777468424,19,142.9541830209416,1,0,26287.295362734047,Mirai
0.12285872895852397,89,125.31158848430202,1,1,90776.87413539777,Mirai
3.5337282478233627,580,477.824798199259,0,0,78426.62579565267,DoS
0.01620456957817606,65,95.04226212286312,1,0,381234.8737917821,Mirai
1.6103780788131283,1467,308.3835618734055,0,0,280927.00169000693,DoS
1.5078458777062687,354,397.0475484804206,1,0,93215.6490528598,DoS
0.3318467198708343,373,584.3306674432955,1,0,656795.2187117735,DoS
0.03824110204647682,36,110.01265440325488,1,0,103565.41382368594,Mirai
0.2559608180908708,15,255.0869824772297,0,0,14948.790856731974,Benign
0.05118083687013317,51,105.89235637269877,1,0,105518.20769775518,Mirai
0.11597004300106079,59,110.53444955351547,1,0,56234.630555390584,Mirai
0.39838990022413967,4,194.1592476273912,0,0,1949.4394563532312,Benign
0.09546448510027969,76,122.17121318105916,1,0,97261.42860360217,Mirai
15.742648049644307,16,249.50415819968447,0,0,253.58291175703118,Benign
0.8577154832843483,44,244.74683001774034,0,0,12555.282877189826,Benign
6.404485264850565,1290,552.572551293906,1,0,111299.90337885037,DoS
2.2229504590029228,32,199.83799507861718,0,0,2876.7244076973566,Benign
0.22474873279972193,27,132.45959710628586,1,0,15912.922299129168,Mirai
0.11380418752486676,13,148.08047944672876,1,1,16915.425299151157,Mirai
0.7789162201955832,2048,71.58249034211963,1,0,188211.43586385966,DDoS
11.426628665450412,1,235.38391220136214,0,0,20.599594079141614,Benign
4.755788943830867,31,225.32671956929588,0,0,1468.7633091264843,Benign
4.278436143279871,1165,560.41965491497,1,0,152599.89307107715,DoS
0.9314892781628831,29,304.955522798255,0,0,9494.162056906634,Spoofing
0.4232957686406778,305,446.38267810993347,1,0,321634.9581304232,DoS
12.583671771306,3,149.61111048651793,0,0,35.66791470856773,Benign
1.6090943283635673,1203,425.8792864797917,1,0,318398.2272538532,DoS
0.18087311057581476,2272,86.20870606972889,1,0,1082892.750430832,DDoS
0.3234010021583016,66,131.0279443898008,1,0,26740.31395083253,Mirai
5.216521840308028,12,163.8295225838631,0,0,376.8707064188714,Benign
0.020595727796363945,65,122.29836874555883,1,0,385972.95745308616,Mirai
0.586584734940355,1531,56.16202775124713,1,0,146584.217701987,DDoS
1.685533361511022,22,275.16448155650704,1,1,3591.515144391029,Spoofing
1.30049717106099,15,207.35961874792596,0,0,2391.6963069449225,Benign
0.18308968782649657,1143,545.2874326794891,1,0,3404143.3078595153,DoS
1.0611537200065908,10,278.7029639674807,1,0,2626.4146156482366,Spoofing
5.975305497229614,46,240.80405220569693,0,0,1853.794154390564,Benign
0.022598364170695946,12,394.10752449371637,0,0,209275.7802379884,Spoofing
2.9106243401454472,1425,611.2046842103207,0,0,299237.0616113874,DoS
11.353076319098802,7,172.42421349485096,1,0,106.31210964675036,Benign
1.2385622922872432,7,165.2239642446777,0,0,933.798612241714,Benign
0.7767072213384029,1284,414.46530042607327,1,0,685166.0846284522,DoS
0.3763048430209025,40,189.2216028290525,0,0,20113.650550975435,Benign
0.311184925858762,3471,66.68166949821973,1,0,743776.6279635609,DDoS
6.957686318772779,42,190.22475744921783,0,0,1148.289739839314,Benign
8.23218162452207,553,579.1717858525285,1,0,38906.08980520915,DoS
0.5895084478648666,23,167.83767051534855,0,0,6548.280072719006,Benign
0.0955103025752688,28,131.22121212825803,1,0,38469.08491045459,Mirai
1.851333705951702,20,260.2174677239635,1,0,2811.1352036362928,Spoofing
0.08833485889182388,20,465.52768431160547,0,0,105400.67424156918,Spoofing
3.064184713119706,372,555.1680232255969,1,0,67398.84307746496,DoS
6.653305092724531,38,294.84443739360404,0,0,1683.9884034791612,Benign
0.03694203961097136,44,90.20251297511845,1,0,107436.15167708529,Mirai
1.5981639709252269,10,88.21740851309939,0,0,551.992224314928,Benign
3.11092453058773,20,153.36533732345646,0,0,985.9791570995262,Benign
2.2873268659157606,4,262.40814056341964,0,1,458.8904969790772,Benign
0.56659878480691,3841,59.868044157881705,1,0,405848.30708521354,DDoS
0.01809986503231381,10,140.10286559910725,1,0,77405.47531651791,Mirai
1.1214705570584442,624,461.73445905284467,1,0,256914.72739570096,DoS
0.4305538776593623,4300,50.57929571739505,1,0,505142.2896645451,DDoS
1.085768968136699,12,176.99070040877123,0,0,1956.114484050953,Benign
0.22218996048343473,18,292.1519546455681,0,0,23667.744357928754,Spoofing
2.042067129950788,3444,49.206922538166104,1,0,82988.77090564994,DDoS
0.33656850517646136,583,54.80572639203466,1,0,94933.83366279044,DDoS
0.7789041085548293,17,172.1917715289,0,0,3758.1777831709073,Benign
0.022035697195718754,90,130.97521466671392,1,0,534939.7033053469,Mirai
9.165724864969077,1376,567.8327395783627,1,0,85245.61463175267,DoS
1.1235561530633051,31,179.29515994964137,0,1,4946.926723052459,Benign
3.1199307586630494,13,214.74153446048473,0,0,894.776251118654,Benign
1.5120163525682546,722,480.4275020916117,1,0,229408.00601856288,DoS
1.8578958327149062,473,586.6021064984602,1,0,149342.49352845622,DoS
1.7739834292384202,34,273.7315563757561,0,0,5246.313332684959,Benign
0.6138842204834053,22,146.50927273114098,0,0,5250.507982672984,Spoofing
3.989031443010702,5,120.42509229863289,0,0,150.94527834523993,Benign
0.7877856453357645,3691,58.68399445683181,1,0,274951.2190563556,DDoS
0.18828733899922287,14,301.27141135583406,1,0,22400.867638790547,Spoofing
0.036773715129720316,1116,73.13760402157894,1,0,2219562.6903661955,DDoS
0.09926157699237691,1131,418.0702560183459,1,0,4763549.742848254,DoS
7.669210884627792,8,174.84640844072067,0,0,182.38789995062857,Benign
0.19885962968166554,31,82.97037880790657,1,0,12934.157360961055,Benign
0.19814232944401833,8,382.1007625160087,1,0,15427.324937106468,Spoofing
0.9064656936607406,2774,75.75450488837174,1,0,231826.75089631425,DDoS
0.0038654495321435948,66,164.41757638906367,1,1,2807321.6197600802,Mirai
0.8311471637415107,36,135.72921795977504,0,0,5878.925008365355,Benign
0.6223852937192378,16,148.34840746729014,0,0,3813.6738503133365,Benign
6.000524069845472,6,266.400075710855,0,0,266.37680903533027,Benign
1.9131309553461024,1100,416.478040933684,1,0,239463.92365188265,DoS
0.24498678006354774,30,195.38226369074994,1,0,23925.649821602936,Benign
0.2486787922553477,57,141.2563123280007,1,0,32377.549085201066,Mirai
0.49413936407783804,4930,64.93257166388038,1,0,647828.5309253456,DDoS
0.3927801264655888,28,201.40856631512455,1,0,14357.752535928152,Spoofing
1.678456729170805,32,159.8468141630778,0,0,3047.5006977066737,Benign
0.2042984885700248,71,92.136929950917,1,0,32020.413231167313,Mirai
0.0570857172315428,71,127.03360642531311,1,1,157997.24508346117,Mirai
0.019163067196438212,31,119.6336116011708,1,0,193530.70787778744,Mirai
0.12565062094390195,58,122.25740287540258,1,1,56433.699360221784,Mirai
0.04812193443612392,36,110.43906919068618,1,0,82619.42370878933,Mirai
3.9563417573594633,798,433.6587075738762,1,0,87469.60446483771,DoS
1.596292740228378,24,119.12551103792133,0,0,1791.032554906614,Benign
1.776809115549827,1,220.30357909800253,0,0,123.9883210694979,Benign
2.224468857631595,21,356.4627108163225,1,0,3365.1704771955583,Spoofing
5.432974530982559,646,499.2759601405853,1,0,59365.68787715038,DoS
0.04142519864638664,12,146.38522183362585,1,0,42404.68891889631,Mirai
0.09731644283429072,3957,71.45856518098577,1,0,2905588.5540601155,DDoS
1.4537110111246545,31,162.07680385345674,0,0,3456.2446600511594,Benign
0.12144269342152078,19,151.02921308924226,1,0,23628.881803004304,Benign
1.1561043664860122,239,541.9550441913913,1,0,112037.68389478674,DoS
0.8044472907046116,3738,47.96883744069796,1,0,222895.29273729588,DDoS
0.2426998259033129,14,194.0791606521262,0,0,11195.344862802713,Benign
0.19622516493468564,2877,74.62782335208213,1,0,1094172.8491114047,DDoS
0.04856644153528288,41,243.23364854624845,0,0,205338.8981185957,Benign
0.16979413148896158,1168,66.88768233744791,1,0,460114.9184900899,DDoS
3.40132246659162,34,208.55507009663387,1,0,2084.739818977275,Benign
0.06936763354926494,23,84.38906355017016,1,1,27980.60655010598,Mirai
6.682738296830015,34,235.16091274283718,0,0,1196.4363526025177,Benign
0.1965594611482251,3077,67.243659742438,1,0,1052652.158378946,DDoS
1.250454448143442,32,207.66470009405128,0,0,5314.284269111856,Benign
15.730007944359873,20,172.91372604764055,0,0,219.85205177170968,Benign
4.391261546517487,28,123.32496945940117,0,0,786.3569747062165,Benign
0.7540099189156856,523,58.06409640609435,1,0,40274.69885815001,DDoS
0.6868582922707306,1069,319.1527816591814,1,0,496717.1939727975,DoS
20.377169383603345,35,222.28664105519752,0,0,381.80143132108327,Benign
0.07983700242793458,1235,383.8197274302926,1,0,5937314.13957189,DoS
0.029613464602830975,91,127.58901329725408,1,0,392071.6594889804,Mirai
0.029064431324920773,37,94.56055056414897,1,0,120378.76577593933,Mirai
1.5014163921594135,38,176.36538611382142,0,0,4463.708207345613,Benign
1.3722988678471972,2752,60.65979665762395,1,0,121646.7959808658,DDoS
0.8195578428905628,18,161.19122175510566,0,0,3540.252853122092,Benign
0.42084059395226975,28,204.3117437648598,0,0,13593.576540919195,Benign
0.3083016967629214,25,245.25747708594338,0,1,19887.781973070203,Spoofing
1.537584074111141,2,273.3687994163839,0,0,355.58224622535215,Benign
1.356153518520694,2528,56.03387430372021,1,0,104452.50652324517,DDoS
5.039624350338992,527,625.215903696611,1,0,65379.63116753947,DoS
0.3467256950200195,1005,487.70310533656306,1,0,1413629.3557215184,DoS
0.1373799999552212,1456,67.8746679276342,1,0,719358.8334171453,DDoS
19.560218928053107,22,309.25134643222145,0,0,347.82481967782604,Benign
3.6760978742189865,9,221.21247764875054,0,0,541.5830500056363,Benign
0.0038101888195677443,3062,63.02778441261917,1,0,50651315.46245369,DDoS
11.050598913989461,7,192.53028931987876,0,0,121.95827897916202,Benign
2.389825187777554,33,124.05077082222927,0,0,1712.9602023069008,Benign
1.7242524289570689,46,127.38782270208455,0,0,3398.481420635302,Benign
0.19075271270684863,38,175.9116969378773,0,0,35043.50941479082,Benign
0.5851591784326979,6,201.19731912246306,0,0,2063.0009051009397,Benign
1.4615916246875658,5,269.34799451366405,0,1,921.4201489805359,Benign
0.03495817775455067,4707,79.21014941342398,1,0,10665377.809644327,DDoS
0.9621186447954619,781,450.06287956808455,1,0,365338.63140901894,DoS
0.003113932546529934,60,120.799164523351,1,1,2327587.3073994303,Mirai
0.8226436537085267,20,246.68810376249596,0,1,5997.447440344583,Benign
7.974814795632097,25,267.23425866153076,0,0,837.7444038195665,Benign
2.1848171360607975,25,232.56654759976018,1,0,2661.1671951991743,Benign
3.4351532135874496,231,486.5186474305601,1,0,32716.388634989293,DoS
0.15373808061278388,397,493.40563916670436,1,0,1274128.2964403897,DoS
4.724086011002727,28,244.8668372852469,0,0,1451.3434827431543,Benign
1.027596092307682,29,322.6793845096548,1,0,9106.401066361894,Spoofing
4.067493857393996,10,197.10488743060762,0,0,484.5855810508607,Benign
1.5090726096270692,1570,52.398621852306235,1,0,54514.16703431573,DDoS
2.3432135486253327,722,620.8432143045454,1,0,191296.6067436965,DoS
0.03393322593773005,71,107.30699553311783,1,1,224523.2061588372,Mirai
2.0739157386530076,1174,517.9196948227342,1,0,293183.42611007224,DoS
0.1089793782596342,39,108.3640535118797,1,1,38779.79627388538,Mirai
0.23781088302465186,8,226.89790069200967,0,0,7632.885351794066,Benign
0.06290878571512344,93,163.70561459543322,1,1,242011.06386504692,Mirai
2.0846722537590496,23,205.82594005868955,0,0,2270.8589385279092,Benign
0.23656058317395973,61,127.0769627551568,1,0,32768.32777489475,Mirai
1.0978875925890574,2601,54.99963188006429,1,0,130299.35258007125,DDoS
0.1055301700657818,33,141.3965029085247,0,0,44215.64556441755,Mirai
0.059164916315220493,2260,62.77485760155194,1,0,2397893.667653347,DDoS
4.490663559275628,769,401.36139287034115,1,0,68730.80270726829,DoS
0.07141671196868607,2189,70.87763848561768,1,0,2172476.810652469,DDoS
4.367959883516177,858,599.5302900529223,1,0,117765.95998663829,DoS
13.073916486489752,12,127.13503562080842,0,0,116.69192082007238,Benign
1.4564954278813924,25,302.0173299453245,0,0,5183.97318940844,Benign
4.689764920909696,15,136.86785574797236,0,0,437.765617433411,Benign
3.868535459124363,21,231.87281999650733,0,0,1258.7009402852468,Benign
0.2855237356970875,82,161.32170085976614,1,1,46330.22693614106,Mirai
1.4349687905108635,12,232.60378515650802,0,0,1945.1610657569665,Benign
0.5972220319112239,10,327.83536935988974,0,0,5489.338166422867,Spoofing
2.407500812662845,41,235.8864982346244,0,0,4017.1726533801216,Benign
0.23428594984265247,37,209.51616636322842,0,0,33088.19056646716,Benign
0.042869966964369434,84,133.55123065819964,1,1,261682.10917010155,Mirai
0.5130972472373486,827,484.61912221189647,1,0,781099.5210501403,DoS
0.2063286455329691,4719,67.1882704357953,1,0,1536681.6729083555,DDoS
0.3443254688694922,3155,54.3993165518293,1,0,498452.36335414194,DDoS
6.063684292227146,204,526.1834612105118,0,0,17702.344138289347,DoS
2.228598374315996,17,186.619206739645,0,1,1423.5523776452906,Benign
0.2774944514316762,7,198.13498398353914,1,0,4998.099532185648,Spoofing
0.03887765066107954,21,379.47238234743526,0,0,204974.3205618604,Spoofing
2.4503167103056747,491,449.45138638150416,1,0,90062.08453999762,DoS
6.629709404922642,10,256.0495159869902,1,0,386.2152929310449,Benign
0.3723738448578691,762,564.76886982598,1,0,1155703.830304349,DoS
0.23503906199143082,28,126.61380993357972,0,0,15083.393577657676,Benign
5.905761144936317,7,117.27353234729925,0,0,139.00235825401754,Benign
0.10228604436928354,19,251.67184454436557,0,0,46748.94875276757,Benign
0.4622795113989256,3373,49.6260676988924,1,0,362094.1924114725,DDoS
0.3119296207876535,62,118.2007946204026,1,1,23493.919070461772,Mirai
0.633910901086573,1325,603.7601805680752,1,0,1261978.9908668036,DoS
0.4764105491111305,1426,513.4809260122221,1,0,1536959.6703086975,DoS
1.1910268215238398,1514,74.01030958025574,1,0,94079.83655745434,DDoS
0.997200035024197,37,232.8211509038889,0,0,8638.570277662358,Benign
6.658924202262243,32,246.70456773218996,0,0,1185.5587971324342,Benign
0.39399826973880725,14,364.04096319198834,1,0,12935.522503858967,Spoofing
6.045258016626963,20,139.5066997935938,0,0,461.5409281453086,Benign
0.21423240499590046,32,112.35641092094733,1,0,16782.732516768956,Mirai
0.4953513624211135,4239,59.39433970240442,1,0,508270.74496759474,DDoS
0.18771720317520124,4689,36.005511725635145,1,0,899383.9756068068,DDoS
0.5552414824358983,1082,509.13677591066516,0,0,992155.6817378799,DoS
0.7964960596234144,3950,62.094748103799624,1,0,307941.57993195206,DDoS
0.001,30,133.8274891247717,1,0,4014824.67374315,Mirai
1.0131970172013933,5,171.70583345735167,1,1,847.3467180728073,Spoofing
0.23078185053279204,2027,72.20085748358913,1,0,634153.5860873079,DDoS
6.579590037053552,24,160.96558614462714,0,0,587.145102615093,Benign
0.008083187257581824,2416,76.44102516156723,1,0,22847610.837806564,DDoS
0.5405336005192601,21,301.5493861989851,1,0,11715.344067594273,Spoofing
4.37969882774228,38,229.13652791637816,0,0,1988.0791815337893,Benign
3.897572341085035,1190,593.930646362802,1,0,181337.87068464686,DoS
0.39566964064618604,360,469.1533349669382,1,0,426859.1350912527,DoS
2.8235929782141374,737,471.3579405017442,1,0,123031.4726060492,DoS
12.333835037425116,2,196.4481579393609,1,0,31.85516221731024,Benign
1.8319214384438778,1109,507.0556185878818,1,0,306958.9498835859,DoS
0.8059638125723528,15,211.36059799118777,1,0,3933.6865010712913,Spoofing
0.08873228600144818,15,137.72096611806623,0,1,23281.42984772507,Benign
1.6531922099142333,36,195.4233716619931,0,0,4255.549558993346,Benign
1.207074174103392,26,181.7061122951762,1,1,3913.892800484949,Spoofing
1.363565880313522,18,88.51616796350095,0,0,1168.473812924004,Benign
0.01644892699835806,24,154.29480529642623,1,0,225125.64664454237,Mirai
0.25746299127865063,3598,73.60163896805606,1,0,1028569.9536538594,DDoS
2.5981276528689072,15,140.7073835380565,0,0,812.3583730538669,Benign
0.07368791053713841,82,144.64184036747892,1,0,160957.6228132505,Mirai
0.3852339086897959,756,48.03348339749232,1,0,94263.02469584777,DDoS
0.8197665471113427,1231,71.40300328761526,1,0,107222.1077534602,DDoS
3.8169073100189026,10,254.5236084528497,0,0,666.8320390824193,Benign
0.25114249485252044,701,74.44980495133194,1,0,207807.57673658957,DDoS
1.9789109249078307,28,255.76252466408903,0,0,3618.83427922762,Benign
7.6830611864845935,15,185.30023956982157,0,0,361.77033165332546,Benign
1.031793612171167,14,362.88138326513666,0,1,4923.794163661794,Spoofing
0.929383903788824,44,142.541019889161,0,0,6748.346780651984,Benign
1.3136061191648551,1494,409.570481334841,1,0,465815.65827607136,DoS
4.1901625148480335,30,239.53088594199886,0,0,1714.9517596981752,Benign
0.0016512490345646042,64,123.15423803643223,1,0,4773278.330127792,Mirai
2.329450078238703,38,170.51203796664322,0,0,2781.5395158120577,Benign
0.48168100867387054,20,245.916671671753,1,0,10210.768838439077,Spoofing
0.03877763439352214,2202,68.59287097687361,0,0,3895067.4597186726,DDoS
1.8604240470109532,25,192.59107332508853,0,0,2587.9996772041654,Benign
1.7557165768833278,39,155.66674826578128,0,0,3457.8492122814337,Benign
8.067896793026028,46,239.55043548866092,0,0,1365.8231277826478,Benign
0.40245227127002176,617,64.83510549900971,1,0,99398.76837233493,DDoS
4.906924660102636,31,310.4048147764415,0,0,1961.0142654744607,Benign
0.027569031865102667,74,113.42320082491781,1,0,304447.2835358545,Mirai
0.7735200505050301,570,68.77004527015045,1,0,50676.03067094748,DDoS
4.027960391343098,14,195.19549120012985,0,1,678.4418443326857,Benign
2.773827696284092,684,615.5491044877436,0,0,151788.65941588563,DoS
1.7250598953739928,729,550.3667538782195,1,0,232581.70029524574,DoS
8.403281352245802,22,124.40959712354024,0,1,325.7074257053658,Benign
2.2956587168127434,32,177.761688367194,1,0,2477.883139201047,Benign
3.376976624004456,41,149.39032905174128,0,0,1813.7535947341844,Benign
4.9889604352267805,918,506.2295231242726,1,0,93149.40622634097,DoS
2.041901386164456,722,546.446746972356,1,0,193219.1995104826,DoS
0.7202156064721628,4691,75.50136803679617,1,0,491765.1246068911,DDoS
0.059992288946195495,10,129.0468624930298,1,1,21510.574902178912,Mirai
0.03549909837550593,41,145.88193351907412,1,1,168487.63906660196,Mirai
0.08961314716224163,2778,59.24717184287698,1,0,1836657.3275406784,DDoS
0.018025967683996804,55,111.39710738089765,1,0,339889.70874438505,Mirai
3.9147750607161367,10,225.70728118452536,0,0,576.552362993843,Benign
2.8653432100028575,6,132.36497170068898,0,0,277.1709257835615,Benign
15.162769919159159,36,159.86391418875417,0,0,379.55472129951676,Benign
0.9939106752455567,19,297.1288589415316,0,0,5680.035903120096,Benign
0.029750972455938697,1898,73.44216376285198,0,0,4685333.4635812305,DDoS
0.2422374684962062,29,391.3746462831664,1,1,46854.2905962113,Spoofing
1.123124127838683,39,195.947833516924,0,0,6804.203843315233,Benign
1.4867343239690487,16,249.69156301657029,0,0,2687.141168302169,Benign
0.025267949298792215,4263,72.18118717155073,1,0,12177814.561588857,DDoS
0.16288552758989536,23,242.61700862354732,0,0,34258.36095390317,Spoofing
3.3843418127974805,17,179.02896157079445,0,0,899.2863354389636,Benign
0.22413025008481902,4530,71.36143448032814,1,0,1442318.9108723628,DDoS
7.77640870813324,1,189.0940269674592,0,0,24.316369427662455,Benign
1.7121580449242255,22,169.48588442610708,0,0,2177.7717707943107,Benign
3.7544783431259297,16,253.75010695163218,0,1,1081.3757172576497,Spoofing
2.8306769685565514,19,259.460478501438,0,1,1741.5442123165158,Spoofing
10.2535840274155,42,225.9385957171616,0,0,925.4735704850585,Benign
0.030785656985358786,7,226.59799347456251,0,1,51523.537570638975,Spoofing
2.061856703509156,1191,357.41123246933813,1,0,206453.13379271483,DoS
0.06316211867756458,85,160.0139131441043,1,0,215337.6565260794,Mirai
3.5348823330762973,3778,77.66163752035071,1,0,83002.95141551238,DDoS
1.569043500080802,4501,64.55479357483016,1,0,185183.60126111694,DDoS
0.8847577691213789,1694,62.077456077855665,1,0,118856.49865535209,DDoS
3.65287081848617,1106,423.93085520146826,1,0,128355.90119421002,DoS
3.3806023522363744,34,149.12480170564754,0,0,1499.8046885454871,Benign
1.0875684336908882,24,210.46365821504213,0,0,4644.4229537068895,Benign
0.41580515851095684,14,193.9340606595251,0,0,6529.685343386154,Benign
1.8758988843589837,1189,355.1372407510399,0,0,225096.44990661475,DoS
4.656389566163617,40,231.34063136223926,0,0,1987.2961922542918,Benign
0.7828168193871022,1198,417.03261252342975,1,0,638214.5317141104,DoS
0.5246450416092523,20,267.0543117116739,0,1,10180.380658608108,Spoofing
12.705169630975696,29,249.66446075447564,0,0,569.8679806862033,Benign
0.09782130118064637,297,263.2542286962478,1,0,799278.9400582472,DoS
1.1544388982686715,1632,65.0693893988842,1,0,91986.88961212111,DDoS
0.1960286222156176,14,138.9237272343491,1,1,9921.67449476638,Mirai
2.803731337035412,23,168.88744744011376,1,0,1385.4434766313543,Benign
4.795386166428604,702,477.44402553055767,1,0,69893.37131363258,DoS
0.20776141124728578,68,152.31768376267192,1,1,49853.35069530148,Mirai
0.9467523557454638,15,458.3507577131441,1,0,7261.94270758761,Spoofing
4.5925407242999725,820,471.0055933633321,1,0,84098.23880588525,DoS
0.3250613809717375,1249,44.19660805247876,1,0,169818.89171985484,DDoS
0.7805852085592957,1300,417.5369450811102,1,0,695373.1926425693,DoS
0.14258463199766058,59,103.8232450873763,1,0,42960.95150181196,Mirai
1.7623992272894495,3554,58.62229849824561,1,0,118215.92158956807,DDoS
0.5487134221483047,46,152.86985189932483,0,0,12815.456855123823,Benign
0.6900357070879264,18,174.5551392438201,1,0,4553.3766935750755,Spoofing
1.8992173006674207,362,504.5811934901269,1,0,96175.61507007983,DoS
0.15645940928325672,273,615.5911725944231,1,0,1074121.3384873865,DoS
4.5747291306604945,39,189.10245468782307,0,0,1612.116372835457,Benign
1.5564005139731703,786,476.6092014555106,1,0,240693.07930753424,DoS
5.269999707406341,46,230.63131886685562,0,0,2013.100807760131,Benign
2.2900442397960825,644,491.71130161251347,0,0,138277.7121662313,DoS
7.074128778524668,12,190.27076684801662,0,0,322.76048028805866,Benign
1.475757668882965,504,503.38705494352445,1,0,171916.48808003354,DoS
0.7495927685253427,28,302.4351649915824,0,0,11297.046843746342,Spoofing
0.15919492189561546,15,147.50252110346867,0,0,13898.2939292674,Benign
0.02941535052780433,15,340.32402701882097,0,0,173544.09564003113,Spoofing
0.5577558921794595,636,71.67475917814184,1,0,81729.56570511866,DDoS
0.23673092024435843,57,138.9505306087124,1,0,33456.46709995144,Mirai
0.16419367931489304,49,142.51180350964643,1,0,42529.5200223903,Mirai
1.4828229164864581,4653,65.5709865064383,1,0,205757.40826652094,DDoS
10.20286745081181,576,506.86807096505385,1,0,28615.093774705558,DoS
0.12333491577935979,40,119.24355351139351,1,0,38673.08872200131,Mirai
0.28229405544574976,4402,46.51965462863994,1,0,725412.0861734787,DDoS
8.387277753100967,27,203.69430046311422,0,0,655.7248101710596,Benign
1.6731776685488355,406,441.3897478276628,0,0,107104.12945772627,DoS
0.07360592180081439,93,119.78095863970951,1,0,151341.4801547901,Mirai
0.27871913289719513,52,135.41981847591865,1,0,25264.970106466037,Mirai
0.07752647903206167,78,146.46341669154364,1,1,147357.99490153373,Mirai
0.20876980684158963,4642,51.05719338035881,1,0,1135257.51284266,DDoS
0.001,31,152.00162377874688,1,0,4712050.337141153,Mirai
4.828195565052302,28,123.207524266964,0,0,714.51345186711,Benign
0.44094673875512025,3232,77.73042329384802,0,0,569739.3948189159,DDoS
2.2549394984016087,29,145.6854171501036,0,0,1873.6099573171548,Benign
15.263195646715976,24,167.98058851413765,0,0,264.13434104192504,Benign
7.258444577946133,11,201.08048479366192,0,0,304.7326887982056,Benign
0.8888095886547518,34,173.07486738886683,1,0,6620.704328953025,Benign
0.6221404097515307,315,663.1440401798264,1,0,335760.8176264769,DoS
2.0928947872746835,35,154.9367887210059,0,0,2591.0464483007427,Benign
0.3019134946101475,2526,59.03883221818476,1,0,493956.3578491409,DDoS
4.899289407238413,37,182.60052252022084,0,0,1379.0202561347473,Benign
10.212801603483058,32,87.37332426081754,0,1,273.7687938041026,Benign
4.929970585677545,7,218.54523581329266,0,0,310.30948848608597,Benign
9.637642133095595,35,232.6322571395284,0,0,844.8258285004671,Benign
4.853645426893012,229,571.7112531628068,1,0,26973.926906335724,DoS
0.505730074206408,1161,669.0235536179312,1,0,1535871.3775708776,DoS
1.5271491856494788,1245,629.7779973656484,0,0,513423.05917988945,DoS
0.031353748567965814,3641,81.60403013952633,1,0,9476387.587083725,DDoS
13.850125106631584,27,198.94075143196528,0,0,387.82323244800006,Benign
0.19762150085340088,93,154.16596333424252,1,1,72549.97319709821,Mirai
0.9510015592870283,3112,69.83346949741521,0,0,228518.8230804622,DDoS
0.036521953988645,2326,60.72862953361727,1,0,3867667.987838524,DDoS
0.16451990572254158,49,124.74670715481476,0,0,37154.09769863739,Benign
6.0782892212784665,15,149.6018882543181,0,0,369.1874871565881,Benign
4.470493877518354,33,247.6008272664654,0,0,1827.723630465885,Benign
2.399407801166453,41,193.87735932311273,0,0,3312.8890088559738,Benign
0.2771201178403191,3220,64.10577530822249,1,0,744877.7017748641,DDoS
0.555540631853874,3737,68.23521639746795,1,0,459003.33667116903,DDoS
2.458946084697915,1195,658.3238608058682,1,0,319932.59980714845,DoS
0.021087647264180897,79,105.24727060267148,1,0,394284.59104273655,Mirai
0.1922527383221575,14,102.66922342110057,1,0,7476.45594252505,Mirai
0.8276455312117642,788,616.729071738378,1,0,587186.772842608,DoS
1.7881047426675356,22,441.51702869005953,1,1,5432.217922922499,Spoofing
2.3929553499747076,22,217.45345992130336,0,0,1999.1915512837456,Benign
0.44295743478381033,19,157.69311776848866,0,0,6764.011623517718,Benign
13.318270740779358,28,151.03843399217834,0,0,317.5394339170429,Benign
0.17664108232838607,936,449.24432723796394,1,0,2380492.039292501,DoS
0.05746155510182132,53,129.25630680711268,1,1,119220.30736268454,Mirai
4.125557640643663,11,219.0532619851176,0,0,584.0630750368946,Benign
1.7217919922009262,7,329.21042498591686,1,1,1338.41543307195,Spoofing
3.0598091820123186,9,207.4114943594517,0,0,610.071850299961,Benign
1.1018675348003129,8,344.2919731217669,0,0,2499.69773859731,Spoofing
16.154710598548576,3,195.41609908412065,0,0,36.28961928324693,Benign
8.07763677363069,40,227.57132853668452,0,0,1126.9203353118692,Benign
0.20323334388077022,3637,59.80246718398661,1,0,1070206.1433175046,DDoS
4.774837510544472,30,164.41667301952953,0,0,1033.0194859392054,Benign
6.556528560193669,14,87.10816057289763,0,0,185.9999902119765,Benign
1.44490000852062,30,195.12820619993883,0,0,4051.3849757615426,Benign
0.03224603808024234,65,112.00597195386001,0,0,225776.20726255083,Mirai
0.7774079068024907,3430,71.23644823407945,1,0,314302.2026208567,DDoS
1.9620756704030426,36,256.8674883973793,0,0,4712.983154419382,Benign
0.9381494876741413,567,520.5123975859822,0,0,314587.9556603916,DoS
6.078276796916282,1217,563.7898316259925,1,0,112882.68830352236,DoS
15.916820478356646,40,243.5030108453742,0,0,611.9388257886917,Benign
0.07845071375041648,4982,57.67548606049134,1,0,3662672.496103866,DDoS
3.523725306974206,31,134.7000047132385,0,0,1185.024308746709,Benign
6.2735756183427664,27,248.89676041435484,0,0,1071.1933576665483,Benign
0.6975007895675859,417,451.04051175512274,1,0,269654.0222104815,DoS
0.20187589788540491,18,200.56431115801593,1,0,17883.05408748496,Benign
0.15792565665730848,3726,64.31748757623792,1,0,1517466.913112703,DDoS
6.592607345407917,654,443.7906189851814,1,0,44024.92816722579,DoS
7.171562829632134,38,282.97097494291046,1,0,1499.379884590953,Benign
0.3095107800681684,3881,54.34605715084602,1,0,681452.9941605906,DDoS
2.0057299767341075,24,169.1345488471414,0,0,2023.8163757919997,Benign
0.3465984054037983,9,276.47014556990644,0,0,7179.003917315454,Spoofing
0.05153621509641934,978,53.121624522863804,1,0,1008086.229967835,DDoS
0.02346877459970189,27,91.20724254875394,1,0,104930.7256480122,Mirai
0.36129022514331754,2824,51.35111155897292,1,0,401382.4038140373,DDoS
2.9887648921629735,1,169.63384772645423,0,0,56.757173563990165,Benign
2.3724117334545487,1482,542.767677100993,1,0,339056.5331138302,DoS
2.0591085259283664,7,279.6857351991267,1,1,950.7998834161481,Spoofing
1.8145620464474577,213,492.1390198246743,1,0,57769.09719228547,DoS
0.008047306532564425,71,130.44653372329714,1,0,1150907.307541407,Mirai
0.09460746670005704,26,156.5572476417059,1,1,43025.02308395389,Mirai
5.4449594716697405,22,269.2315229088272,1,0,1087.8122297901757,Benign
3.834363428671845,46,175.98991373274816,0,0,2111.3116120321865,Benign
1.8632622961560896,1098,471.14959565779895,1,0,277643.28033658984,DoS
0.05083077550504058,2330,68.16350826407925,1,0,3124504.253128213,DDoS
0.13195341136043712,62,139.97190182888784,1,0,65767.59042391079,Mirai
1.3927976652149865,15,359.0852831361649,1,1,3867.237418301581,Spoofing
5.082482343686433,39,104.8428397013161,0,0,804.5026960950704,Benign
9.701994030699039,47,227.02120012652145,0,0,1099.773548837952,Benign
0.008363007754145448,57,161.55931673937394,1,0,1101144.6270128803,Mirai
2.3873895883366116,12,205.36429330482895,0,0,1032.245232071642,Benign
0.06670494108878786,36,124.57705421130261,0,0,67233.00970519439,Mirai
0.4776056534833492,805,35.667100742512886,1,0,60116.57502024076,DDoS
4.294172997411971,1164,334.6635097604874,1,0,90715.56399706806,DoS
8.444329439526543,13,220.4718777160819,0,0,339.41527635020395,Benign
1.132958577400567,1057,562.9179857874555,1,0,525177.4626593181,DoS
0.7506347149203194,1018,47.70906711369347,1,0,64702.35036611046,DDoS
0.41897003759354123,1541,72.47336325354243,1,0,266561.90837697877,DDoS
2.431681996029456,43,211.55535842567295,0,0,3740.982754800041,Benign
4.019322865903156,333,477.1380206491202,1,0,39530.77823730754,DoS
0.06751601101673518,32,169.8153632018384,1,1,80485.9697814772,Mirai
1.1197423943899674,6,164.20464472378941,0,0,879.87011412521,Benign
6.365749884246164,21,227.70263504210664,0,0,751.1692138137623,Benign
1.48326795868137,12,114.53703346513406,0,0,926.6325706944376,Benign
1.3596414514057573,209,623.0477285018295,1,0,95773.02539743013,DoS
2.5507683323841417,1004,322.52413493509755,1,0,126947.72291303168,DoS
1.0663028770868717,4952,41.36197120287041,1,0,192088.46360444286,DDoS
8.182958052958714,17,99.97119608185669,0,0,207.6889949077854,Benign
0.22962122307227095,29,192.40652306025368,1,0,24299.971466449224,Benign
0.12260533937575865,1455,75.1356007088017,1,0,891660.180444976,DDoS
0.9027082422937709,3205,59.47077546055112,1,0,211146.6655790627,DDoS
0.4449952039878546,20,278.7051014151708,0,0,12526.206975604959,Spoofing
0.27204756827681087,25,166.9457435423122,0,0,15341.59490928103,Benign
2.955997042790304,475,444.0240240277464,1,0,71350.34587656095,DoS
0.20253860139547847,3521,69.37844598007672,1,0,1206098.5244924454,DDoS
0.34184049765531044,2790,66.71940590940541,1,0,544543.8552893159,DDoS
2.0356803660917855,287,494.8081641223939,1,0,69760.43266348627,DoS
1.8081262667004159,670,687.8302393604953,1,0,254875.04321947243,DoS
0.6898684301303686,29,259.2052195668,0,0,10896.210116495224,Spoofing
0.5851099652254788,26,228.82749307263316,0,0,10168.19943853759,Benign
4.053632501311732,44,316.73897601456144,1,0,3438.031183174826,Benign
1.010820530855913,1412,630.8946133096206,1,0,881287.1986670858,DoS
0.03386186457492526,639,50.55144624333295,0,0,953945.5241165217,DDoS
2.3196544219027815,38,178.9507065993412,0,0,2931.5258284020224,Benign
2.6058279279155667,19,204.50207919334792,0,1,1491.0959634167789,Benign
3.3336665173390445,17,231.7563546875384,0,0,1181.8392779230282,Benign
0.0113525604425197,25,134.20656951923493,1,0,295542.512631291,Mirai
2.717920674107344,24,153.8511550812953,0,0,1358.548745416863,Benign
14.652696017651852,32,204.69532408302248,1,0,447.03379929302736,Benign
5.1420363906194035,48,157.62748414996503,1,0,1471.4246777796366,Benign
20.529168071131238,6,273.24399573118984,0,0,79.86022466699977,Benign
3.2219446749130434,45,144.00265690867883,0,0,2011.2448271835824,Benign
0.4460024397957561,2896,64.67168996234376,1,0,419928.6762124337,DDoS
4.472095895898754,1,200.13875249160117,0,1,44.75278642283663,Benign
0.04394873388353043,25,149.57103492639382,1,1,85082.67571642423,Mirai
13.412460192699696,18,61.35806284517659,0,0,82.34470897548835,Benign
1.3619044572747185,516,84.70253084867196,1,0,32092.19683837073,DDoS
0.25349956468082646,66,159.71358346201518,1,0,41582.30615411499,Mirai
0.37930789681779936,1008,595.5938060178311,1,0,1582773.682021063,DoS
1.1628325517713431,2064,64.84010190924351,1,0,115089.63189654038,DDoS
14.16990717791471,5,160.53767025569016,0,0,56.64739657077817,Benign
0.7467895092662433,14,302.5754732042791,0,0,5672.3568988295465,Benign
0.40956612985866997,1041,630.6617069295048,1,0,1602961.7418319264,DoS
1.3148564402727154,25,303.6312755733939,1,0,5773.087963702286,Spoofing
2.0097151471155263,901,506.3811728883774,0,0,227021.94260080432,DoS
1.128873067364925,1994,66.3373083464945,1,0,117175.7894372279,DDoS
0.5656893217856986,1283,510.031029957813,1,0,1156765.3590671285,DoS
0.4128573903944012,4510,63.79758525311511,1,0,696916.4563499383,DDoS
0.3634429573791744,49,155.80848635855676,0,0,21006.366134106167,Benign
0.26521731218590067,4946,78.84434038440229,0,0,1470356.909687379,DDoS
0.28992378836749094,25,245.89282273891638,0,1,21203.229314460095,Spoofing
16.117988528347716,17,237.83628701388056,1,0,250.85120715434877,Benign
0.32658724013648,1439,543.0554329638242,1,0,2392796.3863755795,DoS
11.453830715161967,9,201.34558620706807,0,0,158.20997541589628,Benign
0.7746446936413067,961,65.62211504742483,1,0,81408.74529733244,DDoS
6.507971957273554,1,200.44367294262062,0,0,30.799713683246168,Benign
0.6588325782601896,3960,81.57274217072144,1,0,490303.71243797994,DDoS
0.10564704659785842,16,155.64866681810867,1,1,23572.629328383147,Mirai
1.3024033746826364,9,132.7826997584724,0,0,917.5684899599208,Benign
0.060058485525861266,215,548.0366524120776,0,0,1961885.6392550864,DoS
0.01853853255112877,81,137.66053318115044,1,0,601477.1210677221,Mirai
0.018907925562797356,16,274.6628535088433,1,0,232421.3537622647,Spoofing
5.006239703566665,25,283.6922129884018,0,0,1416.6931159243484,Benign
2.3015686286615047,17,257.22793756931105,0,0,1899.9541809106806,Benign
4.6937833479459385,18,218.803814700399,0,0,839.0819031582929,Benign
2.9778351650851524,10,67.05568442261875,1,0,225.1826602386881,Spoofing
1.0053625691023818,9,184.42869975452686,0,0,1651.0046711533269,Spoofing
0.46667749073808756,1468,57.29766637786563,1,0,180237.9071458437,DDoS
0.0016440306061075508,67,170.24786656628854,1,1,6938196.294865768,Mirai
0.11475789558057414,792,42.681932157478464,1,0,294568.7536156353,DDoS
6.354435547303959,243,531.135238301405,1,0,20311.145175121193,DoS
10.484354858523098,27,148.13369008493288,0,0,381.48361880767186,Benign
0.02138355948330964,34,112.30866014794954,1,1,178571.50714364028,Mirai
0.4227533957601991,18,213.27059260613004,0,0,9080.638276145004,Benign
0.016452522859583207,98,123.2726135359461,1,0,734277.4253910844,Mirai
0.12421153413511204,40,145.07242838361083,1,0,46717.86058959941,Mirai
4.089706816681599,1138,533.5691878493727,1,0,148470.7249174579,DoS
3.5362608543650036,11,161.73785186819688,0,1,503.10665525539594,Benign
14.989437239988657,39,136.49585330145698,0,0,355.139301998295,Benign
0.6575016378598153,16,226.22587172970879,0,0,5505.102556789481,Benign
4.588918023014798,39,186.29918430904516,1,0,1583.3074706528337,Benign
3.12346823148822,40,184.2360906273928,0,0,2359.3784469465973,Benign
0.5401539816690639,12,318.5215017637169,0,0,7076.237796774004,Spoofing
0.4611093514728795,2464,70.34080936752976,1,0,375875.60028434434,DDoS
1.7057639975486123,4,220.36985888221852,0,0,516.765177829797,Benign
10.628930388730762,8,241.6694744980706,0,0,181.89561181380864,Benign
0.9118655791582855,1330,66.26592126177998,1,0,96652.0475084944,DDoS
1.444062610249911,488,723.542743475696,1,0,244510.7686536069,DoS
0.4568553269746259,973,72.093109039313,1,0,153542.25058460914,DDoS
1.0732152245731967,27,449.2276533168997,1,1,11301.690808924082,Spoofing
0.49626547765555484,3412,64.81309572357051,1,0,445612.86763999285,DDoS
1.1042033046482755,18,223.77782751964264,1,1,3647.8797685147447,Spoofing
0.19389396857692287,87,146.58738070998604,1,0,65773.58860293425,Mirai
2.0045301761529872,9,270.7736621594706,0,0,1215.7277492884418,Benign
1.3472775021118575,23,185.0899118258444,0,0,3159.755852318077,Spoofing
0.9355264355547259,19,231.9054782751153,0,0,4709.865931917259,Benign
0.02991210639844907,46,127.78505326629934,1,0,196512.82233184847,Mirai
1.0235029310464874,21,267.3643378100991,0,0,5485.720581446058,Benign
0.041447446504869534,34,132.8830892285575,1,0,109006.11291554826,Mirai
0.0560493516072343,92,112.34266979405018,1,0,184400.44933041846,Mirai
0.027759693385639547,25,108.79106092032237,1,0,97975.74077007044,Mirai
0.04977911872722415,95,125.16455731011729,1,0,238867.8877506557,Mirai
12.477275342056174,11,191.87564912142057,0,1,169.15809601648235,Benign
14.3611495667664,6,198.7739441296643,0,0,83.04653184156797,Benign
0.07541172550733714,1504,53.3679668055237,1,0,1064362.6244528545,DDoS
1.5547328560638034,12,196.43586299262736,0,0,1516.1642379382456,Benign
1.195295331863337,501,536.8209885774683,0,0,225004.9072458533,DoS
1.3059770819977514,17,305.6217192264424,0,0,3978.300460603692,Benign
1.591020745891976,23,314.1772763110725,0,0,4541.787009259582,Spoofing
0.8873402117489,1015,433.2058329540495,1,0,495530.2539278902,DoS
0.0637983271169984,20,116.76678886149148,1,0,36604.96885673988,Mirai
2.8040714319528828,47,211.07521776052113,0,0,3537.9038927818547,Benign
0.5752585234445672,12,99.52175057139799,0,0,2076.04226306063,Mirai
0.6377813267105521,8,372.2088126348151,1,0,4668.795363508492,Spoofing
0.3160413067819931,3258,67.013294031735,1,0,690825.2411005163,DDoS
0.1887837016781088,511,681.9077190195806,1,0,1845788.8118601937,DoS
0.07934443326597618,56,137.35149824964316,1,1,96940.43533206887,Mirai
31.871461664705564,12,188.2009950566527,0,0,70.86000524352468,Benign
0.022925806074991516,3228,59.10055979026038,1,0,8321478.703035356,DDoS
0.5430051501932814,44,227.18270641403035,0,0,18408.737152233767,Benign
3.3780411978416613,37,280.09493957949906,0,0,3067.905971976613,Benign
7.796821234751164,49,230.98706937532708,0,0,1451.6642178409845,Benign
0.45858023004604315,24,187.57606880675152,0,0,9816.876865603292,Benign
4.913078638036942,33,238.27510054390154,0,0,1600.4381157413152,Benign
11.216393707840528,45,206.55782571393271,1,0,828.7068374418307,Benign
0.643687065204229,17,194.46439577857603,1,0,5135.87254885555,Spoofing
0.09232314318504306,4154,44.685477109037784,1,0,2010584.4050272235,DDoS
0.27682709353939244,25,285.4671258251356,0,1,25780.273362631837,Spoofing
0.15684899636901414,4926,61.52607060052564,1,0,1932287.9380442302,DDoS
0.3695284297656928,35,297.00783159175313,0,0,28131.189019212135,Benign
0.09110053207738576,4274,71.42288507578304,1,0,3350819.18681431,DDoS
0.9610333376441949,1149,59.67821490504337,1,0,71350.56219171632,DDoS
0.14877979358877405,1,257.89659998008597,0,0,1733.4114650871861,Benign
2.475994138110777,421,532.5725034243629,1,0,90554.74748124198,DoS
4.811964966160491,38,242.740351782568,0,0,1916.9161522590223,Benign
2.5225676883675825,1112,509.42306473041845,0,0,224564.2210484381,DoS
2.1006112346545436,256,543.3128227422338,1,0,66213.14802445375,DoS
1.9302147108395458,2,156.04256978651242,0,0,161.68415763305606,Benign
3.1615403614955433,23,164.32747455929956,0,0,1195.471663400182,Benign
0.056184832968932334,94,137.13208357105668,1,0,229428.7474843459,Mirai
0.08538134637833901,4628,55.95978454938879,1,0,3033237.280505971,DDoS
0.9990400854275825,24,141.4258435014507,0,0,3397.4815360708103,Benign
1.341511737836005,10,289.84097494360157,0,0,2160.5548931770404,Spoofing
1.9343767850863316,33,285.88238433404035,0,0,4877.0843176771705,Benign
2.5870063310589457,1334,534.1179629003357,1,0,275420.0304633166,DoS
0.9035645775677366,12,244.11575604938258,1,1,3242.036203409033,Spoofing
1.5887741328196152,13,78.66910198844002,0,0,643.7027798499754,Benign
2.5408409138538013,24,227.57182690877727,0,0,2149.5733227652677,Benign
3.730512893548582,17,236.29105740193987,0,0,1076.7816893971192,Benign
1.8173196893404877,24,246.4081416755058,1,0,3254.130483975705,Benign
10.898914691485738,39,150.37195423035791,0,0,538.0816696882055,Benign
2.250248845278206,1365,734.2857008287408,1,0,445417.3962734834,DoS
1.459015449100204,20,207.23827455588201,1,0,2840.796164066513,Benign
0.6037682117569034,4705,69.80962294723602,1,0,544007.235841346,DDoS
0.5958874646437599,9,460.0500745771467,1,1,6948.376861173965,Spoofing
0.18921896688904435,88,130.95084812862473,1,0,60901.26600298117,Mirai
3.658568091461703,379,583.6172926467646,1,0,60458.34008921005,DoS
10.995027060116193,29,293.1513923591888,0,0,773.2032246882559,Benign
0.4291363793809728,1145,557.8678446050238,0,0,1488474.7897490272,DoS
0.4399590804852602,3331,70.06730002520106,1,0,530490.6450084375,DDoS
1.1573730487935316,3590,53.231830263729435,1,0,165117.26348388483,DDoS
1.5414288966088072,43,171.87241131906333,0,0,4794.586181029232,Benign
0.06306913235112374,72,124.96692655931592,1,0,142662.79520349912,Mirai
0.2722176077806567,987,50.16140981004154,1,0,181874.02308819,DDoS
0.5885511200530064,16,170.16137618161923,1,0,4625.9057644146615,Benign
9.324834229134321,4,284.3003474885222,0,1,121.95405966585874,Benign
0.1610509698872819,3996,88.1164019178857,1,0,2186345.9891630085,DDoS
0.02237919990914192,59,157.50908262084587,1,0,415253.26697822177,Mirai
1.0817473972746676,353,355.3242893671535,1,0,115950.79818320769,DoS
0.19126027351972757,92,155.497721822878,1,1,74797.50051820982,Mirai
8.705765752522733,40,191.19366982814586,0,1,878.4691675065678,Benign
0.7203680370038429,3914,52.8060912025409,1,0,286913.1198913015,DDoS
2.6441821437841595,4999,59.268168936928866,1,0,112050.36582377451,DDoS
4.408146522332607,33,102.73741515193748,0,0,769.1066262969665,Benign
6.906998235442815,44,126.19012796470454,1,1,803.8753509383272,Benign
0.009979548260743897,55,150.14588514771222,1,0,827494.738976151,Mirai
2.338972534254667,24,153.44059837732289,0,0,1574.4410449989455,Benign
0.5395805148754177,4043,62.443424617101,1,0,467879.69314501446,DDoS
1.9204194859188832,17,245.8336855923592,0,0,2176.176968476475,Benign
1.8974182183668225,44,276.33422887629246,0,0,6408.026418668159,Benign
5.638869095518173,4,176.42570836097804,0,1,125.14971025037832,Benign
0.8418170306558469,8,214.72933270700645,0,0,2040.6271186004785,Spoofing
0.11708024437069936,95,133.34019051360835,1,1,108193.47163886626,Mirai
1.581956373899771,11,198.40615301379623,1,0,1379.600423348991,Spoofing
0.019361173578424918,3682,75.96133717091107,1,0,14445903.41233065,DDoS
3.603387449837462,29,167.22287320945293,1,0,1345.8067972382153,Benign
0.5552500493390615,1876,68.99106441979923,1,0,233097.20909634544,DDoS
0.42749105774423374,3425,53.8330921679738,1,0,431303.38596608286,DDoS
0.3525240891805923,67,166.9941865087427,1,0,31738.57004238374,Mirai
23.12609435357176,37,143.83369095976263,0,0,230.12301533264625,Benign
0.10803492289749123,2111,58.6999183790256,1,0,1146995.1046820304,DDoS
1.016165747369924,10,169.0991923465688,0,0,1664.090654346865,Benign
1.2944221249473848,7,233.97677975968767,0,0,1265.303973681992,Benign
0.9179523679667063,1251,421.2104294322155,1,0,574032.2326166854,DoS
0.11744875206271785,1068,61.745869031313084,1,0,561475.4262372055,DDoS
1.2949375341549092,48,276.3506630612996,0,0,10243.60749230978,Benign
6.307063045999804,32,228.5064972758923,0,0,1159.3681337094374,Benign
0.21817341536666474,4014,46.58235887616698,1,0,857031.9542126196,DDoS
0.0101931329463176,42,150.80026572801572,1,1,621360.5957984447,Mirai
0.04075167530718702,85,122.76865553546929,1,0,256071.33061041296,Mirai
1.112700515498107,6,272.4186736101075,1,0,1468.9595438256322,Spoofing
0.015634150015026816,21,161.54454152073967,1,1,216988.79495686572,Mirai
2.767820190221441,31,173.20308765933402,1,0,1939.9004806774606,Benign
3.100764931062489,1039,411.26986329638015,1,0,137807.73372540684,DoS
0.08442851937603252,1520,64.30824204427564,1,0,1157766.6957765901,DDoS
7.411414369618115,3,256.22070749854447,0,0,103.71328388365903,Benign
0.004386022261893419,48,152.2596785709874,0,0,1666308.134116122,Mirai
3.5772611476643945,46,257.7764888178729,0,0,3314.7477906006657,Benign
3.6601847349077814,26,293.66870886033325,0,0,2086.0658637113947,Spoofing
0.4030439492891586,3275,76.48591136249352,1,0,621498.8716589182,DDoS
0.12215240887846276,1422,485.46546855122614,1,0,5651398.13957086,DoS
2.7374429591348224,251,514.1478952934674,1,0,47142.94458192011,DoS
0.10629841195595811,19,125.4841474468334,1,0,22429.29840266723,Mirai
2.687258078481825,1065,595.9496076599441,1,0,236183.61676538657,DoS
0.48019627349295807,1347,463.49449671950293,1,0,1300149.7961235761,DoS
2.5124274936907813,25,161.37659866902635,0,0,1605.7836402669923,Benign
0.14792907648588902,3344,75.26976987349798,1,0,1701505.3188747999,DDoS
1.8344972891744753,6,191.21690340051367,0,0,625.4037153248496,Benign
0.9193783087321279,1208,488.59223565896514,1,0,641976.6651771176,DoS
0.2625286503132521,516,58.97028989093372,1,0,115906.09081109423,DDoS
1.898588108968931,1047,373.2211435738346,0,0,205817.43637592715,DoS
7.296605778115469,27,247.99725248613208,0,0,917.6767966838077,Benign
1.480275907775299,19,167.80491772637004,0,0,2153.850792311215,Benign
0.13042183631707885,205,546.8392420234928,1,0,859534.3217087963,DoS
2.049927469968422,1,207.6419957862127,0,0,101.29236220704499,Benign
2.2238055306590736,9,177.06391692084247,0,0,716.5982952723799,Benign
6.2901688600969665,14,205.41457887275493,0,0,457.1902866490355,Benign
1.2384662808200737,14,293.5426398256579,0,1,3318.2953958487783,Spoofing
0.4948719841533666,584,388.41257649507736,1,0,458366.9149531548,DoS
5.232365500883132,12,153.03961273148605,0,0,350.98376680066934,Benign
0.05240985877980735,30,201.99302008716785,0,0,115623.10495959155,Benign
6.663532843125207,18,203.53247040302804,0,0,549.7961146892582,Benign
0.0041172042793287175,10,144.28378948903972,1,0,350441.17245638394,Mirai
1.6839000504895965,943,532.6381007845561,0,0,298282.3884908124,DoS
4.451205210018104,24,268.0518680466404,0,0,1445.281565235498,Benign
9.200994058311316,20,161.0764543163132,0,0,350.12837372894904,Benign
7.243005675919971,33,208.64147504515233,0,0,950.5955102838583,Benign
2.4678822248097894,385,518.2803964170126,1,0,80853.92026190761,DoS
0.024887301929119268,28,112.42834708507687,1,0,126489.95569499067,Mirai
2.3495999016313314,9,254.96633057304223,0,0,976.6330742370938,Benign
3.547132160450319,47,169.60822177390807,0,0,2247.3327924611813,Benign
4.666519318814596,18,180.75167355957757,0,1,697.2070405783444,Benign
0.2771246556499389,13,414.8515776079375,0,1,19460.810862371123,Spoofing
3.5202411739535604,45,188.97187327955052,0,0,2415.6680969756635,Benign
0.10897910678520915,49,100.86909895426922,1,0,45353.51770225748,Mirai
0.5107200091673906,474,485.82406750555964,1,0,450894.0395208989,DoS
9.828377143630044,28,218.626385815266,1,0,622.843294815455,Benign
1.8961632330150118,21,152.759275487914,0,0,1691.8083471882178,Benign
3.643514846800499,11,208.25126312193558,0,0,628.7236338155429,Benign
2.878912140213134,462,665.9329393114567,1,0,106867.10916405944,DoS
0.09357864132677207,90,166.19749735817993,1,1,159841.76036500005,Mirai
10.465920438248245,988,440.36709842775696,1,0,41571.37404337527,DoS
0.06014350706207703,2175,73.25472633421596,1,0,2649147.639702296,DDoS
0.8003222876388072,13,159.14006804936892,0,0,2584.9847200250333,Benign
0.5097109667722933,6,247.63392604003178,1,0,2914.9923252562735,Spoofing
0.02234235160098014,38,115.55745039287223,1,1,196540.7757138916,Mirai
3.972754458573432,14,276.7765386685941,0,0,975.3614480245873,Benign
0.2707390351792124,25,374.1507000443981,1,1,34549.01689709554,Spoofing
0.9409613272110549,925,491.20735090828583,1,0,482875.10490667727,DoS
0.08089458535226894,3488,58.36083530385789,1,0,2516393.3117823536,DDoS
1.2351231225850687,690,479.3514023533936,1,0,267789.06618765945,DoS
0.16875459741014529,42,168.89877596062053,1,0,42035.883461623525,Mirai
1.2164494114542814,1002,522.5170932226936,0,0,430401.89133982436,DoS
1.0848102606217909,12,151.72289719065566,1,0,1678.3347580472687,Benign
3.969270007218128,49,142.9279066229658,0,0,1764.422025155633,Benign
0.6224715659634606,10,252.13186071233383,1,0,4050.4960306433354,Spoofing
2.158491076379006,1,163.7273616655454,1,0,75.85269332695485,Benign
4.460616110369737,31,217.49946323071168,0,0,1511.558760790375,Benign
0.7239557893016608,2247,61.79099539359222,1,0,191785.69838267774,DDoS
1.0652105267164742,3584,51.97322841064922,1,0,174868.76626909885,DDoS
1.4877413185603527,799,331.6305032044336,1,0,178104.06201311224,DoS
0.1472430173134396,17,511.28573997558857,1,1,59030.694549558495,Spoofing
5.338962170994062,43,203.11186961951546,0,0,1635.86294750109,Benign
8.832466214691046,40,259.1379509609761,0,0,1173.570075048583,Benign
1.3491058999125738,16,240.1640017985871,0,0,2848.2745713486297,Benign
0.03933764223912171,17,106.58491247322995,1,0,46061.31453000281,Mirai
0.21609072911977015,1462,596.6092855356321,1,0,4036465.511528938,DoS
3.0340831867319378,7,273.1841000986055,0,0,630.2690410904643,Benign
0.11098023963461412,38,93.0004493443607,1,0,31843.66051759242,Mirai
0.06822378185525534,95,138.29064932683616,1,0,192566.45305770944,Mirai
0.06667195738244629,85,101.34362739321239,1,0,129202.87129129708,Mirai
0.23842226730552407,10,237.68954611947794,1,0,9969.26792139313,Spoofing
2.8929918054691934,26,186.72796110639925,0,0,1678.1682476902124,Benign
0.13766063782604063,87,131.16782015341028,1,0,82896.61106878886,Mirai
0.24204362536027624,645,85.40502871000126,1,0,227588.07812416556,DDoS
0.06737396480804385,70,102.71958830270532,1,1,106723.28994850704,Mirai
0.4623737941616563,676,439.60821041137956,1,0,642716.2481751582,DoS
0.019486918620919145,30,149.44371674860537,1,0,230067.74902037825,Mirai
6.494777044300216,778,539.11072442409,0,0,64579.29821779334,DoS
2.5661271884104937,25,205.55441756524166,0,1,2002.574331599731,Benign
1.8483028337204277,4614,53.55074965377749,1,0,133681.1016002061,DDoS
2.200259597116894,16,199.42125576829014,1,0,1450.165287984028,Spoofing
1.4387032717702757,15,373.16589466798933,1,1,3890.648287142852,Spoofing
0.9705135943919645,30,185.99258841881482,1,0,5749.303961126094,Benign
23.375201820545644,36,226.0891019327149,0,0,348.19839127223173,Benign
2.207911297324147,35,208.33968322654962,0,0,3302.6185978424764,Benign
3.9596985162463,1267,698.5226535671356,1,0,223508.98646408733,DoS
0.027175028858675666,26,147.959086442851,1,1,141561.441112729,Mirai
0.23079043861669782,11,179.83426163391462,0,0,8571.312095205398,Benign
1.7064640070650101,4777,62.40082642425566,0,0,174682.1184593044,DDoS
0.410355005454746,94,117.61828119959596,1,0,26942.813626727624,Mirai
2.850842941688167,1071,487.2373821349515,1,0,183044.54048861886,DoS
0.9404002818627163,3982,62.157540211459526,1,0,263197.84233982675,DDoS
1.3167678742834101,4137,62.00070076881583,1,0,194792.79840433353,DDoS
0.1993892312154102,1092,71.42903305433599,0,0,391197.17559403717,DDoS
0.12922331766341416,19,194.69317376487353,0,0,28626.182707735185,Benign
0.06468099516056319,799,72.5823604848798,1,0,896605.0365096764,DDoS
0.6989054139417056,406,507.3195486609377,1,0,294706.1685996904,DoS
0.013554049022493388,50,151.0579754435332,1,0,557242.987659435,Mirai
0.55379984821715,936,386.9583741223267,0,0,654014.3326953,DoS
0.02049826739919354,15,110.0444440440809,1,1,80527.13083087967,Mirai
9.277907646491236,39,230.61648616207643,1,0,969.4042345552331,Benign
0.042514632270160904,3643,70.21893962207979,1,0,6016930.722055814,DDoS
0.4676332396376649,39,176.88035006623326,0,0,14751.589638769297,Benign
2.9504796146474552,27,152.64189329538632,0,0,1396.834297215735,Benign
9.038354653898887,265,413.2632872921073,1,0,12116.671155979358,DoS
0.13558093396992418,22,307.2418052370751,1,1,49854.50031429247,Spoofing
19.083517210450587,8,175.60256754018755,0,0,73.61434083818612,Benign
1.02810893223635,631,65.5928182415056,0,0,40257.47370987258,DDoS
0.029617366195994983,95,182.419028468708,1,1,585123.1871816708,Mirai
2.7641891877640967,36,179.00268158822962,0,0,2331.279120004366,Benign
0.1268865539605048,3533,32.9539474827386,1,0,917562.1279206208,DDoS
2.166706113266292,720,533.9023610358923,1,0,177416.63144446848,DoS
0.614453580570925,344,303.2893542538633,1,0,169795.63820978696,DoS
6.42812658762211,21,210.16091830806727,0,0,686.5731756072975,Benign
0.2049840799958076,46,239.4619976831496,0,0,53737.109211847914,Benign
0.044413957506916873,90,113.2529728484454,1,1,229494.6933015978,Mirai
0.4972529763472704,2119,42.29780999697894,1,0,180248.41206984236,DDoS
0.8754231916784044,36,154.24581246945667,0,0,6343.045628314055,Benign
0.032123200655909366,21,136.64888262954992,1,0,89331.89958120357,Mirai
4.281476178565515,4,195.52221743326965,0,0,182.66804184231458,Benign
1.1506352173802108,1069,374.68860799511987,1,0,348105.2169242181,DoS
3.3568783529372292,13,180.34242105116795,1,0,698.4022735330327,Benign
4.681234757656957,22,210.88015873257075,1,1,991.0555082776158,Spoofing
2.1784949066883925,7,233.77233201802397,0,0,751.1637135813768,Benign
2.1551572884820516,46,185.85557928585104,0,0,3966.9293247597443,Benign
10.267267316879185,42,175.6655377126539,0,0,718.5897041759355,Benign
5.5019640540216415,28,275.9357262910422,0,0,1404.2622344109543,Benign
0.06759668496053856,91,120.07052373170912,1,0,161641.3240673582,Mirai
0.014079443676261749,7,254.0373690119653,0,1,126301.97783183331,Spoofing
0.8650284599931614,11,235.82968260895717,0,0,2998.891514758991,Benign
0.33809994387615133,4544,55.6552874199582,1,0,747996.6519276573,DDoS
4.6114227713294245,418,487.07186865822354,1,0,44150.374232645525,DoS
0.08530480516381066,22,153.94460707023575,1,0,39702.11700315776,Mirai
0.47966416670215073,1176,56.077320140362865,1,0,137485.6265342346,DDoS
3.6675389736830044,16,152.12565708777004,0,0,663.6631623739901,Benign
1.1721292902851337,2791,71.11734367999813,0,0,169340.11278106546,DDoS
4.875190846020277,1469,481.3352062258411,0,0,145036.6642616599,DoS
2.862924416634085,41,157.73754981714671,0,0,2258.962725291397,Benign
1.7398462196133393,777,531.1634298807425,1,0,237212.9101783822,DoS
11.597087107240663,15,232.26484792155213,0,0,300.41791413708165,Benign
0.21331402362963794,46,108.80054961711917,1,0,23462.242178118613,Mirai
2.65448377263038,15,218.26981041180966,0,0,1233.4025884561454,Benign
1.2551471646810848,3476,47.46040440383686,1,0,131436.67161105693,DDoS
0.6091428514917707,2444,64.09813740396405,1,0,257174.23660417768,DDoS
0.59294161404441,1471,399.4665094140248,1,0,991017.0266848893,DoS
10.026333451176988,12,248.09479493451195,0,0,296.931829936761,Benign
0.14182434074024716,3831,73.13035984646262,1,0,1975418.373951188,DDoS
0.28100660904992314,1444,67.85410176932048,1,0,348679.78118440474,DDoS
0.011463063919705125,675,56.527826915132565,1,0,3328628.6663832897,DDoS
3.2477469349828376,1471,415.365300848734,1,0,188131.14746322331,DoS
2.9949940666789483,884,511.1432332724312,1,0,150868.61881962646,DoS
0.12952884203673315,80,124.39617620672198,1,1,76829.94721527389,Mirai
0.9588930851140847,17,165.59589367098408,0,0,2935.812382119533,Benign
0.001,33,124.02795689293032,1,0,4092922.5774667007,Mirai
0.08929528957133816,4451,65.92869676498131,0,0,3286272.2178250537,DDoS
2.121910791178358,4,244.7295741284615,0,0,461.338101763564,Benign
0.010414033565366115,47,238.38347443821837,0,0,1075858.1896506855,Benign
2.5595894484650508,4,204.93519842076688,0,0,320.26260858930107,Benign
0.02542404471335785,51,141.97654170672413,1,1,284801.4038945816,Mirai
5.8493157760856755,940,449.2657546301232,1,0,72198.15539432594,DoS
0.016080880613379433,72,146.6967144602579,0,0,656814.9901163222,Mirai
0.4184947253862499,1520,53.60119301347588,1,0,194683.01136958666,DDoS
0.06262188591570214,3983,74.40026719862688,1,0,4732151.705731781,DDoS
2.970510930989782,6,219.70632552170738,1,0,443.77481980549516,Benign
3.622864883617529,6,139.042462952893,0,0,230.27488038260262,Benign
0.04866519684974043,4419,78.1900419625116,1,0,7099977.351353953,DDoS
5.170841100297302,48,196.0996269073649,0,0,1820.3580247345676,Benign
0.902456751718379,26,228.7498239488185,0,0,6590.338441531499,Benign
1.260454468597214,3047,70.64552414394183,1,0,170777.22157322717,DDoS
3.2085278935870267,697,577.4773390074357,1,0,125447.46956779587,DoS
0.3678139588613027,17,367.87968551200487,1,0,17003.037821254515,Spoofing
1.0671560050403524,24,201.12668998107173,1,0,4523.275450587186,Spoofing
5.208536595598223,1298,518.0045949235774,1,0,129089.99521651224,DoS
0.13144586805032607,3802,63.41865305175418,1,0,1834349.9303489232,DDoS
1.389118716402711,1044,620.1069458105085,1,0,466044.8698745266,DoS
0.03818309681363988,99,121.27706803006976,1,0,314443.58202732087,Mirai
4.066481420270752,22,226.56387950484051,0,0,1225.7292814028456,Benign
1.136195869890969,567,73.63912680677042,1,0,36748.40404361401,DDoS
0.40911857111600514,92,141.67722227863985,1,0,31859.47881583455,Mirai
1.8191849247639604,19,135.67652532152937,0,0,1417.037897586764,Benign
0.15621357104053843,3104,73.72128131900094,1,0,1464859.0112237805,DDoS
0.06730451015837738,4445,75.51985565847455,0,0,4987567.068120719,DDoS
3.985268589173601,36,202.1927548849871,0,0,1826.4613822098554,Benign
1.5669385732191405,43,240.69464067694983,0,0,6605.153339129259,Benign
4.753775705343101,29,182.46633031707017,0,0,1113.1201611484364,Benign
4.034445123010792,11,175.618046325071,0,0,478.8263195247367,Benign
0.10913191537360684,19,223.474379914535,0,0,38907.16298564158,Benign
0.12009014699704541,16,130.8994005186381,1,0,17440.151924784786,Mirai
2.319987983901455,11,172.76806279646323,0,0,819.1631611665364,Benign
1.1275144234313286,3913,82.53881616338776,1,0,286448.1206940473,DDoS
4.687613052499077,8,231.6024238560528,0,0,395.25860392009974,Benign
1.1302289239027852,9,344.98311343203284,1,1,2747.096588332714,Spoofing
8.899144124482154,22,99.75776564792696,0,1,246.615945708386,Benign
0.309801812417392,2838,74.14998777884023,1,0,679265.4428787802,DDoS
0.041095483277224364,77,135.12905828093983,1,0,253189.32052561882,Mirai
0.07476431800533408,44,136.52079063950114,1,1,80344.67441687205,Mirai
0.1803072056242837,32,176.0887626739657,0,0,31251.332336149324,Benign
0.04096561821543725,65,164.93409130655837,1,0,261700.33315611875,Mirai
0.08644882260622126,2636,64.11557922771419,1,0,1955014.0967691094,DDoS
0.0961535314702237,2322,51.36515394938893,1,0,1240410.8891977197,DDoS
6.25547317403494,2,254.8709378028101,0,0,81.48734099307529,Benign
1.2467384575606202,24,180.94520458686753,0,0,3483.2365070230994,Benign
10.462896735459903,1211,512.5923820485455,0,0,59328.63435008404,DoS
0.26144307156977953,3325,69.06636454909003,1,0,878377.3107731087,DDoS
0.2826255003769078,4988,77.38625770532687,1,0,1365774.3300565567,DDoS
2.299806823134549,1183,608.89533071434,1,0,313210.2961818729,DoS
0.2465759881945967,29,103.48417029638105,1,0,12170.856378061606,Mirai
1.0617019436011035,28,172.1080877434151,0,0,4538.963581879058,Benign
3.602099052200337,1047,580.4368529937937,1,0,168712.01382240688,DoS
0.2308008546596958,31,195.20643468687348,0,0,26219.138071284702,Benign
0.017638801051086977,58,155.87716945938698,1,0,512556.1427026418,Mirai
0.54150399969594,482,588.6638721113738,1,0,523977.6373157038,DoS
0.267785676075917,13,299.3747266327537,1,0,14533.531080738076,Spoofing
9.144296494735862,37,140.0096912975555,0,0,566.5125339047955,Benign
1.6481765274119065,7,218.2213038567674,0,0,926.8116015437054,Benign
11.31124025946573,14,283.462347118825,0,0,350.8432999946723,Benign
6.5260371358425475,27,219.88017372726983,0,0,909.7043990188413,Benign
0.9748765987554773,32,269.9507390358516,0,1,8861.04319272308,Benign
0.5035176949276642,11,318.57712111042815,0,1,6959.732234868424,Spoofing
2.2142465681656187,47,165.1320664004021,0,0,3505.1232470684736,Benign
9.813757599747781,48,155.8836694281669,0,0,762.4415068846121,Benign
0.04778909096492105,10,144.211402979907,1,0,30176.636564558943,Mirai
0.0037130165248510107,3811,69.27986000554836,1,0,71108098.9578249,DDoS
0.01778980734135895,65,130.51042750186875,1,0,476856.0797113976,Mirai
29.453702674855794,27,227.83150793915672,0,0,208.851524790078,Benign
1.263186343851648,1232,57.348656732135275,1,0,55932.79680221781,DDoS
0.2995623384880111,7,246.01980806272425,0,0,5748.849021313112,Benign
15.863961948090237,44,253.39283386472,0,0,702.8058139908658,Benign
0.0398377066036583,8,170.41503948269818,1,0,34221.857433339086,Spoofing
1.1842496862818792,49,188.48170446108884,0,0,7798.696191839279,Benign
0.41213660127926444,1218,65.0413338802134,1,0,192218.65861998528,DDoS
1.0716673152344198,872,73.16328953438571,1,0,59531.89722878586,DDoS
1.927213207581403,36,208.7682620327667,0,0,3899.754009371664,Benign
0.5498389224677165,85,132.80975298935522,1,0,20531.15656750912,Mirai
5.242732540876185,12,270.5823251959779,0,0,619.331212690298,Benign
2.495889721036812,248,419.26705970785997,1,0,41659.78565926218,DoS
0.1956113520215527,12,305.4166248012762,0,0,18736.128858265347,Spoofing
0.027474047851659453,702,45.29938901314626,1,0,1157462.1715346514,DDoS
0.15954758934750068,8,167.02404034211946,1,0,8374.882555114502,Spoofing
5.718554191589139,12,170.16208409903544,0,0,357.07364847424583,Benign
0.07370044419328549,4801,67.80936725556171,1,0,4417243.013355019,DDoS
1.618759627548326,4,223.79757713679655,0,0,553.0100289831088,Benign
0.17939233000944252,902,325.711202618294,1,0,1637703.8234925494,DoS
0.5859006430601553,11,125.96948543686611,0,0,2365.0159053729844,Spoofing
2.1491836783105205,8,176.73772854154595,0,0,657.8785436542306,Benign
5.266216307293502,1443,443.8643262476053,1,0,121623.6070455808,DoS
2.422663573270211,1,194.21185821370096,0,0,80.16460079578685,Benign
1.9098885042253817,1871,60.439096180800156,1,0,59208.45573136797,DDoS
0.6468922596155608,539,71.47067318973832,1,0,59550.40004986682,DDoS
1.9139287566238243,29,375.4156533999419,1,1,5688.327692929965,Spoofing
0.6614679613848201,884,414.8307175578751,0,0,554388.686571354,DoS
0.7454404525740805,36,189.9713583554134,0,0,9174.400017035885,Benign
8.071935916963355,34,181.08036536530992,0,0,762.7330649989459,Benign
28.42124067395074,35,243.20571960249865,0,0,299.50135828831856,Benign
4.446541691804659,28,119.34915932115155,1,1,751.545064145336,Benign
8.428837610065917,8,203.47390581105392,0,0,193.12167605939928,Benign
0.042036627881078745,87,135.01697952614103,0,0,279434.3364554586,Mirai
0.23293500741837134,2370,53.2393378124703,0,0,541684.2750000623,DDoS
1.0259687957800365,3873,77.40899527860473,1,0,292216.5273906762,DDoS
0.6357772808942446,31,153.3041098722311,0,0,7474.987780869893,Benign
0.024438471324847083,98,145.58593051358864,1,0,583809.8873158941,Mirai
2.190440098666874,688,546.455690148715,1,0,171637.4326105198,DoS
2.6678388136786064,44,218.45306911087164,0,0,3602.8919706827155,Benign
6.434516956343972,1139,736.6729303753343,1,0,130401.46966591525,DoS
0.21082833486875946,4976,77.43813113461286,1,0,1827705.6580924129,DDoS
0.36184652712340504,39,245.18920689121333,0,0,26426.61557311601,Benign
1.3027434587456619,4667,61.181214715549466,1,0,219178.01786730345,DDoS
0.07166330378025704,1029,55.287525258532334,1,0,793863.2534368724,DDoS
7.035927185632228,10,219.84194039579407,0,0,312.4562471947181,Benign
0.044710477618292596,16,250.99536453009202,1,0,89820.68737370004,Spoofing
0.1367086630452512,75,111.32505518561769,1,0,61074.25054809908,Mirai
0.795607568001289,1193,467.5020555738674,1,0,701011.3713482426,DoS
0.33469594754537696,3946,65.69377469942707,1,0,774516.8020858513,DDoS
1.9074015740755745,3109,56.242140106874004,1,0,91672.78457186758,DDoS
2.9845791700611266,1397,409.2100044194542,1,0,191540.0274546141,DoS
0.025930747262195453,4107,56.22133307256656,1,0,8904526.066846613,DDoS
6.952927350826641,25,183.7154708588839,0,0,660.5687848767819,Benign
0.1921477040678742,1538,71.55758046957843,1,0,572765.4113594593,DDoS
0.13945053265523308,81,130.86657943345196,1,0,76014.00103875346,Mirai
0.901190863480443,4248,73.25849170710549,1,0,345323.1555964811,DDoS
5.911008067727917,11,203.96847222745254,0,0,379.57200680397597,Benign
0.40307927945254013,77,170.24733296084347,1,0,32522.24886327467,Mirai
0.27216896245463434,29,231.33363417843537,0,0,24648.936200037286,Benign
3.280988098687487,12,204.86984110374024,0,0,749.2980831684049,Benign
0.8904381525053067,1,109.20340019900885,0,0,122.64007319515439,Benign
1.710758887814789,5,210.4663425745935,0,0,615.1256733888122,Benign
0.10570193706116304,16,82.26303578952715,1,0,12452.07617974709,Mirai
0.1613232742206978,532,50.683293172090856,1,0,167139.62754478306,DDoS
1.9039088555397832,14,203.81922037944733,0,0,1498.7424828712542,Benign
0.3027184008002621,25,147.49451201811456,1,1,12180.834698865361,Mirai
0.05626201424274735,20,124.7157243191701,1,0,44333.89952271288,Mirai
0.07654572954505062,95,90.22953174569187,1,0,111982.80513866985,Mirai
6.130518483874024,8,223.14032295909274,0,0,291.18623300270673,Benign
0.23955711354025924,1260,63.713183413626865,1,0,335112.6164227992,DDoS
0.2752856446644064,26,348.1085048320786,0,0,32877.92625971349,Spoofing
0.0402432542472094,62,105.21938575606777,1,0,162104.2343345921,Mirai
0.09377558431526593,1,224.83343965903197,0,0,2397.569061293824,Benign
0.14999136732372434,35,245.45361214427385,0,0,57275.80579026266,Benign
0.032890090233988305,4457,64.79956986765761,1,0,8781115.553209845,DDoS
1.0810196159746073,27,298.32576509482556,1,1,7451.109617745821,Spoofing
0.3142546035609519,4365,68.82096152960388,1,0,955923.9345190866,DDoS
0.10033777965164965,2659,84.11599300525711,1,0,2229114.7579455273,DDoS
0.3963979590966124,32,213.05887732166659,0,0,17199.594291129124,Benign
9.120729638335703,1214,743.8550473075926,1,0,99009.62568124087,DoS
0.0692411466763208,43,131.87173990131396,1,0,81894.727166552,Mirai
2.8691050886329252,47,127.99887210749097,0,1,2096.802592866531,Benign
0.018935214997826664,23,156.41334068307265,1,0,189990.281923051,Mirai
0.27008452287745227,27,286.12038551548363,0,0,28603.08442192114,Spoofing
3.759341768995321,28,125.74564730878122,0,0,936.5677134449055,Benign
0.04279322807526498,4667,69.62218385397284,1,0,7592947.451288513,DDoS
11.446191976424661,37,167.86129259865422,0,0,542.614333128653,Benign
0.06808349427709247,61,122.60941158709672,1,0,109852.9707710575,Mirai
0.18929867205925247,3765,53.994473652652715,1,0,1073907.1283004344,DDoS
1.0035757695303922,703,379.65475753755516,1,0,265946.33175907756,DoS
0.00577885048021213,16,131.59046603074924,1,0,364336.7247000828,Mirai
1.962433890621099,42,292.4469309280929,0,0,6258.947706560692,Benign
0.8492616094116149,18,223.42323083166463,1,1,4735.429119133525,Spoofing
1.1442581639448957,1518,69.7800262547973,1,0,92571.83666454785,DDoS
0.6148697358543306,12,164.12206803999734,0,0,3203.0602607940946,Benign
2.7646688580091197,250,499.5518203623209,0,0,45172.84402028312,DoS
0.041937464726703344,25,129.1816622536611,1,0,77008.50724734305,Mirai
4.0623313909067065,2,194.8249641620681,0,0,95.91780946191268,Benign
0.09374341639228227,78,132.25696337207557,1,0,110045.521488709,Mirai
1.1284270681594053,27,263.0085266588618,1,1,6293.034277680164,Spoofing
2.2222923694662775,37,74.48889294797935,1,0,1240.2009190794095,Benign
0.6300043208876469,24,296.907858493814,1,1,11310.697986660836,Spoofing
1.040076049832818,4,247.66456271512598,0,0,952.4863600308289,Benign
17.771090224156183,37,226.05198787835562,0,0,470.64774563634285,Benign
1.7188198250538158,7,273.1708723988362,0,0,1112.50526606649,Benign
0.004516061054283421,27,135.30781568724285,1,1,808959.617605356,Mirai
0.8833161132526696,1332,359.56835833038303,1,0,542212.5172520991,DoS
3.7736566530216336,19,170.81396771552872,0,0,860.0319756161028,Benign
0.4325480589261204,4194,66.16305411248317,1,0,641519.1172899231,DDoS
10.430000620141115,762,511.6565656815336,1,0,37380.8513775576,DoS
2.239962929092953,5,126.83615939571187,0,0,283.12111273884494,Benign
0.019772832292488298,24,84.08509079401075,1,0,102061.36122556972,Mirai
0.045631122710919375,94,143.58059075959426,1,0,295775.66208276036,Mirai
0.37721876794809533,3282,72.95086836064334,1,0,634710.5984731276,DDoS
2.3166104838753325,7,250.3788562665857,0,1,756.558776741001,Spoofing
0.15772183828289735,3633,66.93747351673998,0,0,1541852.6941724475,DDoS
0.3804913618266823,26,206.59308477923645,1,1,14117.062154769454,Spoofing
6.596001620575259,505,504.51956791040277,1,0,38626.79187342786,DoS
2.4521697300197856,282,445.3362697182714,0,0,51213.758380232204,DoS
0.4839791251272815,9,151.2561418560754,0,0,2812.7355210757682,Benign
0.18481165559201182,11,70.77015254573801,1,0,4212.243408076294,Mirai
0.4918955825320219,1100,67.85692447175182,1,0,151744.840916655,DDoS
6.610807620254713,19,279.9169358481075,0,0,804.5040918781306,Benign
8.592360266077103,27,116.5721022819725,0,0,366.30758768803867,Benign
0.06382149408195972,1311,72.63827344155767,1,0,1492111.3623505754,DDoS
0.09178283077956162,4537,69.9747293389676,0,0,3458984.042161315,DDoS
3.4626498159007544,1419,650.0108948173774,1,0,266375.61081408965,DoS
0.146769626776156,75,109.07542479927635,1,1,55738.077691117665,Mirai
4.630383545498352,37,264.6997739636986,0,0,2115.136152420558,Benign
3.644019498557681,722,542.3503306234518,1,0,107457.42136262446,DoS
3.6915994741938896,26,115.83603369934556,0,0,815.8352218967736,Benign
0.044999174050734225,76,135.58299490074407,1,1,228988.81656892144,Mirai
0.14409345239609583,45,125.57025789119177,1,0,39215.255871381516,Mirai
0.9476043881392099,2517,55.39997524877698,1,0,147151.84885856256,DDoS
4.518318205905855,747,489.7585078902658,1,0,80970.30548132482,DoS
5.757648318410267,13,230.44699405591217,0,0,520.318497596954,Benign
0.339291109065425,1860,58.75145220065672,1,0,322076.52418074314,DDoS
0.1309327064410626,13,91.64509225002956,1,0,9099.22533211111,Mirai
0.055716923995181335,4138,54.24978615061486,1,0,4029038.1987106623,DDoS
0.16707417378620792,14,237.88773901040918,0,0,19933.831008540095,Benign
0.7899486309186785,1150,64.77598469841078,1,0,94300.28673705118,DDoS
0.03969837218462771,96,135.3968138150609,0,1,327421.3377262623,Mirai
2.0811132629829086,32,147.63629799544805,0,0,2270.112645903183,Benign
0.5684836273519959,39,182.90270940843737,0,0,12547.776793776142,Benign
1.6637539478485737,1498,581.6358101774277,1,0,523689.4823134551,DoS
0.09323986602138098,31,147.6900761114686,1,0,49103.37771619758,Mirai
6.972578878730507,2,200.7539836364698,0,0,57.58385444698503,Benign
1.5103158592848211,41,152.90452360673544,0,0,4150.843963755204,Benign
0.222615937061643,4,228.40160062942002,0,0,4103.957760511547,Benign
18.09051297086698,48,254.84377928822357,0,0,676.1832251818394,Benign
0.4257896717429508,3973,56.72100561345883,0,0,529257.9183045973,DDoS
0.8272590293875697,1455,465.5108607944246,1,0,818749.9663283399,DoS
1.0747769575449184,900,692.9020690396903,0,0,580224.4435535904,DoS
0.14532557139597513,1023,573.4890728934911,1,0,4036999.930118904,DoS
3.3994401326583654,23,169.08817877465893,0,0,1144.0201798100004,Benign
0.09152803980836632,80,114.97086627443097,1,0,100490.18116428344,Mirai
0.3721047589733751,1025,73.82146367425443,0,0,203348.6496514411,DDoS
2.953670850422013,24,140.5897263382228,0,1,1142.359322683249,Spoofing
1.720507316599022,374,559.3691289606222,1,0,121594.39963604027,DoS
4.614493667937751,20,261.62718931039814,0,0,1133.9367139160952,Benign
3.526943630252296,480,431.58066071526,1,0,58736.04425271349,DoS
19.220965295746083,15,182.08575007426205,0,0,142.09932795198424,Benign
5.940468876518553,1393,520.650562514583,0,0,122089.05536895276,DoS
4.056533713122535,15,204.46141434373746,0,0,756.0447988475573,Benign
3.7569767588547376,49,247.87049226160948,0,0,3232.82652526211,Benign
0.17830202240231274,19,103.51200453557941,1,1,11030.318443266846,Mirai
3.6788625823478798,4,226.52293949695195,0,0,246.2967120151394,Benign
0.01909740795261792,21,115.54654045366244,1,0,127057.94187081205,Mirai
5.036842520858085,15,135.5930050880113,0,1,403.8035868498171,Benign
3.963643377064183,1011,570.1422502921072,1,0,145425.2464741826,DoS
1.2279413217761999,1052,609.0983797922636,0,0,521825.82683559693,DoS
1.081676324535377,4146,74.02452025225088,1,0,283731.51376652374,DDoS
7.63708144172167,33,331.74389004257927,0,0,1433.472780792704,Benign
1.1681306852007587,10,261.54575641272845,1,0,2239.011094617195,Benign
0.2323675678286259,14,206.29459482732418,0,0,12429.119754408102,Benign
1.2716889355528125,8,168.74092580981656,0,0,1061.5232772247948,Benign
2.2141822949684964,334,471.18043936229867,0,0,71075.56911850697,DoS
0.36989421954964324,14,367.30374394375804,0,1,13901.953973418269,Spoofing
0.0041286402469060774,96,118.96878671284205,1,0,2766286.9229140305,Mirai
0.05333683045699921,43,128.5732495764952,1,0,103655.38567663026,Mirai
0.15950386170125094,36,129.3083442573718,1,1,29184.875799335434,Mirai
2.0219986317628256,575,591.9907225574639,1,0,168345.6457998578,DoS
7.639486403849107,19,204.3412183148274,0,0,508.2125869123291,Benign
0.37035228052866137,23,383.6597250487898,0,1,23826.43266979766,Spoofing
0.912651729101603,1415,532.6113228939789,1,0,825775.0441527724,DoS
0.06481710231747291,2171,51.45197000959068,1,0,1723344.9644772152,DDoS
4.861979057374248,6,189.09010798701314,0,0,233.34955468417766,Benign
0.8683999811175784,2364,72.61374183263479,0,0,197672.60412815074,DDoS
0.6697851745375976,3282,65.81908598810023,1,0,322518.69468755915,DDoS
0.036727156318313935,20,131.42668711941946,1,0,71569.21487759387,Mirai
1.3114204941552892,2751,73.11813593570801,0,0,153381.76645523295,DDoS
7.551069209457612,32,166.56108806094386,0,0,705.8543194484971,Benign
0.7563108009766994,10,218.6439613397551,1,1,2890.9273946292765,Spoofing
5.00215073915828,37,164.37249823990444,0,0,1215.8334988321155,Benign
0.42619548796565165,2035,71.6463036131972,0,0,342097.0704049471,DDoS
4.944546457217191,2,281.74059620792116,0,0,113.96013715138022,Benign
1.5198428193238696,524,406.3262644693984,0,0,140090.1197642819,DoS
0.9001128027642943,14,164.77447792982392,0,0,2562.837328758238,Spoofing
9.683389462045074,43,247.15711279444406,0,0,1097.5243629121342,Benign
0.23530200226637765,58,118.98225777041584,1,1,29328.143765099616,Mirai
6.712518897183132,27,207.28031839260424,0,0,833.7508887980756,Benign
0.45708220199056904,28,312.48884253721354,0,0,19142.481490063597,Spoofing
0.12335126152205196,33,106.45786105648929,1,0,28480.53089620081,Mirai
0.44427137961065555,93,109.50895122511082,1,0,22923.674428140097,Mirai
6.316344374646523,40,198.75543205205665,1,0,1258.673816771933,Benign
0.40193897010343077,19,318.48391988822186,0,1,15055.00816782972,Spoofing
0.8903158425516716,1495,529.8580751200856,1,0,889726.7513899758,DoS
2.2936436571044427,6,222.9856316269499,0,0,583.3137094411246,Benign
0.04816216864603484,28,129.83892806719487,1,0,75484.34981406851,Mirai
1.9882925038756456,31,130.9460898640777,0,0,2041.6154956445444,Benign
0.14501225095518616,54,126.21176743275545,1,1,46999.03212643049,Mirai
2.4565114969455775,33,199.74208893839074,1,1,2683.2721699706035,Benign
0.6618823417689526,702,464.5190942132178,1,0,492674.27692082175,DoS
0.09840519795689687,4705,65.87243022336138,0,0,3149526.555870247,DDoS
3.777443760554893,42,129.72886136732032,0,0,1442.4072263691548,Benign
0.6070302733609265,36,226.1444819223788,0,0,13411.524443633574,Benign
20.496317783240734,27,193.88450589069444,0,0,255.4059570314218,Benign
0.21151430194833554,2100,66.39886686159143,1,0,659234.9506625846,DDoS
0.03424203834874223,18,310.15032313858524,0,0,163036.60896693074,Benign
0.31720517709494267,2709,48.45387626849945,0,0,413806.45805814554,DDoS
2.2306426837682816,48,265.968438791148,0,0,5723.231764044054,Benign
4.2773022346027,49,125.3378506624746,0,0,1435.847724946123,Benign
2.6209292302845397,715,566.9075254496365,1,0,154654.6453879202,DoS
2.8648093847789595,47,178.9533217708117,0,0,2935.904276185239,Benign
0.9756985268002493,9,338.1263517237812,1,0,3118.9318031398852,Spoofing
0.05559359671855816,25,124.76353543648045,1,0,56105.17343755171,Mirai
0.8013363275155537,576,572.7107373515545,1,0,411664.0833409521,DoS
0.48911091430885406,4897,79.07567453806985,1,0,791709.1336228197,DDoS
0.062349510677399016,27,153.34547292636762,1,0,66405.13652840498,Mirai
13.062016358211523,6,180.68814556443164,0,0,82.9985848781337,Benign
9.604722511143235,12,134.42001771400447,0,0,167.94240652935386,Benign
3.268832384659616,4,260.18021973909515,0,0,318.3769482462317,Benign
0.005461416255350572,28,109.61960417862116,1,0,562006.0390002939,Mirai
5.645228170502992,46,150.97268364418485,0,0,1230.1971218665062,Benign
0.03875029588868984,3522,66.87492360228816,1,0,6078236.966340294,DDoS
1.5206696055711912,23,286.45257591666416,1,0,4332.571139678003,Spoofing
0.058435953263353824,75,148.52951840816388,1,0,190631.16554989433,Mirai
0.659422279781741,3620,63.00973727311947,1,0,345901.64136429946,DDoS
3.2957586134463144,49,222.25087989507094,0,0,3304.3357818826107,Benign
0.03363269972122517,83,146.59499414655238,1,1,361772.45998736063,Mirai
0.2998776067262264,1378,76.52200655554579,1,0,351634.54245455,DDoS
2.0688193759608953,14,196.97115298742722,0,0,1332.932286823335,Benign
18.035819929314254,44,231.9779282750672,0,0,565.930957622454,Benign
0.6024062173068894,10,352.40025076955607,0,0,5849.877385811069,Spoofing
1.3406960642495063,519,480.4656195670374,1,0,185994.17362717466,DoS
0.21207359255424008,53,113.5880757760114,1,0,28387.164774364268,Mirai
0.10706465984504705,69,150.8529797369749,1,0,97220.27433623603,Mirai
1.2099739910611174,940,80.29208118807405,0,0,62377.007170708086,DDoS
0.4732640178265997,2803,59.116329131441915,1,0,350128.18281939195,DDoS
0.8544865317929689,2578,67.58920508872643,0,0,203917.74970767365,DDoS
21.17227300990568,30,165.79091364826775,0,0,234.917026014213,Benign
0.6188597792155337,1007,60.11907149718837,1,0,97824.91451360603,DDoS
0.1090316302749387,88,142.66496945126008,1,1,115145.6442506903,Mirai
0.045762699945186856,510,630.0309545788696,1,0,7021346.800343634,DoS
0.16917118506709275,68,130.37556813605593,1,0,52405.725181482645,Mirai
0.4127158383100174,4944,72.09622427126908,1,0,863654.1167325072,DDoS
0.41216043502633093,723,434.38092633638456,1,0,761978.5477981224,DoS
0.3009719177698001,255,530.2224044757844,1,0,449233.64991393837,DoS
0.47133173227058617,752,52.67392709478746,1,0,84040.15784055053,DDoS
0.7545429159459147,823,627.5771820758323,1,0,684515.1017035487,DoS
0.06555426581159471,12,298.9950586026673,0,0,54732.375670927,Benign
0.2935282624959114,3922,66.23249418808042,1,0,884970.4624585161,DDoS
8.689315359148297,29,157.86480031696266,0,0,526.8630519172051,Benign
0.8561689252025712,25,281.8722407941357,0,0,8230.625770710032,Benign
0.3621892510081733,4474,69.89827865934615,1,0,863429.5409138402,DDoS
3.21127784485793,567,433.06340123702944,1,0,76463.93752399177,DoS
0.5181460204686645,9,185.57410674155622,1,0,3223.3519021594248,Spoofing
1.99649916246971,1185,450.94905297709283,1,0,267655.8236652716,DoS
0.9982557131434291,1439,546.2252329293049,1,0,787391.5469115225,DoS
0.34724067530728814,1861,74.46879032323288,1,0,399107.6755881071,DDoS
4.7898013039461125,776,319.72616462792803,1,0,51799.122344984746,DoS
4.670832544029484,28,237.2215970715874,0,0,1422.060126410415,Benign
5.91557648589785,26,236.78004574967719,0,0,1040.6899824839682,Benign
0.5305060968852258,19,189.2824144344897,0,0,6779.122606452104,Benign
0.0721486337035954,2687,69.14049919248501,1,0,2574969.3624613876,DDoS
8.88754928833764,26,109.07468401631718,0,0,319.0915394579704,Benign
0.6340236525008616,42,192.0177719857456,0,0,12719.945685922745,Benign
6.545289157399077,46,205.06230494119876,0,0,1441.1687246287393,Benign
0.4690165720903577,24,283.4769660591729,0,0,14505.771416770838,Spoofing
6.760439226433959,9,273.34754367609287,0,0,363.9006003434662,Benign
0.3862001134779228,3597,61.30320038275479,1,0,570967.2371429128,DDoS
18.486869746829626,25,184.54829871477025,0,0,249.56672119467257,Benign
0.9456720420198204,1335,656.9727539241077,1,0,927444.8091067722,DoS
9.41774822361976,4,117.37977073036151,0,0,49.85470749195544,Benign
2.479205792707992,5,172.88404571575663,0,0,348.6682029871318,Benign
0.3701627236128404,616,39.34506006686986,1,0,65475.412447368064,DDoS
4.999355152849137,4,256.35222983981686,0,1,205.10823656424688,Benign
4.9305475573918764,41,155.2652073173917,0,0,1291.1088324195034,Benign
12.619153776085517,25,244.3013693505693,0,0,483.9892073697195,Benign
11.836964363324388,46,214.7102509964804,1,0,834.3922683792093,Benign
2.975709607987903,35,196.26991589950623,0,0,2308.507200448117,Benign
3.9018984013591105,29,176.123115568194,0,0,1308.9962439049043,Benign
0.06592635649482925,32,106.18746004976389,1,0,51542.340609388244,Mirai
0.09737096724706439,874,85.49589758044522,0,0,767409.5944400915,DDoS
0.3516278210584264,1975,56.36948870443529,1,0,316612.43372651446,DDoS
1.7230949031572338,14,272.5811122196619,0,0,2214.6984266989275,Benign
1.2406312935560506,12,309.9672606353654,1,0,2998.156782715667,Spoofing
1.0306160032986242,10,219.7572166578453,0,0,2132.2899698285587,Benign
0.10228215885859501,45,250.8321603657941,0,0,110355.97353850948,Benign
1.7199143131987389,950,412.9233623559261,0,0,228079.49862837236,DoS
4.419238385784895,22,181.76958640511228,0,0,904.8914206066812,Benign
0.6429947406352682,37,245.10291233963522,1,0,14104.015450587776,Benign
0.5084363683833455,4278,55.04052996411221,1,0,463112.79410472827,DDoS
0.49568578470259284,58,133.4206850572249,1,0,15611.502230111393,Mirai
0.4423859797796655,4669,72.04410970923577,1,0,760363.0395338389,DDoS
1.394569786202177,298,608.4215204141362,1,0,130011.14385044288,DoS
2.0501750985568115,9,240.22018463934762,1,0,1054.5351288658328,Spoofing
5.69250984544097,38,173.2899591448825,1,0,1156.7864836947729,Benign
5.792077968967807,37,249.4263052323721,0,0,1593.344106043242,Benign
3.8639532680934616,13,203.19106125168196,0,0,683.6220867586262,Benign
0.21532354590462388,4436,61.92903188463364,1,0,1275834.3927789438,DDoS
0.001377393248181633,3783,77.2699403348791,1,0,212221298.94475946,DDoS
2.017360916882372,8,147.42224002489576,0,0,584.6142404809625,Spoofing
5.182845865806007,299,479.82256237008414,0,0,27681.11378638191,DoS
1.4322535562042145,221,509.8080450279794,0,0,78664.54753289439,DoS
6.042747335317396,47,251.44245768047972,0,0,1955.6990976459244,Benign
0.03888668819850354,30,137.5562830584131,1,1,106120.85222292595,Mirai
0.35210844411679554,10,418.153761777176,1,1,11875.709565160925,Spoofing
0.23780101847249663,50,131.5195617801123,1,0,27653.27975147496,Mirai
4.720259785121644,47,124.66779388731231,0,0,1241.327083558533,Benign
12.395796780687402,667,206.6229352770523,0,0,11118.083029927771,DoS
5.833415225107147,44,266.77265308508714,0,1,2012.199763394733,Benign
0.963744124536809,29,250.34607529227102,0,0,7533.157400015435,Benign
5.630583748242892,37,196.64406893685742,0,0,1292.1982650438786,Benign
1.8118636269328716,1114,548.9134487074537,1,0,337492.05667053146,DoS
5.621051186942365,279,480.1975101041299,1,0,23834.5286074382,DoS
10.251238621353615,1,187.989556449874,0,0,18.338228519847984,Benign
0.9675695860512991,36,246.5505927434552,0,0,9173.315766349238,Benign
0.022966011321597313,1113,70.50689717485803,1,0,3416970.2111841952,DDoS
0.7194576393845866,41,203.57967739178176,1,0,11601.470769290536,Benign
5.2896804582758,7,149.0626099692911,0,0,197.25922539471352,Benign
0.055393841959867685,733,69.29471988089395,1,0,916943.614589765,DDoS
0.09535945279430781,17,113.79743558329413,0,0,20286.991464693867,Mirai
0.5461690729889597,46,105.10639220309235,0,0,8852.376087285304,Benign
12.750597911792896,34,160.60681105060866,0,0,428.26474597479165,Benign
14.475745893420262,25,84.39331025307916,0,0,145.7495020885917,Benign
1.2633087823933737,26,327.57932739005895,0,0,6741.869154115845,Spoofing
8.171968385190365,1258,535.1398635567293,1,0,82379.90122115277,DoS
9.941978395947102,765,621.454744200496,1,0,47818.73993079525,DoS
24.814969150125698,38,242.79682293500372,1,0,371.8029716544462,Benign
0.9037038925515719,2173,67.55951214844326,0,0,162450.1356125224,DDoS
5.9474378331790225,33,314.48731922366676,0,0,1744.9667950263743,Benign
0.18488548789841258,1249,583.69074694647,0,0,3943142.0563236126,DoS
2.4030980451802195,11,282.48677190558146,0,1,1293.0618861738374,Spoofing
1.4038612572536084,1119,391.72374859468573,1,0,312238.03093973914,DoS
0.08280778474913902,78,123.1458996857591,1,0,115996.10114662656,Mirai
0.7565917168115203,1008,519.7715374657919,1,0,692486.7112919212,DoS
8.720993013236157,40,206.44616562749889,0,0,946.8929298036052,Benign
0.9232213234675332,22,296.1269392630346,0,1,7056.588163841156,Spoofing
1.8819173594489857,37,174.72899824725286,0,0,3435.3118125448727,Benign
0.6184809687766429,3671,65.72777752519352,1,0,390127.88343714294,DDoS
11.599640018057833,8,193.8002111673895,0,0,133.65946589079624,Benign
11.805488539914371,18,259.1175065994468,0,0,395.08022925274656,Benign
0.17835633337146825,1028,60.33159682259528,1,0,347735.7958713759,DDoS
7.568850722310123,6,251.7565431791931,0,0,199.5731339531717,Benign
0.5712758763158424,3768,59.60034645864418,1,0,393109.7299337221,DDoS
0.7510044201898814,4815,56.25038228496874,0,0,360644.4694874695,DDoS
3.275253936029021,32,216.15804188205715,0,0,2111.914824110462,Benign
21.433530082578123,40,130.67296717570235,0,0,243.8664404272213,Benign
1.0233498698135848,1033,51.826055586644756,1,0,52314.77229850657,DDoS
1.229491850689711,48,273.03007338747307,0,0,10659.235777160227,Benign
1.1383627246167913,1435,647.6190278539646,0,0,816377.1396180263,DoS
0.7707964632249554,1345,542.2545649305046,1,0,946206.1966138971,DoS
0.1238862218652806,78,126.26726998689583,1,0,79499.13162811559,Mirai
0.08608169402629096,1319,574.7995398627199,1,0,8807454.379875137,DoS
0.2870040237826852,1624,51.71220649094986,0,0,292611.309884949,DDoS
1.8527353142224425,594,490.0102420733516,1,0,157100.73724898245,DoS
5.561955071938394,24,254.252090898653,0,0,1097.105262923501,Benign
12.127897554468918,27,134.6656837209676,0,0,299.8024549709634,Benign
0.07148890659399038,87,137.37904004232044,1,0,167186.44966219983,Mirai
0.034163798543741436,4240,85.29813494110626,1,0,10586179.159417411,DDoS
0.027537354594316228,14,93.90349658243336,1,0,47740.568094562484,Mirai
0.10289941784440336,46,116.54447975272711,1,0,52099.86782172093,Mirai
0.003799332929043372,63,111.11755472626578,1,0,1842535.5393946392,Mirai
1.5968400516240653,23,156.9891709382583,0,0,2261.185099852442,Spoofing
0.0963481665307775,1310,62.90343601983434,0,0,855267.9739853686,DDoS
0.06919577788835195,1,137.65066519615328,0,0,1989.2928354422716,Benign
0.25718477431939424,4350,52.021208216029734,1,0,879882.0083287673,DDoS
7.645380865739174,18,211.3656897746159,0,0,497.6315088490036,Benign
1.0001473100188132,499,390.9607801192561,1,0,195060.6948848756,DoS
1.3771403476128796,270,520.7674780484248,1,0,102100.86380578548,DoS
0.5066194413260448,939,547.7662138095501,1,0,1015263.9887266901,DoS
0.08423606294767462,17,169.5781479304429,0,0,34223.210510304496,Benign
3.0561768533711096,9,220.32710691333475,0,0,648.8315491404663,Benign
1.4462563963784816,1429,63.718330915504474,0,0,62958.05854775105,DDoS
6.465207796441489,2,198.39070245278586,0,0,61.37179459629494,Benign
0.03670260274988584,50,131.35406733949884,1,0,178943.8043871526,Mirai
11.894700251091626,11,292.95798600620594,0,0,270.922156762422,Benign
1.7903475466831398,27,162.39476029517328,1,0,2449.0543951049335,Benign
4.647098757916903,3,245.2433754612376,0,0,158.3203122443452,Benign
2.833914247869113,1422,516.4590820459078,1,0,259148.56641180918,DoS
0.25345564285463956,284,455.5080986380008,1,0,510402.1301564964,DoS
1.1991275321000785,41,195.14415002667863,0,0,6672.276248283216,Benign
0.5132005085363999,26,174.09679146804652,0,0,8820.171653918298,Benign
0.8302209115930482,4165,51.113882056348686,1,0,256424.90545822924,DDoS
16.096681907772698,36,129.21929782039956,0,0,288.9971205362576,Benign
2.778904094366264,785,582.1848121413151,1,0,164458.74417093035,DoS
0.3628160546997915,720,665.8497340198389,1,0,1321363.2701313852,DoS
2.878684595580528,24,240.0819858451846,0,0,2001.5974202698114,Benign
5.852294541053711,11,232.18670005960547,0,0,436.4191998094136,Benign
1.7316121842345458,18,298.71244502751506,1,1,3105.0971224668765,Spoofing
0.09975870373477,1423,41.91246610492438,1,0,597856.9992837617,DDoS
4.308379920161492,1131,337.839857709551,1,0,88686.90462543516,DoS
2.2304825753149977,34,212.19218362467532,0,0,3234.517195105232,Benign
0.07842265007300316,4047,70.20459802462337,1,0,3622907.5138517646,DDoS
2.506613225395793,39,190.85987241336684,0,0,2969.5586653365626,Benign
0.4358808107515452,3807,50.29743410792114,1,0,439299.7510459388,DDoS
0.8926652269258332,25,299.470700467721,0,0,8386.982360090364,Spoofing
11.846142840984612,26,169.13577153723907,0,0,371.22041486397507,Benign
4.6603994297358735,29,169.05082745569385,0,0,1051.942879602697,Benign
7.561057411537476,12,145.23817896999014,0,0,230.50455151688718,Benign
4.408047326072431,14,136.8297944439955,0,0,434.5727213239226,Benign
6.272657780285439,35,205.54723991226675,0,0,1146.9067258124776,Benign
8.005194757392209,11,68.62875934838488,0,0,94.30330875274757,Benign
0.17449081864711802,99,148.8905285963628,0,0,84475.2889884122,Mirai
0.47453409182129463,795,65.4599591431264,1,0,109666.8678093281,DDoS
7.27876240822029,18,163.62675967728603,0,0,404.6404469618196,Benign
0.4441594736909723,9,397.40384175605726,0,1,8052.590989634027,Spoofing
8.459729167315812,21,201.37931758117762,1,0,499.89374193483064,Benign
0.26191123206577993,20,374.135738750693,0,1,28569.659712549288,Spoofing
0.06827450433766936,31,202.44241966047426,0,0,91918.8659127647,Benign
0.08033767288990401,39,114.66709614084044,1,1,55665.25129027945,Mirai
2.3306136696871764,1237,364.96821901684734,1,0,193711.07824336994,DoS
0.2775052323342094,42,133.06517244534587,1,0,20139.213937320692,Mirai
0.1616971485975551,9,247.7159624315349,1,0,13787.773508812039,Spoofing
2.0105608674082487,34,193.01781793792094,0,0,3264.0672144131413,Benign
2.1855909204436963,22,420.8585321231371,1,0,4236.33152027799,Spoofing
3.7617373337308777,3,213.2412121232389,0,0,170.06068728760525,Benign
1.6675255787085097,5,305.90212558890806,0,0,917.2336829334508,Benign
10.18026074999905,6,173.290581724477,0,0,102.13328674778384,Benign
0.4165408398566664,1393,48.97611018310483,1,0,163786.39249044855,DDoS
0.22011172960777198,21,205.3593232391208,1,0,19592.53055576037,Benign
1.2221779412167195,3315,68.70967069785162,1,0,186366.11796202348,DDoS
0.6557631077865813,2768,71.34964815751985,1,0,301169.4676857151,DDoS
0.35979228546015496,43,132.33138612341773,1,1,15815.374129074055,Mirai
0.03933955868607217,74,130.3294815458398,1,1,245157.3417829584,Mirai
0.6486824881948662,3100,60.488412121160685,1,0,289069.1223951591,DDoS
0.7981117552875914,31,178.13796046627323,0,0,6919.177343108515,Benign
4.67518628695563,26,217.0809469501943,0,0,1207.2470002859197,Benign
4.574380992410395,11,185.43540314075995,0,0,445.91594752004374,Benign
1.9690513144548603,48,281.9689415726154,0,0,6873.619339490206,Benign
8.690976135968642,39,232.95040785669624,0,0,1045.3447074617457,Benign
3.6527736619608238,5,206.23977837479447,0,0,282.3057181485536,Benign
0.7711934919454059,12,116.00992387094337,0,1,1805.1489036033918,Spoofing
0.5731300658441465,4648,51.69545825405376,1,0,419242.5145432561,DDoS
0.3534499772512564,1,169.55069758324188,0,0,479.7021035390071,Benign
0.7267278163903752,4868,59.52058790064712,1,0,398699.78190666594,DDoS
9.466031707105298,12,231.00529599191404,0,0,292.8432565699341,Benign
0.6895476214049931,859,66.96295365503667,1,0,83418.7159872639,DDoS
1.4135099684557437,930,509.47384758329065,0,0,335201.5117163251,DoS
0.023070124402729843,4263,50.194289825530035,1,0,9275123.696381755,DDoS
0.6324418318155649,3384,61.67400761564514,1,0,329998.47776072857,DDoS
0.28203772688645296,28,259.8313740136242,1,1,25795.408836600327,Spoofing
0.129413353834374,53,134.20351654365678,1,0,54961.76527436965,Mirai
1.1175919463279442,1253,494.6736746786087,1,0,554608.6086329187,DoS
0.11069106207764118,752,61.0097154511314,1,0,414480.674031929,DDoS
0.004997144869700496,936,534.6782554594196,1,0,100148957.08637156,DoS
2.2731682792012835,15,234.83789313571506,0,0,1549.6294001926863,Benign
0.5000462280688881,41,178.03911175890937,0,0,14597.857502706061,Benign
0.6576456909453492,21,324.1882996293754,0,1,10352.00927482794,Benign
0.11065305171886915,1733,56.185239341987455,1,0,879948.797318713,DDoS
0.950653183830755,3430,65.4321308320613,1,0,236082.10919738107,DDoS
8.006151324174787,28,182.843344347015,1,0,639.4600144838145,Benign
2.0157743033663595,6,271.1420144033109,1,0,807.0606335754003,Spoofing
4.454862638908079,15,292.94761049036873,1,0,986.386004133359,Spoofing
4.814581721478126,496,677.764481881943,1,0,69823.54905593663,DoS
0.8515659902794045,2586,70.51384160505924,1,0,214133.48639117603,DDoS
0.08413242650637523,56,165.6573149928074,0,0,110264.37753931004,Mirai
11.535475547918388,27,152.17376639340273,0,0,356.1787873897665,Benign
0.03053726137312926,33,142.3393095446278,1,0,153818.5483491305,Mirai
4.675862089309849,7,131.90432357538333,0,0,197.46738620427652,Benign
0.010847204364569533,91,141.42123316887537,1,1,1186419.2639721113,Mirai
4.703176911225173,36,242.3186073616393,0,1,1854.803684760087,Benign
0.007413222051069571,39,142.4516962206641,1,0,749419.9032935136,Mirai
0.1430122004538409,10,273.7828588199297,1,0,19144.021136035648,Spoofing
8.44679073205035,12,221.77007707421305,0,0,315.0594124219027,Benign
0.4037372435621428,2499,51.154347660289446,1,0,316628.4925195095,DDoS
0.7878991335396999,10,374.1692046804644,1,1,4748.948041096064,Spoofing
1.0097714561898183,3661,63.61636693094048,1,0,230645.77425566711,DDoS
0.03753020282682634,32,153.04110183116157,1,1,130489.97579881453,Mirai
0.004358562787651273,3096,67.37656797693964,1,0,47859320.74848315,DDoS
2.1942042722737,47,220.82768808145238,1,0,4730.143620162281,Benign
3.6887913382846023,43,220.94334634584106,0,0,2575.5221755886064,Benign
1.0380696306285566,25,181.51893838099767,0,0,4371.5501596720205,Benign
0.09885168091927965,83,97.30794334298228,1,0,81703.81345424657,Mirai
5.108737148871876,9,292.50878194723566,0,0,515.3091577840237,Benign
1.0621658275888586,1267,70.35973939699005,0,0,83928.316558959,DDoS
0.08660811643875461,1579,53.10183896512774,1,0,968128.7063347015,DDoS
2.0667576536019703,600,59.797369453089225,1,0,17359.762335619846,DDoS
0.10410795891179062,26,132.44929724684945,1,1,33077.98716269017,Mirai
1.1015983117831134,12,247.66303074093233,0,0,2697.858499874242,Spoofing
0.7275381934095773,3301,68.82418224724753,1,0,312270.37653302314,DDoS
0.2850703163367431,69,135.93345053081538,1,1,32902.086078814005,Mirai
0.02452665536937254,72,120.6810350554992,1,0,354269.03477619303,Mirai
1.1078243953336961,2928,79.22696973515838,1,0,209398.3201323783,DDoS
1.2219168969265877,18,285.0832045587046,1,0,4199.54719912919,Spoofing
1.70245478869764,26,140.44534189002027,1,0,2144.8903744069157,Benign
1.761785377901921,49,164.6918896588965,1,0,4580.525354851244,Benign
0.04213510804263432,30,147.25227149423264,1,1,104842.92909269565,Mirai
0.027696553270459664,1906,64.42039036997231,1,0,4433232.642565904,DDoS
0.09191146962513941,13,142.6469615930105,1,0,20176.05102249309,Mirai
0.06264609773075688,94,143.95131245371908,1,0,215997.86516321468,Mirai
0.16744937780123004,41,166.64673587351166,0,0,40803.47302887254,Benign
0.0735157603627326,76,109.70870160014763,1,0,113415.9706771929,Mirai
0.570086334556445,2060,65.47822090303245,1,0,236604.75069130378,DDoS
1.2019652970695556,4252,38.68569954221995,1,0,136852.19935596894,DDoS
7.408463314252174,730,498.41448661124167,0,0,49111.74690252663,DoS
0.7925891174839552,8,322.5587394155539,1,0,3255.7473455048653,Spoofing
3.1713060216363482,9,182.70611999979982,0,0,518.5103767279245,Benign
0.9711114268454619,3060,63.2588107930549,0,0,199330.32984231596,DDoS
0.6899026363711872,1037,412.38682381808536,1,0,619863.0266855066,DoS
9.621142944472263,1100,602.7030383464066,1,0,68907.96093638256,DoS
0.9174499471732654,1248,545.4672740942581,1,0,741994.8741258928,DoS
2.269609062805579,23,227.5699171389121,0,0,2306.171657476919,Benign
0.22385683533253242,48,215.4569093667399,1,0,46198.8647085129,Benign
2.590183623691647,26,203.10754530428636,0,0,2038.7728999633687,Benign
0.09167963798679604,85,122.64215116603393,1,1,113706.63189806946,Mirai
8.25072272205841,33,203.79997103259757,0,0,815.1284766963847,Benign
12.519105366901845,4,237.3234146943057,0,0,75.8275955793915,Benign
0.7518389152336946,27,220.20157246087803,1,0,7907.867411459649,Spoofing
5.531267113927355,4,236.62382646190497,1,0,171.11726596323814,Benign
0.03214683403795594,6,259.1378246476422,1,1,48366.40976993444,Spoofing
0.5887468407460789,620,379.47528355010417,0,0,399619.4281109296,DoS
0.01756449910455127,30,79.16168874150354,1,0,135207.42311574036,Mirai
0.7974046062809899,47,265.7896706359801,0,0,15665.967341413983,Benign
5.203355473154611,11,154.92848996135032,0,0,327.52199967257843,Benign
1.2936926765366599,599,442.6804192531114,1,0,204967.9772807306,DoS
0.03509530789552484,40,151.13056171960187,1,1,172251.58664457616,Mirai
0.6035794359569652,299,576.5810621655993,1,0,285625.5984171834,DoS
1.7906634298364488,19,218.4446750790181,0,0,2317.8274361030694,Benign
0.10908784852962577,93,117.9189835537112,1,1,100528.75382831387,Mirai
0.12169537904088563,33,139.88872684845683,1,0,37933.46980289318,Mirai
0.6530760221297485,339,504.6720120264972,1,0,261966.15138167306,DoS
0.002962537016644167,13,114.00861442843156,1,1,500284.71517580637,Mirai
0.23059857029247455,53,136.53580386517288,1,0,31380.930053798857,Mirai
2.108765625752549,1267,431.452714731158,1,0,259227.76001685613,DoS
11.728001287458872,39,213.4891964699968,0,0,709.9315951843575,Benign
0.31788391046935216,907,64.11593859325372,1,0,182938.3444359251,DDoS
3.1596515880078453,21,259.579419815756,0,1,1725.2433264541767,Benign
0.27650584241578413,1178,56.85342883680187,1,0,242213.10690804222,DDoS
0.38009276974718526,767,63.97480065336965,1,0,129096.56801357215,DDoS
0.20723648073933226,44,177.0300890335178,0,0,37586.64444448084,Benign
9.94157317388732,21,262.0469593692403,0,0,553.5327307360438,Benign
0.5366221953086209,41,242.317571310301,0,0,18513.994595412765,Benign
0.06187925588125523,84,148.6208547756532,1,0,201750.19274814246,Mirai
0.41924403089947054,21,405.4886262542436,1,0,20310.98959970874,Spoofing
1.395147911245643,35,206.4279460684693,0,0,5178.646689830672,Benign
2.623634794075882,24,277.0102688241762,1,1,2533.983185004195,Spoofing
1.5622908916929032,2976,56.05916293394553,1,0,106786.8152970169,DDoS
1.7255105972788445,42,196.3263472717891,0,0,4778.705270439221,Benign
18.47718049298555,11,177.84334696987509,1,0,105.87528857074719,Benign
1.2665259412464676,2552,53.345794747154685,1,0,107489.68004615551,DDoS
0.13733776719456436,69,95.69341443486573,1,0,48077.420587824054,Mirai
2.236311833507042,279,386.1691080498175,1,0,48178.06690980862,DoS
13.426381613649783,6,276.45505033366237,0,0,123.5426155559026,Benign
4.704221495100619,40,255.87602743873035,0,0,2175.7141129959264,Benign
0.5825185707835568,1485,60.47661741521029,1,0,154171.52579493754,DDoS
5.385798662093081,23,182.90597941941877,0,0,781.0981788561197,Benign
0.6194373528351061,22,272.9409567928235,1,0,9693.798770705656,Benign
1.3901939433321544,45,188.42909693975037,1,1,6099.371532266008,Benign
0.10282278922082465,71,104.66822506937686,1,0,72274.28896103773,Mirai
1.8587971238170737,18,450.0415555852818,0,0,4358.059250651324,Spoofing
0.46293980297778975,4750,80.69853498608192,1,0,828008.390547225,DDoS
0.35964062406561154,27,307.32248132426486,1,1,23072.218321591354,Spoofing
2.4087377189291415,31,153.3878463753589,0,0,1974.0726440527856,Benign
0.4652091633813163,1375,55.9274639437724,1,0,165302.5541538065,DDoS
3.0306602077227502,31,199.49029360755466,0,0,2040.5451875058686,Benign
1.2851481626885095,774,478.0800779225458,1,0,287930.9880799621,DoS
3.25177411638072,9,348.94148055588613,0,0,965.7722869442038,Spoofing
1.666855088754106,919,671.5088195332523,0,0,370228.1075989178,DoS
3.390461521547806,43,246.3548739445568,0,0,3124.4299669208253,Benign
3.244053985493696,1070,413.49230773658826,1,0,136383.9107661512,DoS
1.6370201595256044,3,271.4732354538277,1,0,497.50132985380924,Benign
0.08957273002960722,14,130.7702116603547,1,0,20439.06624973719,Mirai
2.67799880326477,2477,51.56641262390646,1,0,47696.064656078124,DDoS
0.43988578068766415,1136,64.8004126921526,1,0,167346.32500102025,DDoS
0.6260964686955336,4661,67.32079605959248,1,0,501172.3370481917,DDoS
0.9200900719160882,594,454.2675289522302,0,0,293270.10521447466,DoS
0.3954003653631019,28,160.3197883388305,0,0,11352.933549681935,Benign
2.5407331398956754,356,587.3942280471957,1,0,82303.93893055136,DoS
12.656635425355292,33,90.2141096695906,0,0,235.21777463325478,Benign
5.060485482909268,860,442.6020206556737,1,0,75217.63258671599,DoS
0.19278211481115437,57,118.08679172162442,1,0,34914.79038253158,Mirai
0.001,85,110.87160854077261,1,0,9424086.725965671,Mirai
0.9877844124400518,2909,71.48086947243212,1,0,210509.34462678077,DDoS
0.37463312809106186,1484,60.90856515851058,1,0,241271.5371857319,DDoS
1.9933941354033466,13,199.09620433221374,0,0,1298.4139013708234,Benign
0.15571443541858895,95,145.7495512121952,1,1,88920.51226938209,Mirai
4.5419627907000635,16,275.284442467104,0,0,969.7461829701119,Benign
0.8319289947341002,3550,71.62492933547807,1,0,305637.26081240387,DDoS
0.8359213418685795,30,170.26851458733037,0,0,6110.689106467366,Benign
0.9402887336660168,32,191.51600857658727,0,1,6517.691912096856,Benign
0.4216613145603312,295,469.72254548744615,0,0,328624.29189948924,DoS
8.367089394523136,2,233.02444911728486,0,0,55.70024129772444,Benign
0.4560205541138122,1070,486.75744150566635,1,0,1142120.585821392,DoS
16.38539430658045,36,204.23988645130717,0,0,448.73109396544737,Benign
0.7073697335280832,46,108.640203126437,0,0,7064.833434264683,Benign
0.1179086100177049,1005,51.790494290011296,1,0,441438.89707160246,DDoS
0.05157017837144527,47,104.94627855910072,0,0,95645.8800035657,Benign
17.787862551523446,7,204.1647318773404,0,0,80.34428639201413,Benign
1.6252469156483278,537,714.9555089228005,1,0,236229.40280332096,DoS
16.1689687107094,33,163.1499157598625,0,0,332.98024854915104,Benign
0.03376527669762237,62,117.97652933598343,1,0,216629.19822440064,Mirai
0.6740037400725678,12,336.1155466290813,0,0,5984.219848861244,Benign
1.6373478786747666,42,143.8244827308276,0,0,3689.2760258033327,Benign
1.343838276462394,1448,470.44551987409864,1,0,506910.03873691027,DoS
6.109140673056233,2,180.80281889682703,0,0,59.190916881073036,Benign
13.349598844202797,15,193.2434996462149,0,0,217.13405238030757,Benign
6.2027289705298925,41,137.65847399283587,0,0,909.9216587604842,Benign
5.89744157938763,44,113.01273337596595,0,0,843.1724505626786,Benign
0.04935548163044099,19,141.869916412092,1,0,54614.570110227156,Mirai
4.904860622358389,30,140.97507565011807,0,0,862.2573800007398,Benign
0.002064481122648592,33,137.29125455330188,1,0,2194552.1083023944,Mirai
0.03265409574207065,95,147.76646231212726,1,1,429894.43133058964,Mirai
0.18041467018797983,1528,68.122805981435,1,0,576957.7797147884,DDoS
2.8851020335066497,21,250.7119877408573,0,0,1824.8754052413199,Spoofing
6.116504406552208,37,242.4760993497062,0,0,1466.7880671071582,Benign
0.43208811218608273,16,230.66138634717495,0,0,8541.272202289649,Spoofing
0.6244389244030006,47,182.15576751306656,0,0,13710.42184998195,Benign
0.36348093369505563,1067,512.517092815183,1,0,1504496.349986236,DoS
0.7963609829689935,4421,79.51137608317391,1,0,441407.6043167956,DDoS
2.0456257335150276,30,211.76362778030406,0,0,3105.6066265322293,Benign
2.029067035197609,468,511.93339870721115,1,0,118076.35057835431,DoS
0.22711087424262358,556,452.4136936863549,1,0,1107573.6224804888,DoS
0.25626629000740186,23,213.19330104514725,0,0,19134.182353429154,Benign
0.879134315856075,43,180.26601456697483,0,0,8817.126674018857,Benign
0.5428638359736155,1330,535.0449811250302,1,0,1310844.0418029171,DoS
3.139438131305335,1392,562.2746882478016,1,0,249307.7848027251,DoS
5.84775701195809,16,407.90300982721317,0,1,1116.0600797689547,Spoofing
0.06587445458544462,44,86.72123140793775,1,0,57924.33813626401,Mirai
1.4022509694073018,14,228.0722293911042,1,0,2277.0611546270275,Spoofing
0.27250110387152443,1242,473.6875473039564,1,0,2158963.488195218,DoS
6.041125574233827,18,132.01146047057887,0,0,393.3383372471586,Benign
4.90365984996224,39,141.86391665471587,0,0,1128.2782490666684,Benign
0.06135202189103232,62,112.6541081950107,0,0,113843.9205882403,Mirai
0.011309161100022155,956,574.7280555747859,1,0,48583623.15914122,DoS
5.284350926116174,11,173.64579781693055,0,0,361.4642181589746,Benign
5.035960866265402,36,189.64416917512446,0,0,1355.6876774079124,Benign
0.697633174980095,17,235.7406209154301,1,0,5744.552723824604,Spoofing
0.1571504591038784,2439,45.86568441826455,1,0,711842.6820643404,DDoS
0.5543250600715296,1549,79.98277667749113,1,0,223503.01293873793,DDoS
0.44793900646889856,975,51.943954424442936,1,0,113063.06178394466,DDoS
0.11607921863209722,43,114.08980522269385,0,0,42263.048307764104,Benign
12.472677830123015,49,176.40039136883325,1,0,693.0042846290354,Benign
0.5658433308618953,46,155.59186768128262,0,0,12648.776654196983,Benign
3.094773559445562,13,92.44899907314725,1,0,388.34407909515255,Benign
0.11224044265137645,25,127.35579263931072,1,0,28366.734314048274,Mirai
1.3328096908149847,1565,55.99006042634929,0,0,65744.15325090874,DDoS
0.06719768102995259,72,120.46867028799825,1,1,129078.02959553995,Mirai
0.16788893699341942,62,108.38305906759209,1,1,40024.9699743712,Mirai
0.07218110956763368,11,227.73616513254603,0,0,34705.726075196035,Benign
0.021933825336766088,1158,393.3331262225239,1,0,20766088.594778534,DoS
0.11697165467218552,4643,63.795267980307095,1,0,2532249.6297301594,DDoS
0.221027509416585,35,102.84866140279367,1,0,16286.222283368277,Mirai
1.1371856662601894,35,202.5776591105591,0,0,6234.88167256526,Benign
0.5624251956351608,538,438.68111856125995,1,0,419629.92344150826,DoS
2.2628424424672975,576,593.0129915945103,1,0,150949.74212433453,DoS
2.95898298989371,29,200.66909548934188,0,0,1966.6905112556778,Benign
0.5687953347313236,32,164.23312154526667,0,0,9239.632550662542,Benign
1.8801208285815034,574,525.2231479919299,1,0,160350.3787439152,DoS
0.732774831478019,901,392.61368221642533,1,0,482747.1038592986,DoS
1.961255183448423,40,129.9969014446113,0,0,2651.300096829647,Benign
6.988337861361806,1048,525.8836406068425,1,0,78863.68207855565,DoS
1.2588283658097663,1,247.5312272585083,0,0,196.6362007574233,Benign
1.6832750493289297,556,369.85252565141985,1,0,122165.42052599843,DoS
1.2908515104052474,42,226.7124672067643,0,0,7376.467042049481,Benign
0.048746770452985096,19,132.3974028474789,1,1,51604.45770511664,Mirai
4.338896283174745,32,194.3514762025466,0,0,1433.3708004494877,Benign
0.07873557703104114,5,196.01790108971073,0,0,12447.860832494538,Benign
7.167083088311504,21,211.50831017896965,0,1,619.7325270307114,Benign
9.449030563262074,4,181.16122651310724,0,0,76.68986793945356,Benign
0.5702677448842445,744,49.25049320289662,1,0,64254.672075821014,DDoS
0.187656953249088,34,167.86007596057632,0,0,30413.168730731977,Benign
0.14072821096679633,27,144.65240378041773,1,1,27752.89243883571,Mirai
1.312006082566314,41,159.91604816661078,0,0,4997.35333696492,Benign
10.703233020291915,37,110.58762570578907,0,0,382.29029895516555,Benign
7.61238690571969,12,166.80642667118795,0,0,262.94999779244836,Benign
1.076735808139999,32,273.4633657518663,0,0,8127.1818378328935,Benign
2.135892848441698,24,223.15298780646273,0,0,2507.4627274783425,Benign
0.4905766310853081,3059,49.642819658893984,1,0,309548.7549021667,DDoS
0.6917350000215168,3463,65.44485671241048,1,0,327633.47060366743,DDoS
0.9273169058405567,1427,54.76078922807351,0,0,84268.54480521781,DDoS
0.4718107563731841,3040,88.83252951945425,0,0,572371.2019942612,DDoS
2.5688976379339374,1129,74.74797528283403,1,0,32850.84732383169,DDoS
10.205453768965565,7,258.0476345371281,0,0,176.99687663598993,Benign
1.4101907500953452,720,62.547713541610804,1,0,31934.93770038907,DDoS
0.5571017344137245,25,229.6691125513852,1,0,10306.426024372435,Spoofing
0.8411647435567196,1357,44.81410576440697,1,0,72295.8754371517,DDoS
1.4891049952923097,1477,345.5090630406885,0,0,342700.40576347825,DoS
3.9660309380152436,46,87.0306871047907,0,0,1009.4252085748567,Benign
0.2574541726937162,30,125.54689799384761,1,1,14629.426668085838,Mirai
0.0781519786899537,40,111.62950388699869,1,0,57134.57586524215,Mirai
1.4787612560130707,4496,61.492149339635446,1,0,186959.6612075136,DDoS
0.8964954138187695,17,451.64019355140005,1,0,8564.330806410482,Spoofing
2.903395124319095,33,139.09257939653634,0,0,1580.9267852105247,Benign
19.388107269738953,28,259.7232402663833,1,0,375.0882242543239,Benign
0.024814251831838927,33,139.50270207302256,1,0,185521.98146481786,Mirai
0.5722419290090828,14,144.22611011395517,1,0,3528.517291789228,Mirai
2.4121802459275825,13,200.90499821619474,0,0,1082.7403885841045,Benign
0.002550595522864107,1,127.47908793839485,0,0,49980.126913751665,Benign
3.078825059610229,47,272.7734594967931,0,0,4164.040615536727,Benign
0.4943056361132985,32,248.99234265645057,0,0,16119.085810262035,Benign
0.10264167017498665,46,112.88215524893901,1,0,50589.38667500955,Mirai
0.5256258364995449,3835,54.96015830096319,0,0,400992.8592701062,DDoS
2.2018137745322757,7,238.40452162361146,0,0,757.9349673746976,Benign
3.571021772683036,47,147.315358803119,0,1,1938.8909686048985,Benign
1.25262035396526,42,161.09206419188018,0,1,5401.370554646609,Benign
0.8282772737040943,48,136.50081100494052,0,0,7910.441510650321,Benign
8.309360286602951,710,436.0123914000471,1,0,37255.43088956514,DoS
1.7108409154086355,26,316.86459109573,1,1,4815.456127036344,Spoofing
0.018815029852888764,76,127.53714218070097,1,0,515163.82814801054,Mirai
7.256762633644929,5,286.2871076053891,0,0,197.25538925447307,Benign
0.15075214887455704,66,134.53263924513587,1,0,58899.02237856281,Mirai
0.23171271769056145,33,121.0259672911975,1,1,17236.243916240608,Mirai
0.11530935946045312,67,135.04319526472472,1,0,78466.25915773692,Mirai
1.3291416783176146,4194,69.35718748341449,0,0,218851.04428719156,DDoS
0.3937705609193268,32,143.58754943941088,0,0,11668.72803120115,Benign
4.422883975037106,18,270.4738150673175,0,0,1100.7588484549542,Benign
1.4284358346799229,16,244.47818375285786,1,0,2738.415576729234,Benign
0.41636134062777796,15,205.34571063849694,1,0,7397.866610125802,Benign
3.591362404197209,22,280.05593428196346,0,0,1715.5691519749146,Benign
0.6128633320575286,4121,81.97016516497953,1,0,551181.6957800502,DDoS
1.777533381866578,542,489.9019653840662,1,0,149379.39728554388,DoS
0.31073406718384666,1866,52.781491749995226,1,0,316959.97963177646,DDoS
4.314841422473234,29,132.8277696066,0,1,892.7339249430538,Benign
3.4825241172738344,10,305.65777947205765,1,1,877.6903452181419,Spoofing
0.6412317850994863,9,208.64291244109234,0,1,2928.4047603449585,Spoofing
0.34585817631519433,64,122.44119181692338,1,1,22657.36886654263,Mirai
1.5980229630731335,11,384.29882541191466,1,0,2645.323113130759,Spoofing
0.5026270651862188,4542,72.27464801249512,0,0,653111.3702584464,DDoS
2.152823782520736,28,384.2237172976638,1,0,4997.2803959540815,Spoofing
1.6253193350621378,21,257.92169102857326,1,0,3332.486973332515,Benign
0.5757538181209081,27,248.0019590447713,1,0,11630.062508422057,Benign
2.9614261778616586,28,181.02305512890368,0,0,1711.555594902316,Benign
12.490437407536152,4,169.1925935553686,0,0,54.18308039501823,Benign
5.076571065726033,16,180.36626732369578,0,0,568.4664392197191,Benign
0.4537295003501275,216,575.6052020751903,1,0,274019.48419113003,DoS
0.021211085466844352,12,136.09996398365672,1,0,76997.45354177093,Mirai
0.7863868159958702,1937,65.28413782680168,1,0,160805.5633668952,DDoS
9.758482482055866,9,190.54949902548063,1,0,175.73895268888467,Benign
0.06995558172322845,70,114.27253681588826,1,0,114345.09413072493,Mirai
0.416105884664401,1458,506.68324415364066,1,0,1775375.4445742154,DoS
3.1270223380770252,37,305.6262016742471,0,0,3616.273962692939,Benign
1.6604860576306189,1041,377.8053272870019,1,0,236855.5543712123,DoS
4.505277707147684,25,211.42236365539344,0,0,1173.1927385961637,Benign
3.7814376198880084,25,200.82686800057726,0,0,1327.7150662512117,Benign
0.4844327548024566,17,334.43267667449584,0,0,11736.108772795144,Spoofing
1.0862617005017985,35,178.6288860986516,0,1,5755.529271228738,Benign
1.0139797285123673,4478,60.40023826419099,1,0,266743.2684713167,DDoS
0.08170329705069346,29,136.24228601461203,1,0,48358.22343830633,Mirai
1.8756370937755154,1100,780.1410378219177,1,0,457527.28203765064,DoS
1.6737599399396172,2,238.03578166877872,0,0,284.432403941232,Benign
1.8051847061466546,36,270.21209452951155,0,0,5388.720262220156,Benign
4.862646445791837,44,141.90878510584997,0,0,1284.0716704914835,Benign
2.107831338670549,912,608.6863166074581,0,0,263361.6412099311,DoS
0.591044402198474,4377,73.4433685479671,1,0,543887.4354257135,DDoS
10.121847505010768,17,199.04317591075457,0,0,334.30003651089663,Benign
0.11590853661914818,25,356.1552781775221,1,0,76818.17245001024,Spoofing
0.5302718408029088,4538,68.44105966648765,0,0,585710.0167647017,DDoS
0.01643593058432202,15,206.75578363838625,0,0,188692.49530258487,Benign
0.06010685294853521,1893,70.91356381080526,1,0,2233345.6121682664,DDoS
4.614332596376183,852,440.9638308194669,1,0,81420.481946455,DoS
9.761549182424332,18,233.94321639880457,1,0,431.3841805725209,Benign
1.5903505304048795,45,144.3419798879553,1,0,4084.2499629967483,Benign
0.12858273611113516,69,143.57946582902875,1,0,77047.5371875762,Mirai
0.38408832620954564,4915,49.146671290983505,1,0,628907.1364887024,DDoS
0.3427937931653204,3085,58.99767183625652,1,0,530954.2390899529,DDoS
1.0094973243565502,2568,52.76485279553605,0,0,134225.36019627776,DDoS
4.8104617724864305,35,214.62420939711478,0,0,1561.5647071271278,Benign
1.9564689948009604,24,181.879878315596,0,0,2231.119987678816,Benign
0.2532142809352881,1052,69.40184472023849,1,0,288335.7936053759,DDoS
2.066702758018407,26,178.87977690515265,0,0,2250.383700069822,Benign
5.2340182228009455,1,228.7102090535644,0,0,43.69686908181452,Benign
0.1716807936890888,92,120.09397789740204,0,0,64355.74841627252,Mirai
1.5482601514664216,18,360.52103362291103,0,1,4191.400649991565,Spoofing
0.008731702627546098,15,116.54278053857112,1,1,200206.28079610327,Mirai
0.03421395096093458,13,115.66289333792845,1,1,43947.50010339049,Mirai
6.541770847880745,37,242.33611693854218,0,0,1370.6435971585283,Benign
0.48302712904199735,7,247.87627384190276,0,0,3592.2079994443875,Spoofing
8.570574193020073,34,238.99372642153966,1,0,948.1029526528149,Benign
1.3932862656389486,16,228.37331398586383,1,1,2622.557269017607,Spoofing
0.12033959918963273,20,244.026618537203,1,0,40556.32895247767,Spoofing
0.6605625407288161,1269,489.76319303896344,0,0,940879.104771392,DoS
1.0810024126965823,16,346.35997828441646,0,1,5126.500725124778,Spoofing
2.3780280244420027,3989,68.78804542521182,1,0,115387.83831849755,DDoS
17.23773626349488,15,112.12238055260971,0,0,97.5670866859034,Benign
0.11253391138607376,3906,61.24623814059139,1,0,2125828.590072048,DDoS
0.10826089078929267,2295,60.60532549873855,1,0,1284759.6302372317,DDoS
7.2078704925599215,41,234.7951609745316,0,0,1335.5680585399705,Benign
2.686567397883139,368,678.7421052201653,1,0,92972.57716959971,DoS
1.386383126610553,28,183.7689607161109,1,1,3711.4783073211256,Spoofing
0.02305458425063177,1,138.99312259450718,0,0,6028.87135519255,Benign
0.07761886789577144,54,162.45255321409098,1,1,113019.39993946785,Mirai
1.3621213408308157,22,59.15819869491867,0,0,955.4804937527684,Spoofing
0.14644919832632047,23,358.8690995009548,1,0,56360.76798542992,Spoofing
0.13100293258303866,24,279.44918167169874,0,0,51195.65056965081,Spoofing
1.024679672857132,2912,65.49559597637172,1,0,186129.55886145154,DDoS
2.127865398873106,23,208.24571901316546,1,0,2250.918474373121,Spoofing
0.05104719322259658,82,142.49994233873232,1,1,228905.73475455187,Mirai
9.240975976097484,17,219.6717358128273,0,0,404.1152707763158,Benign
0.7784692025475253,2099,75.78695984719263,1,0,204345.69305848135,DDoS
0.88883982061266,1469,311.5669981047155,1,0,514931.8354125369,DoS
7.703542171857452,16,163.12358174319178,0,0,338.80223534386903,Benign
1.379201912777283,1097,413.2402341299864,1,0,328686.12828975904,DoS
3.639744568434945,567,339.7840741940742,1,0,52931.61826212463,DoS
10.145421791216654,29,212.70942894937002,0,0,608.0154740212123,Benign
0.6570259619590821,1820,68.45232362898501,1,0,189616.90438118705,DDoS
0.30274469603492316,33,121.08865761278706,1,1,13198.994907448427,Mirai
0.3261640763002533,3285,76.37077946498829,1,0,769177.3213906565,DDoS
0.9887971828419031,34,232.95602370844233,0,0,8010.242083541043,Benign
0.4811452890570922,37,170.8180286787414,0,1,13135.880585050216,Benign
3.9867027733569795,28,180.27569952087856,0,0,1266.1389307270072,Benign
2.2948367091500406,22,270.2852833096068,0,0,2591.1543985252556,Spoofing
5.294256512651553,13,208.80248436261394,0,0,512.7126519516706,Benign
7.42905640728661,385,473.7150933839627,1,0,24549.5929703727,DoS
2.80142854344591,42,273.68687890380846,0,0,4103.209750201468,Benign
3.2779802503475457,5,234.1833892069584,0,0,357.20683366248056,Benign
0.00725011945945337,11,127.47989484004246,1,1,193414.58455723064,Mirai
1.9529880485980864,929,515.3697512741228,1,0,245151.78128065952,DoS
0.8433169532951345,8,219.79562255534293,0,0,2085.0582613953106,Benign
0.8894846743760678,1774,62.80619298113761,1,0,125261.50203396457,DDoS
3.0780638539818916,12,239.25495156754823,0,0,932.7484922369221,Benign
0.09802540433267962,4157,77.77393991698752,1,0,3298188.570971633,DDoS
1.3064197454340447,1297,498.30274910855184,1,0,494709.811186347,DoS
0.8581405484931205,8,94.95975395954652,0,0,885.2606172850743,Benign
2.2733807448046086,19,220.20435224138282,0,0,1840.3792247065364,Benign
0.009587717454780393,25,211.66437907786897,0,0,551915.4587005848,Benign
0.15765496469841125,15,287.1098010651199,0,1,27316.913388774476,Spoofing
0.1405470717554973,28,417.5882710854062,0,0,83192.56633629608,Spoofing
5.244553242173021,3,134.1199280756286,0,0,76.7195537250705,Benign
0.021076187145274365,92,117.0091081837991,1,0,510758.32069194614,Mirai
4.4442216479253425,18,195.95060452989162,0,0,793.6397328842903,Benign
1.7648468948138205,44,177.37690942824975,0,0,4422.244239870065,Benign
0.1576078264959062,85,89.07702278170936,1,1,48040.424798586784,Mirai
0.018865290812588406,24,270.90549823376864,1,0,344639.900980057,Spoofing
0.354539212732911,9,263.93517680710573,0,0,6700.010904163232,Spoofing
0.07297963882662559,3477,50.80828042167876,1,0,2420680.5331807835,DDoS
0.6281500249025685,24,192.1410750034916,0,0,7341.217252676324,Benign
0.09061295199161545,76,113.94545869145415,1,1,95569.72452847385,Mirai
0.7087176566315425,40,200.88209043675099,1,0,11337.77822844271,Benign
0.07598933588621963,3197,47.742574176753244,1,0,2008610.917084742,DDoS
16.890092440590422,14,213.171888432536,1,0,176.69568408538439,Benign
0.26317277958748836,373,622.162654654883,1,0,881803.4697586338,DoS
0.592527128509374,17,241.03860084350998,0,0,6915.558827910853,Benign
7.340954857638806,47,155.27578802277125,0,0,994.1434293763814,Benign
0.936838480658428,6,421.19937926121537,0,1,2697.579495017252,Spoofing
5.522181786806971,18,308.5996604747146,0,0,1005.9056552277589,Benign
0.05260657043789477,3212,60.46294957744418,1,0,3691687.0350258583,DDoS
3.9713458694343826,6,255.3749620059078,0,0,385.82632246374374,Benign
4.849640496743285,39,265.28227809200234,0,0,2133.3558338057887,Benign
3.912567216488936,20,224.82961755951504,0,0,1149.269035491602,Benign
2.708166593355494,1,175.82437057317074,0,0,64.92376466224681,Benign
0.010482999882241216,75,152.65837173354967,1,0,1092185.253136567,Mirai
0.2826616096219321,24,183.1628484976052,1,0,15551.840838316095,Benign
1.5432623477615757,27,265.21341316661653,0,0,4640.016109953678,Spoofing
1.758968071113673,1646,51.27505778346597,1,0,47981.965390735466,DDoS
0.15638211463220494,2038,66.8686384281935,1,0,871444.189363798,DDoS
0.007237228641755405,3934,77.25263603127388,1,0,41992851.84851048,DDoS
0.04305412050816221,966,56.12876449679734,1,0,1259354.1771135963,DDoS
0.00840462737648044,47,137.6163154637825,1,0,769572.1103469471,Mirai
9.438693607657548,47,159.76955903793387,0,1,795.5729454646937,Benign
6.232808553240288,17,215.18658108336632,0,0,586.9219064197683,Benign
0.03069127641832667,49,155.09736755210463,1,0,247619.9069229678,Mirai
0.76682580235621,9,267.0084969061333,0,0,3133.7970954698126,Spoofing
0.06023381163480478,23,67.27643786081195,1,0,25689.193972651865,Mirai
0.6710689582749024,3142,47.280762266044036,1,0,221372.41368129943,DDoS
0.03847388875118823,14,141.4951599514011,1,0,51487.70513244352,Mirai
0.6059209436955545,759,61.39356663944875,1,0,76903.9551515398,DDoS
0.6016927106742624,2628,43.78463715296777,1,0,191237.19532692232,DDoS
2.7478623406205576,10,273.77898148440187,0,0,996.3344139815009,Benign
0.026419193807394374,1229,62.62708932089633,0,0,2913362.661120988,DDoS
3.433751008933666,39,190.9948699324321,0,0,2169.2894761399834,Benign
1.979876804223931,13,194.80435329883838,0,0,1279.098066850461,Benign
0.26015318180560265,18,154.77305250235483,1,0,10708.748306311853,Mirai
0.5428661754180337,13,73.70841570976958,0,0,1765.093217475073,Benign
0.28933699756495906,40,224.58899448003456,0,0,31048.776529812727,Benign
1.2806427491985324,41,260.775340251154,0,0,8348.767801940534,Benign
1.4735778476206767,14,215.69673621259636,1,1,2049.2668995073573,Spoofing
0.014166715952814457,1458,56.32270857231388,1,0,5796580.475810233,DDoS
0.1452905390322106,2030,78.45635046658087,1,0,1096192.4465835327,DDoS
0.062166705750810285,93,82.2799493601275,1,0,123088.96213938633,Mirai
0.008275539161120496,21,136.90037319817014,1,1,347398.25178620924,Mirai
1.8113681970010425,48,227.4445241057835,0,0,6027.12202585465,Benign
2.6326215448976553,612,528.3109636742533,0,0,122815.33986352473,DoS
0.25637048577166077,52,125.19636822412058,1,1,25393.762187792014,Mirai
0.7127843499264683,1452,446.5821480465705,1,0,909724.3493498615,DoS
7.66096408050585,36,243.705704090893,0,0,1145.2090435454495,Benign
0.36614098425605623,14,142.70886572408318,1,0,5456.70713208096,Mirai
0.03464887594966765,4812,60.75195571953373,0,0,8437168.678922191,DDoS
7.093757992049592,5,235.77401920454088,0,0,166.18414348839303,Benign
0.44262558419244624,4100,79.09955195663173,1,0,732691.8610316622,DDoS
3.7173628513179002,31,135.55904791090802,0,0,1130.4601281385042,Benign
4.4349030590400975,20,218.73225834570223,0,0,986.4128051224877,Benign
0.10214983011866477,53,124.45244480341186,0,0,64571.61570331006,Mirai
5.103233890117379,22,197.84095623308713,1,0,852.8907612007971,Benign
0.4603837046940822,2542,67.32840621554529,1,0,371752.53349516756,DDoS
0.10144056963734058,3793,59.31651311440551,1,0,2217924.59414701,DDoS
0.9005513154763587,19,241.0769408654105,0,0,5086.286364503174,Benign
0.31893099837418665,14,164.28334764428234,1,1,7211.487371075515,Spoofing
2.454839935860527,22,135.05982229740692,0,0,1210.3909697482488,Benign
4.185502474394103,23,114.65600453499445,0,0,630.052931622414,Benign
1.6738459265734509,12,158.30796648082875,0,0,1134.9285902668673,Benign
12.28821960626087,38,230.09994762511994,0,0,711.559386951351,Benign
9.846855654515053,45,182.83008105769866,0,0,835.5310503433624,Benign
1.9255519944776933,1236,695.7291257365623,0,0,446584.2531786035,DoS
0.7190035887405674,10,380.1790211146263,1,1,5287.58169038574,Spoofing
2.0776474241489593,20,325.9853822822687,0,0,3138.02407947824,Benign
0.4645972719941372,1328,513.4907116338128,1,0,1467756.4982738611,DoS
3.931400700671523,1125,508.89253305135736,1,0,145623.4414327157,DoS
0.04926119073168381,76,125.18008470945041,1,0,193127.4152453489,Mirai
0.12040105487008745,3782,63.6856097420208,1,0,2000472.30735818,DDoS
6.655787557278208,37,195.90086811404717,0,0,1089.0269645541166,Benign
3.0911558230983216,17,215.68023655912228,0,0,1186.146616779097,Benign
1.0488085837208894,424,475.5825032754138,1,0,192262.90146614407,DoS
0.12131702194711753,87,170.55836149514514,1,0,122312.41100317982,Mirai
3.092077113374847,11,162.7563607361863,0,0,579.0023671641245,Benign
0.5604627409503316,36,120.4337696639064,0,0,7735.778654169011,Benign
0.6031837611895434,15,320.910325282784,1,1,7980.411922477345,Spoofing
0.01343437733878322,57,118.59909629690263,1,0,503197.75293253234,Mirai
2.245236683767418,26,325.640513007891,1,1,3770.940230674682,Spoofing
0.12445705868096138,41,162.33126654224696,1,1,53476.93412306435,Mirai
2.860472346453253,25,153.9582984463323,1,0,1345.5670934664668,Benign
0.9708537686169975,4995,60.365017789641975,0,0,310575.365318701,DDoS
0.6255244144291823,1448,632.9423393344821,1,0,1465171.4404987309,DoS
1.3257202443541032,20,115.5182272776484,0,0,1742.7240440750666,Benign
0.02168330517190781,2631,58.23014732452903,1,0,7065505.761055348,DDoS
3.4979424070822365,1395,581.6673615420092,1,0,231972.3640126892,DoS
3.525778105478633,32,239.36888048551887,0,0,2172.5145333548344,Benign
0.04651027868686458,53,151.19386408684085,1,0,172290.4059670937,Mirai
1.7902270597934626,4189,49.06672644086929,1,0,114812.54064191975,DDoS
2.223177612183244,26,207.82243968616618,1,1,2430.47762006473,Spoofing
16.466053507470377,3,195.39393669577217,0,0,35.5994112263376,Benign
6.604809371537548,17,199.73977828991642,0,0,514.1066213903636,Benign
6.902470819375808,1211,522.4613666556654,1,0,91662.93224217152,DoS
1.804784281734745,5,147.0478958407109,0,0,407.38357854981314,Benign
0.00818804811243295,827,502.49509817001416,1,0,50752443.13178853,DoS
0.056161269483669556,77,104.55435006194094,1,0,143349.41194857447,Mirai
2.3840627451850613,46,112.5643481290639,0,0,2171.9059300744216,Benign
0.0682604455008615,2544,54.92285724812512,1,0,2046921.1387943095,DDoS
0.534962414019618,857,81.28419666234687,1,0,130215.79594015497,DDoS
1.0197104980327838,28,217.55810039074825,1,0,5973.878686835981,Benign
1.1898894076481912,11,140.0274992302642,0,0,1294.4921449274048,Spoofing
0.12332451038851835,14,124.22816297787367,1,0,14102.584119013474,Mirai
0.5384472458395023,1406,492.10733242254446,0,0,1284996.654235532,DoS
0.5371886136706988,901,443.7222809973099,1,0,744233.5243234572,DoS
0.12557404105953113,4625,61.343927567117795,1,0,2259349.644274155,DDoS
0.4575110424666711,17,132.85627523474523,1,1,4936.616757518374,Spoofing
0.21845010832417674,471,644.1088463735741,0,0,1388762.262327419,DoS
0.9001798062921204,218,442.62444495956237,1,0,107192.06132676966,DoS
0.07618993716730234,44,167.75068322046735,1,0,96876.70493142505,Mirai
1.161215145380761,46,193.1159905061251,0,0,7650.034189287911,Benign
0.16535498297115875,94,112.34363472856822,1,0,63864.4295728744,Mirai
1.2515938899484271,16,275.9837029210885,0,0,3528.0926842167387,Benign
6.624065160812186,12,231.35329205353926,0,0,419.11415984653036,Benign
5.7787485788566615,31,269.33903286426056,0,0,1444.8647323646062,Benign
0.03479486667049349,17,245.38057241566122,1,1,119887.50440028853,Spoofing
0.014791961315782726,12,126.98546647005841,1,0,103017.14323811876,Mirai
0.0950925525588852,484,535.3036383565067,1,0,2724576.7832776597,DoS
0.5106517403620826,746,391.9044224011484,1,0,572524.6307864445,DoS
1.7841936347935445,2806,46.807931721105966,1,0,73614.79934021931,DDoS
0.3885989886143651,23,235.26873109524928,1,0,13924.845338598243,Spoofing
0.1743697566708719,3505,70.22571321642059,1,0,1411604.4520733766,DDoS
3.1628832789726795,42,204.83159005821113,0,0,2719.96340795704,Benign
4.3175593163727175,41,132.51118666196976,0,0,1258.3402461984276,Benign
0.12899004520917476,97,148.35077462483437,1,0,111559.19137227657,Mirai
1.8609027248968475,1423,303.1488770671029,1,0,231812.68225097551,DoS
3.038592989137769,40,219.03232139725796,0,0,2883.338731843919,Benign
4.204173050063,23,222.8912010625333,0,0,1219.3831137282623,Benign
0.09652038143559385,86,145.27372138833942,1,0,129439.39770621278,Mirai
6.460996084283864,48,144.72159002411254,0,0,1075.1649173809037,Benign
2.208632202419538,1058,450.51193418206805,1,0,215808.51073459449,DoS
1.0698695646035787,26,197.25044733526607,1,1,4793.585872888344,Spoofing
1.3406040545171576,1559,62.306182765414235,1,0,72456.39650572727,DDoS
3.731353145695182,30,180.345680810366,0,0,1449.9754413631044,Benign
0.014857730624049239,694,377.9484047911567,1,0,17653853.038666684,DoS
0.07868533760778468,79,111.85624861327656,1,1,112303.5613635672,Mirai
0.6600928475953557,604,62.57739969333633,1,0,57259.74694690977,DDoS
1.1999042500017216,6,400.91083664662983,0,0,2004.7141427129104,Spoofing
8.497535774930247,26,191.34642250612214,0,0,585.464670809228,Benign
0.42895643229953073,3585,57.73223332586214,1,0,482496.6847185385,DDoS
1.0537791223599344,877,448.05114850439156,1,0,372887.30522423127,DoS
0.004539284952288569,69,123.78705865373533,1,0,1881641.5221523975,Mirai
5.345799833290319,46,234.73220891689562,1,0,2019.8439797419926,Benign
0.15527145169675963,68,147.9492628477245,1,0,64793.300788436056,Mirai
0.2952578483603929,2504,51.9569106746049,1,0,440632.162876192,DDoS
3.0495564138747495,41,221.15399801621763,0,0,2973.322243658396,Benign
1.1798853390086261,25,187.8712705208672,0,0,3980.7103349280123,Benign
0.1825822071780482,99,153.9452491677319,1,0,83472.42539763659,Mirai
5.360009051928189,15,101.36580379758372,0,0,283.6724793247843,Benign
11.039510017689985,8,164.43500517251505,0,0,119.16108951141514,Benign
1.0798661073691467,2,205.46761210545714,0,0,380.5427556311277,Benign
0.021078168536415448,64,118.81621040489144,1,1,360763.6713206691,Mirai
0.33565850631892363,633,555.6295573699647,1,0,1047831.3619170118,DoS
0.14288542974720705,19,135.21332629859984,1,1,17979.812246906957,Mirai
4.223977858719648,7,152.69799908742235,0,0,253.05198780941336,Benign
1.2178610885686216,549,716.3474853700142,1,0,322922.5181423294,DoS
0.4362657474547913,2544,53.214291419681274,1,0,310308.93019099056,DDoS
0.009345523358831211,12,113.84722858431432,1,0,146184.08092905674,Mirai
0.4984064161518791,22,377.3905472797966,0,0,16658.27680200947,Spoofing
1.1653898241051142,8,253.48778006079226,0,1,1740.1063562945856,Benign
6.308276921715061,1158,475.49349129567395,1,0,87285.55669853034,DoS
5.3196564223569585,9,144.89540222037203,0,0,245.13963242114127,Benign
1.582509214108619,1461,41.435861016499885,1,0,38254.30677141775,DDoS
1.0843134367151648,10,228.9099153893543,1,0,2111.104664374698,Benign
2.800399142843969,37,202.90102275914586,0,0,2680.8099342811024,Benign
1.7497837837106147,43,267.1756667551881,0,0,6565.699018029706,Benign
0.1275903844518852,1376,508.46203229116566,0,0,5483514.760444053,DoS
2.6388734985487803,10,178.92199833222725,0,0,678.0241585306134,Benign
1.4538446378392853,466,551.9016980640679,1,0,176900.73932527457,DoS
0.32461931276676426,1618,64.03192848393053,0,0,319154.3331293964,DDoS
0.10776336341513346,40,166.00166525339873,0,0,61617.10621964004,Benign
0.0035880524831447638,90,138.06657547691134,1,1,3463157.757946508,Mirai
0.6180080044871626,38,159.0998874840092,0,0,9782.714269873075,Benign
0.30815973545062697,2935,74.93785263527444,1,0,713729.1871142895,DDoS
0.2761504721873778,647,578.4170173724476,1,0,1355188.014982069,DoS
1.3742330108289083,14,201.4436240087234,0,0,2052.2070958119657,Benign
2.3216263423338517,39,268.43117113492553,0,0,4509.259514921834,Benign
0.008532433614217367,38,165.2748419307595,0,0,736067.1383254508,Benign
0.361849689623048,24,228.51508118829935,0,1,15156.464426520428,Spoofing
0.9935092993850999,1461,412.6462450416183,1,0,606814.8173136726,DoS
0.7228671257058067,1036,631.6247297161274,1,0,905233.0597369309,DoS
2.013343556082084,690,669.5363494179935,1,0,229459.14009699228,DoS
10.095547732877865,37,172.2892523656578,0,0,631.4369964067465,Benign
0.4492004737725152,3251,67.34035128956492,1,0,487362.5359381147,DDoS
0.09004535654112321,79,151.455352228544,1,0,132877.17752098234,Mirai
27.666556948865626,25,194.9179738779239,0,0,176.13139777220803,Benign
0.5608821236517398,12,167.21973465769395,0,0,3577.6444484051312,Benign
2.0184952159912726,27,174.74396073102025,0,0,2337.4278533627926,Benign
0.2184731279291298,1618,55.43892347343569,1,0,410577.62586306117,DDoS
1.5589171164217663,12,307.2066782032086,0,1,2364.7698133562108,Spoofing
2.9104989581584384,25,159.2130414068232,0,0,1367.5751451527933,Benign
0.30722638495099713,739,56.49935183548175,1,0,135903.10940605134,DDoS
5.102341311731481,24,189.63143965318824,1,0,891.9737574615688,Benign
1.1929237766042713,8,243.1727810664724,1,1,1630.768274289432,Spoofing
0.6321013081599121,42,157.38331607734452,1,0,10457.341552560456,Benign
0.5473936623412965,4057,62.52623774802182,1,0,463412.2825951966,DDoS
0.3131697713677826,348,480.0322698143535,1,0,533420.6720073636,DoS
0.22574774521266108,426,670.9055183323582,1,0,1266040.3342693283,DoS
0.6512967490616501,4619,74.46800903491346,1,0,528127.5151884815,DDoS
1.435427200462148,25,207.36594295156976,0,0,3611.5719223658043,Benign
12.630612149866508,38,238.66708473223542,0,0,718.0451044030198,Benign
5.5251733257419815,28,178.83112548821316,0,0,906.2650560374115,Benign
3.528153859435936,18,142.18315502366283,0,0,725.3926252624083,Benign
1.6322847069892263,4013,60.51389921157036,1,0,148774.46103379727,DDoS
15.141697686792783,47,263.2100711795796,0,0,817.0070226821812,Benign
13.649382158555593,22,336.3039587507712,0,0,542.0528934256106,Benign
0.8888210326535942,1056,476.52916830562407,1,0,566159.8716092265,DoS
0.22128147709929644,14,375.61019545280715,1,0,23764.043901332127,Spoofing
6.000469010549739,583,447.6160991709389,0,0,43489.964760729476,DoS
11.632813509152705,31,199.0827667946219,1,0,530.5307925531074,Benign
22.002808892861093,23,85.88596266228382,0,0,89.77840742294714,Benign
0.5790298584797953,21,379.83026449067313,0,0,13775.516819194336,Spoofing
6.929820519738364,11,196.9064011091993,0,0,312.5579379771539,Benign
0.02274020041991254,28,270.030303066888,0,0,332488.2079426257,Benign
0.257342632281487,3866,70.70872194501932,1,0,1062241.0931914214,DDoS
1.077110725734801,405,306.91663992759175,1,0,115402.47088884647,DoS
0.9348494495122343,789,306.01140211940395,1,0,258269.38914943434,DoS
4.005759941293651,16,202.78371532483632,0,0,809.9685185202497,Benign
17.998630037793955,23,151.1754008912855,0,1,193.18327079329964,Benign
0.3808288732246622,21,311.99204188165527,1,1,17204.13902453673,Spoofing
2.6574595605823923,44,265.28524551083785,0,0,4392.371938829723,Benign
0.6126696109746362,542,339.6414841612958,1,0,300464.8527002643,DoS
0.1944239853221708,1356,664.0598896306653,1,0,4631451.25251426,DoS
1.8077139158036377,1321,521.7518385011302,1,0,381273.924283305,DoS
0.24693017431874617,18,208.67974082223625,0,0,15211.730786499878,Benign
1.0899916034722197,4,177.58433624781378,0,0,651.6906577339147,Benign
0.551268906236256,2683,84.58985695794337,1,0,411694.88003173657,DDoS
0.15695052544810306,94,110.89333194427951,1,0,66415.66298042782,Mirai
2.200616717568596,9,351.25153406102595,0,1,1436.5353954240754,Spoofing
4.296422073736835,4,196.83822133662719,0,0,183.25780657339016,Benign
1.5911989972693252,42,227.2409171219849,0,0,5998.067203097875,Benign
1.3068207304142458,18,180.4258167225919,1,1,2485.1646636927658,Spoofing
0.06526772322516691,1093,517.4515661545795,1,0,8665455.662606485,DoS
0.08669412215501192,77,120.95390253301659,1,0,107428.8574995837,Mirai
4.050434605439179,9,208.77068209132057,0,0,463.885069591972,Benign
0.007747527373926209,2574,67.47066272200277,1,0,22416117.744986393,DDoS
1.1254645209468002,778,708.5029676260691,1,0,489766.9349446666,DoS
3.023085859528779,1186,271.0772735815935,1,0,106347.50761524288,DoS
0.07985775855864645,1401,69.50679322625038,1,0,1219405.841931601,DDoS
0.5476804223460053,31,243.40877397779468,0,0,13777.509082741217,Benign
0.4428579954626483,3402,53.70749296877007,1,0,412576.701678103,DDoS
7.417546264012149,15,107.2577525972363,1,0,216.9000679866753,Benign
0.14406004671917225,3457,77.10766667768777,1,0,1850347.8915593834,DDoS
1.4647401511013083,20,373.35616600470564,0,0,5097.916729107026,Spoofing
4.150838048021519,19,261.4233754517755,0,0,1196.636456570802,Benign
0.02047093053701079,59,113.7003508373274,1,0,327699.84184519056,Mirai
4.773772414345188,36,194.48981247934793,0,1,1466.687692990268,Benign
2.265036376832113,382,586.6852729131967,1,0,98944.88960318042,DoS
0.048042174883387606,15,283.2522607484971,1,1,88438.6254689863,Spoofing
12.09524629600404,21,112.60679238904908,0,0,195.51008572279184,Benign
6.072757631619811,40,247.42771498271208,0,0,1629.7552445985875,Benign
0.2588547831996558,2016,57.56864207971629,1,0,448353.24655056384,DDoS
12.187959185260137,48,251.43523278693488,0,0,990.2306850821045,Benign
2.3837381319795212,1137,471.86293489066793,1,0,225070.0904487182,DoS
0.4896476455310732,10,348.0906261425089,0,0,7109.002347289321,Spoofing
0.4182113448645774,1469,73.20465877364299,1,0,257137.07927579948,DDoS
0.9628688008626567,45,173.33942732330914,0,0,8101.076930273847,Benign
0.38886597202334333,4610,63.210780918714605,0,0,749362.8164970467,DDoS
0.5249477785842455,826,502.33673005855957,1,0,790421.744706518,DoS
9.221289445258904,23,300.91574521529424,0,0,750.5525318381812,Benign
0.07978196215273485,3436,66.07813390885781,1,0,2845812.0355097405,DDoS
0.8718427646558559,1349,434.8318807509229,1,0,672814.2170962904,DoS
0.4913318717761779,1310,585.2408877798197,0,0,1560382.3139338535,DoS
0.6713210316751161,18,219.6273907618703,0,0,5888.826429062109,Benign
3.355575756431383,1203,642.653615440664,1,0,230396.31809633618,DoS
1.3615750455912423,28,137.37944077572277,1,0,2825.1284085850016,Benign
2.0283088506680365,23,173.2939179193552,0,0,1965.06568061981,Benign
0.2938138835717288,98,150.52915514258316,1,0,50208.16928268735,Mirai
0.31846098622597857,762,467.10247528512633,1,0,1117663.0782481416,DoS
5.610889474575023,24,250.29402511618304,0,0,1070.6068315921293,Benign
4.9797963113496655,3,195.04272870572254,0,0,117.5004256265617,Benign
6.492380140834762,33,137.31110383161496,0,0,697.9360924883679,Benign
2.572247803522558,7,132.71860408359265,0,0,361.1744666718698,Benign
1.068724321861416,21,247.5776039039543,1,0,4864.799626649859,Benign
3.266182844273126,10,180.96020730821823,0,0,554.0418768211676,Benign
0.1132092670455018,2354,71.44445473233141,1,0,1485569.6077628701,DDoS
1.0576878715859357,465,432.2914576548337,1,0,190051.8415778822,DoS
1.928895306652893,231,348.33420712827444,1,0,41715.69165475252,DoS
1.8704186185478373,1172,428.7222115172406,1,0,268636.35066267126,DoS
11.35437201286232,19,200.32739833183172,0,0,335.22070300260435,Benign
4.882673109818899,24,158.67101689311414,1,1,779.9220467527845,Spoofing
0.07679622179363864,57,113.59332939344289,1,0,84311.69690645617,Mirai
0.010576815950014109,90,87.04500012420414,1,0,740681.3211274535,Mirai
0.012229415704235892,95,118.31840182461498,0,0,919115.7161699188,Mirai
0.3249783381205079,22,238.27732968866354,1,0,16130.617454283154,Spoofing
0.971614952590036,978,55.96984560883221,0,0,56337.656043190094,DDoS
1.4701245387965731,18,173.65770830491866,1,0,2126.2407823267213,Benign
0.11724004822306519,577,606.4241295173526,1,0,2984532.401980654,DoS
4.358843657864157,786,497.4786953002524,0,0,89706.87760285447,DoS
0.9703749060783963,858,485.87011041944317,1,0,429603.6017920304,DoS
0.027544397745580835,1571,72.31699786993875,1,0,4124613.8217671188,DDoS
4.144055713299268,48,186.41270454678497,0,0,2159.1914871052554,Benign
6.305747884900343,11,156.6982777388304,0,0,273.3507724364682,Benign
0.19002549510847822,18,322.2996603304051,1,0,30529.555429578017,Spoofing
2.3113008895443947,1982,67.27639236721421,1,0,57691.237984208536,DDoS
1.4883716220658534,4812,64.57375553806982,1,0,208771.0535745781,DDoS
6.039662592314592,44,151.97482325175622,0,0,1107.1632100088298,Benign
2.8969875178801106,49,271.6203628818877,0,0,4594.219926412294,Benign
0.18474494119858642,67,149.18781134379392,1,0,54104.774372629334,Mirai
15.013087253207887,506,572.3870874907685,0,0,19291.69273351444,DoS
0.04626927438611886,88,122.5771487415666,1,0,233130.71649323255,Mirai
0.5479570930068958,4404,77.91086907786811,1,0,626179.4432408473,DDoS
0.6660537318429323,487,518.8156994669916,1,0,379343.6378493373,DoS
4.1842565484305,5,230.75234330713988,0,0,275.73876103951403,Benign
3.060146085886341,885,544.5643504490099,1,0,157489.03373277513,DoS
0.2739017137883882,4356,70.2125609420353,1,0,1116626.5126029737,DDoS
0.3926924247330929,2105,64.66236282943625,1,0,346618.02770572447,DDoS
0.4408812081937443,727,647.0165251549881,1,0,1066911.006968953,DoS
0.017568327224647632,10,296.9333222249218,0,1,169016.27481547403,Spoofing
17.935091314541253,38,178.18843350253448,1,0,377.5369946182794,Benign
0.11507101527885716,13,121.78055227956752,1,0,13758.001315951375,Mirai
0.1625979941628429,6,126.14702688835247,0,0,4654.929264207852,Benign
0.06044580760912391,3906,48.23458575853853,1,0,3116912.477887268,DDoS
0.8933760212597159,12,184.67804273394296,0,0,2480.6312908224522,Benign
5.86813395785202,30,163.1505607575781,0,0,834.0840304400512,Benign
1.2773304060297395,3280,41.223846932894006,1,0,105856.88503272364,DDoS
6.022464525203082,31,247.97879461925675,0,0,1276.4446516914495,Benign
0.04006569462067062,4980,74.29758164309033,1,0,9234881.863041483,DDoS
0.42184379969818586,11,269.41445237528285,1,1,7025.251949295999,Spoofing
1.7645654048701356,21,263.5675128579406,1,0,3136.7030968308586,Benign
0.001,68,141.59919098792403,1,1,9628744.987178834,Mirai
0.11482935478561788,4145,75.12398983262644,1,0,2711753.7883722163,DDoS
1.5454176170126985,381,669.0403443014418,1,0,164942.06379734495,DoS
1.564702795844386,31,249.29019551721512,0,0,4938.954593522845,Benign
3.1347898613439753,20,175.680976253715,0,0,1120.846908560534,Benign
3.1133959358303893,24,229.98054484329342,0,0,1772.8336485307643,Benign
20.528132135855873,6,201.22885711365717,1,0,58.81553833985025,Benign
24.005056669584448,39,256.35429127761165,0,0,416.48797157369626,Benign
0.8660687202528399,1239,578.3973142992616,1,0,827456.5928296902,DoS
0.08952141273983136,24,122.21997562797566,1,1,32766.232405158327,Mirai
0.0865300343147235,69,97.25864025862273,1,0,77555.10824642173,Mirai
0.872729327752027,846,566.9044742470533,1,0,549541.7307086058,DoS
1.7964725591669488,2,118.74916001854182,0,0,132.20258713398616,Benign
8.599092212034611,30,83.81994703038768,0,0,292.42603159812575,Benign
6.034998305349394,48,259.5860151200848,0,0,2064.6449419413216,Benign
1.6216596192281494,9,235.29470980522763,0,0,1305.8550408099659,Benign
0.001,3923,91.85911913994056,1,0,360363324.3859868,DDoS
0.13968281640229782,790,73.81821944438603,1,0,417491.53448559507,DDoS
5.609488835054945,19,160.04924462932564,0,0,542.1056601367495,Benign
6.783601299974249,23,213.54782996203673,1,0,724.0402069540098,Benign
0.04293080234395047,35,144.64220434442254,1,0,117921.79217838822,Mirai
0.0059470085679013095,47,138.939369462544,1,0,1098056.3236424003,Mirai
1.2999287164469964,5,183.74350008337854,0,0,706.7445228288814,Benign
0.11273551793411464,29,278.7370130480139,1,0,71702.0999816271,Spoofing
1.000862762980276,16,371.8676900060423,0,0,5944.754126309655,Spoofing
0.7044525669218373,40,265.24701020040163,0,0,15061.170767503623,Benign
2.2072762716550454,38,187.67547454069117,0,0,3230.9811527121815,Benign
0.2948314249469013,4092,64.5514426358718,1,0,895917.0594300096,DDoS
5.562360055116812,29,372.25603363721433,0,0,1940.79938524449,Spoofing
0.2989461825360148,62,121.91522457138394,1,0,25284.631030587534,Mirai
8.30863470335869,29,217.54997958848625,0,1,759.3244417781139,Benign
3.0463845856658933,42,227.698446284097,1,0,3139.2407869086146,Benign
0.39912448649781346,960,70.40141173992298,1,0,169334.02373621674,DDoS
0.603024587111097,2314,51.48958177445233,1,0,197582.14635472553,DDoS
8.589564447986122,40,169.1943929973525,0,0,787.9067397277457,Benign
0.1045802726435272,82,166.5094023004082,0,0,130557.80639598999,Mirai
6.3645222665848475,974,436.46934656317967,1,0,66795.4523129752,DoS
0.04791991890867484,56,108.73001878967897,0,0,127063.67604306953,Mirai
0.12782848311721928,36,141.41299707902726,1,0,39825.77099171734,Mirai
3.0144736866897692,324,548.9472496045158,1,0,59001.645845239465,DoS
0.08434036534872236,3968,65.11453197215272,1,0,3063473.365300237,DDoS
1.7090010028229823,902,787.5789884094662,1,0,415679.2455779039,DoS
1.4985923337208922,17,227.3144858454491,0,0,2578.6507593948204,Benign
5.057923984691779,532,578.3256184045408,1,0,60829.152419530576,DoS
3.348082616047284,30,259.6734214273604,1,0,2326.7653568291735,Benign
6.0663926149573,1112,409.28663502376446,1,0,75024.2800019678,DoS
16.924109350053996,23,161.96740854918306,0,0,220.11500396145368,Benign
3.623849186054371,1,140.13805803501845,0,0,38.671051371097505,Benign
0.7440257038910125,18,203.68703931032724,0,0,4927.741996562732,Benign
0.39442489688734894,45,250.13607075886569,0,0,28538.064592215127,Benign
0.6869528960919535,322,586.0184120218076,1,0,274688.3079531606,DoS
0.6562603482229651,467,488.5182960351574,1,0,347633.44283434964,DoS
0.767306040353113,2258,47.59531662282403,1,0,140061.74757190628,DDoS
5.73397297905267,29,183.6075526339628,0,0,928.6090195815016,Benign
0.8486359845437325,48,141.44510905756349,1,0,8000.32682848505,Benign
7.0467116836510835,9,208.3428352896634,0,0,266.0936904737162,Benign
15.269489319403737,47,207.5781111257215,0,0,638.9323846286879,Benign
0.0328720459703076,33,123.80291099378616,1,0,124284.8122835207,Mirai
32.494835649045626,41,239.87551534390622,0,0,302.66028224669617,Benign
1.3597367581685849,45,189.07208308307918,0,0,6257.272731376496,Benign
0.05812261857747704,3,128.1423105094395,0,1,6614.067654503214,Benign
18.692366923336117,7,136.19471631468855,0,0,51.0027979930467,Benign
0.004700004947014856,1748,61.796639740642824,1,0,22983066.50405792,DDoS
0.10395148569957038,1406,526.042246112405,1,0,7115005.553375156,DoS
1.1671313486139474,46,198.81199065584565,0,0,7835.751803796259,Benign
1.8567652801489785,16,287.48804853875106,0,0,2477.323776891686,Benign
4.603843269180884,28,256.1226786725882,0,0,1557.706156254188,Benign
3.379460053553664,19,245.099861617606,0,0,1378.000419279276,Benign
3.2208546145440655,33,154.42394674419793,0,0,1582.1857402526393,Benign
0.4400763157267886,28,280.4491810803254,0,1,17843.671176169828,Spoofing
5.461591080582532,836,607.8996556702338,1,0,93050.56065935103,DoS
0.04233835175769811,1704,63.793466069289025,1,0,2567508.220541522,DDoS
0.051717410950243084,1703,68.31388368923318,1,0,2249504.4083837164,DDoS
0.4589518924101871,3100,55.26531810335863,0,0,373290.7281865889,DDoS
0.22375692863552918,3394,78.81534997128392,1,0,1195490.5684206055,DDoS
0.36843762936722907,1490,418.20432574501285,1,0,1691261.683640323,DoS
3.7482432444727385,777,533.7632265990768,0,0,110647.57541524572,DoS
0.0855753262762776,46,302.3656231494931,0,0,162533.04860296345,Benign
0.6470789444918914,2093,66.10284563895229,1,0,213812.01953799758,DDoS
0.5700955418024899,4584,69.38034839154462,0,0,557870.5562602446,DDoS
0.24513522924023287,14,139.0971518712602,1,1,7944.023926031567,Mirai
0.0511578619758804,396,578.5916086903765,1,0,4478730.505770829,DoS
0.024661422507139423,2217,53.62374614730701,1,0,4820640.219523552,DDoS
0.7088774404360645,35,210.51956132070424,0,0,10394.158744411623,Benign
3.710981126792464,1171,504.5876480076727,1,0,159222.6194714434,DoS
17.3612636407967,22,199.95973206665462,0,0,253.3867462924219,Benign
4.235225729764672,32,229.25660196318816,0,0,1732.1889625065285,Benign
2.1298332083639284,3,149.13725498881377,0,0,210.06892145799955,Benign
2.768620814371224,588,455.4268990086626,0,0,96723.61604270864,DoS
12.614753654791453,19,149.9194238032401,0,0,225.80457218676085,Benign
0.03649779274911332,48,187.44084572445786,0,0,246512.45779767202,Benign
0.2715356261298007,18,81.71997757553481,1,0,5417.188224341773,Mirai
14.5672018691587,27,265.9148057723759,0,0,492.86745802945336,Benign
0.25268619033945017,869,71.63643430661519,1,0,246361.15384390915,DDoS
0.730804578998118,1189,52.164429854429486,1,0,84870.1675924726,DDoS
7.39152369945765,35,155.4145491922701,1,0,735.9117609443064,Benign
0.10085681464426038,83,140.26562044352656,1,0,115431.43155845479,Mirai
29.64965680289712,42,232.62548666987024,0,0,329.5238965187577,Benign
0.3889640666188602,4207,61.654369628170336,1,0,666848.0594632279,DDoS
1.055454498149268,4522,57.0147936625306,1,0,244274.7625729489,DDoS
0.8737996555175548,967,530.1247786742633,1,0,586668.417343767,DoS
0.9551209331674233,1360,662.864388467314,1,0,943854.8952392437,DoS
0.8163185414550143,17,230.65559761398526,1,0,4803.4498303182745,Benign
1.1879353956874357,49,214.5592224235821,0,0,8850.146175391648,Benign
6.618622224671151,646,394.32275321919803,0,0,38487.239478645184,DoS
0.11486698427348246,1145,56.863065378415186,1,0,566813.9567699602,DDoS
0.06382434167024119,10,110.502849011123,1,0,17313.59010047513,Mirai
0.07307154771504704,99,108.50485440988145,1,0,147006.33724727106,Mirai
0.027057969028035464,42,120.50873129258751,1,0,187056.41613546317,Mirai
0.6960808413738995,4669,75.60952102484049,1,0,507154.96344964806,DDoS
5.458561119631922,47,246.5772542926626,0,0,2123.1109623513044,Benign
0.017323953225697537,38,126.17626114265377,1,0,276766.96311489766,Mirai
0.17408352743802638,3676,66.80432110061447,1,0,1410660.0893256974,DDoS
2.2388913295433923,23,229.17603659360398,0,0,2354.312052621102,Benign
0.2757914265857792,65,119.27022949370946,1,0,28110.24625770896,Mirai
0.015455911133064389,36,112.00398485128973,1,0,260880.34667982667,Mirai
0.27508677924205166,3600,64.75845400036415,1,0,847479.6027771917,DDoS
15.921588684396449,13,157.8540742292828,0,0,128.8880780466203,Benign
6.244048682248526,37,140.56580241097498,0,0,832.9426873291418,Benign
0.09335158428446985,49,144.80419561426464,1,0,76007.3397734437,Mirai
1.132798641639653,10,263.17452505666597,1,1,2323.2242287626495,Spoofing
0.39143071019098585,14,150.32480901882903,0,0,5376.551383096031,Benign
0.35706768044211323,24,262.23812606682526,0,0,17626.11227600064,Benign
0.05920699130686844,24,142.42915925573797,1,0,57734.73278553784,Mirai
1.3067994996613623,7,247.62952539760224,0,0,1326.4518988815057,Benign
0.267603717734906,4803,67.87827342008958,1,0,1218291.5469046363,DDoS
1.4616754406967942,29,327.86289981334545,1,0,6504.880515782939,Spoofing
0.15760009931374885,37,214.16617962678333,0,0,50280.099319072506,Benign
0.35127914570115737,505,683.6572634028904,1,0,982827.8229535734,DoS
5.973961050204483,2,152.106730228566,0,0,50.92324136373789,Benign
7.093984413453056,29,276.88849769435564,0,1,1131.9120490184102,Benign
0.2248748260660205,89,104.17279298167398,0,0,41229.06390885666,Mirai
0.740849607402468,1423,51.797148158603825,0,0,99490.28938291868,DDoS
0.556354687517259,11,250.9649597812412,0,0,4961.968721631404,Spoofing
0.8498421974984,4158,65.49162351858281,1,0,320429.1001221789,DDoS
1.378579994354633,18,129.04366886163973,0,0,1684.912046469165,Benign
11.614923766361473,3,138.93247364541685,0,0,35.88464542000329,Benign
4.659479619065008,42,248.29762531846143,0,0,2238.125523868695,Benign
4.8485114102373625,22,281.7689666721302,0,0,1278.5196820818437,Benign
12.375955986548483,7,235.79318008853096,0,0,133.36765761075054,Benign
3.1888034853562184,18,127.61466159608223,1,0,720.3529221158253,Benign
0.852043446188331,4131,49.903207053403506,1,0,241947.93030782093,DDoS
1.3745522715292386,491,578.8864215852125,1,0,206782.41117896498,DoS
1.620274961142856,1357,610.8776660307233,1,0,511617.4801707646,DoS
0.04113827967695603,649,569.0302928091935,1,0,8977056.47715827,DoS
2.7394263242409513,25,241.08510612574096,0,0,2200.1422705951177,Benign
3.118796120556986,49,237.19148172910621,0,0,3726.5605558886496,Benign
3.897650677266677,560,568.0302892060475,1,0,81612.48616011425,DoS
0.8157357170705285,1756,68.26782584835132,1,0,146957.28001246788,DDoS
1.1016238939515066,13,135.93244688965564,0,0,1604.1062827957433,Benign
0.1180372606553306,59,101.53244233417364,1,1,50750.19586576381,Mirai
0.013165358133030332,33,139.0561160657236,1,0,348555.0323660387,Mirai
0.2035391509010256,2444,65.86969099122872,1,0,790931.494358277,DDoS
0.7807953335790485,10,149.47569018976856,0,0,1914.4029653019882,Benign
0.3267942689361941,29,93.12610985885526,1,0,8264.089803955834,Mirai
0.023490182057381244,4090,71.0960102140148,1,0,12378902.856734088,DDoS
0.04173050057883613,27,109.0534295537253,1,1,70558.52570922369,Mirai
0.08907796893732449,91,140.80226701583624,1,0,143840.35077692854,Mirai
0.02766271510577934,51,129.7112911802561,1,0,239140.51187300074,Mirai
1.0834260486366103,3678,61.82668170415048,1,0,209888.3773322832,DDoS
1.2008850532593511,38,158.61343051517085,0,0,5019.056855789506,Benign
2.280573161117476,1100,475.70857689127223,1,0,229450.84310471918,DoS
1.4657421266984718,715,606.5406101794091,1,0,295875.0576781998,DoS
0.3388240525664518,739,630.8805224450165,1,0,1375996.4871308235,DoS
12.607541380986394,47,187.57322634221998,0,0,699.2593854484413,Benign
2.0029161655921484,48,249.00770595392646,0,0,5967.483857345988,Benign
0.059175565569373416,48,147.85150927392988,1,1,119929.10210260251,Mirai
3.2087163500770464,942,663.1477335124799,1,0,194683.82269244723,DoS
0.4001091155100801,11,327.2502736713638,1,1,8996.928264920552,Spoofing
0.3600572938310846,58,145.82548686857996,1,1,23490.367736712265,Mirai
0.0467464230462284,2883,62.06454250832412,1,0,3827716.9543977557,DDoS
12.563757682775202,302,489.53533757417966,0,0,11767.154037847222,DoS
0.0126489101882966,43,98.00391671039797,1,0,333164.54586311086,Mirai
0.39668865390578445,4841,67.21551880346455,1,0,820266.2801766287,DDoS
4.85161218023834,1152,526.1707283476339,0,0,124937.57879606457,DoS
2.9841130157119955,23,288.3121204835927,0,0,2222.1607345995453,Benign
0.027133826644512034,2382,66.81326879948374,1,0,5865343.225097927,DDoS
0.19874801230327888,688,487.6733083819301,1,0,1688163.983520919,DoS
1.4907436092179063,43,196.14616995113138,0,0,5657.770562118027,Benign
7.101537987386561,42,224.06306064729003,0,0,1325.1564046972585,Benign
3.951748621331906,6,268.06716611384604,0,0,407.01045304368995,Benign
4.029448965946035,33,195.39779262516092,0,0,1600.2503595715395,Benign
1.0777120316550224,12,96.01514824269965,0,1,1069.09985698407,Benign
0.8380576200496032,1998,48.70592276768369,1,0,116119.0249473206,DDoS
0.08857295222244137,12,159.62265759698442,0,1,21625.92352520116,Spoofing
0.013062627600310113,3728,58.85492213246638,1,0,16796861.735890392,DDoS
9.583652442197737,12,273.1265191345722,0,0,341.99051451236284,Benign
5.556411393616177,31,188.0225271557581,0,0,1049.0041015546756,Benign
2.3376926439980035,982,450.3692522787676,1,0,189187.66197654488,DoS
8.446244359381263,7,153.0828180033742,0,0,126.87055695155368,Benign
0.12247209771305326,74,62.70728342944993,1,1,37888.948261924976,Mirai
0.6665944682373085,1038,538.4170108224297,1,0,838406.083254086,DoS
0.15652554850679928,29,95.13461930859444,1,0,17625.901881630496,Mirai
1.9868861520161294,40,181.76789729414338,0,1,3659.3520390627355,Benign
2.859445017596979,633,599.8595109440341,1,0,132791.87677708006,DoS
16.731239375579413,23,182.2085460553476,0,0,250.47735348224103,Benign
1.1858856894630467,27,343.3340203320417,0,1,7816.957933915592,Spoofing
1.9732195855078383,877,502.1898253478079,1,0,223198.91818663385,DoS
0.8100302198880098,12,186.86022615264488,0,0,2768.196369441315,Benign
0.4788936090051198,10,144.23406346270247,0,0,3011.8185072952283,Benign
11.244820929552095,45,236.1851016951529,0,0,945.1755295053177,Benign
3.915803600095367,215,565.97418430381,1,0,31075.217771993368,DoS
24.782724798550817,27,204.11451699185614,0,0,222.37635302726596,Benign
0.13246487205303112,2722,54.10345785240059,1,0,1111763.5188238912,DDoS
4.987641368549668,33,187.57668951296355,0,1,1241.073745389951,Benign
0.016655780508472738,1290,654.1095089377038,1,0,50661166.32002921,DoS
0.191213086265022,97,128.34649418706152,1,0,65108.566465423624,Mirai
0.011965669689268332,30,127.24792485425593,1,1,319032.5192622883,Mirai
0.01999499753567892,71,103.44758855642658,1,0,367330.8173407034,Mirai
3.1511888921267452,13,155.70133506508068,0,0,642.3345045748645,Benign
8.478605007100196,39,238.43752376257873,0,0,1096.7680908537789,Benign
3.791248692651749,663,517.169993074183,1,0,90440.83709748858,DoS
5.8870585119581795,42,207.7959293025556,0,0,1482.4770321170765,Benign
1.0633295203218922,3468,62.84028747238536,1,0,204950.6881820232,DDoS
2.643246137471931,21,104.3360495420622,0,0,828.9266025293012,Benign
4.331393256747727,16,255.62225288379318,0,0,944.2587647217417,Benign
3.4172756549245342,39,175.15504764237008,0,0,1998.9744895786837,Benign
0.04559484086040039,51,138.8985837635799,1,1,155364.678070298,Mirai
3.5194171609885903,14,150.5152380241174,0,0,598.7392900436206,Benign
0.3441651041177694,2321,57.71019590795185,1,0,389189.2673015497,DDoS
1.270841418427363,40,214.31705938566597,0,0,6745.674362765997,Benign
4.255974896047684,272,391.1924327285633,1,0,25001.1676058009,DoS
1.8235878405889325,34,277.58514964988854,0,0,5175.454057123027,Benign
0.0796249467990825,38,112.32841389276764,1,0,53607.31654484892,Mirai
0.001,31,149.14114336580383,1,1,4623375.444339918,Mirai
11.226828057672618,19,161.96586567593812,0,0,274.1069367086019,Benign
2.64290839773579,14,260.24602078624787,1,1,1378.5738068443277,Spoofing
0.7592751011721492,10,200.27799358267214,0,0,2637.7526837570226,Spoofing
0.14543815542760125,27,111.45627617757754,1,0,20691.402802427765,Mirai
0.05252011325370204,67,112.94278517723292,1,0,144081.30786620517,Mirai
3.8281583740857412,28,98.87359428283939,1,0,723.1834133771124,Benign
1.9607208573788966,1934,61.68607507540814,1,0,60845.41241394324,DDoS
9.013219312502624,1,224.40771322694118,0,1,24.89762042244502,Benign
1.3162711319348896,9,174.19759219491107,0,1,1191.0755251842377,Benign
1.641419731635329,14,334.24717673981127,0,1,2850.8615950992994,Spoofing
45.623665137883116,38,178.41958961399868,0,0,148.60586901209516,Benign
0.14164096533960666,651,432.464910702091,1,0,1987664.0645030714,DoS
0.03472770657183021,67,158.18030753648065,1,1,305176.5190143872,Mirai
0.03359194952141466,35,115.15425569690683,1,1,119981.09686436581,Mirai
0.802429954150929,5,155.66066818894424,0,0,969.9330600990129,Spoofing
1.9469460120849336,14,169.9335061291124,0,0,1221.9491814567014,Benign
9.226751704669052,5,114.84922944339252,0,0,62.23708685326108,Benign
0.11956484161547641,3094,59.06690964875911,1,0,1528484.5945014427,DDoS
9.07707542106527,21,260.58928655758757,0,0,602.8786546170518,Benign
3.866764502576733,27,188.7967548603762,0,0,1318.2888117011728,Benign
0.6668321921690114,48,114.51717507012675,0,0,8243.18991782102,Benign
0.04670456674561044,89,105.23445497674592,1,1,200534.27631486687,Mirai
0.2593497405640324,1007,50.45878633227021,1,0,195920.7583014752,DDoS
6.503761991597099,12,243.52565317777373,0,0,449.3257659042451,Benign
7.469259370175268,602,447.79398979515406,0,0,36090.858343075204,DoS
6.628269417589916,48,144.6615351937125,0,0,1047.5967785604882,Benign
4.254225514743481,42,194.84704186004055,0,0,1923.6346850350628,Benign
0.03029269042268883,77,159.47764038792684,1,0,405371.0033187733,Mirai
1.7624812723326464,545,365.81045202919313,1,0,113117.05802811065,DoS
0.0424688117975908,29,113.84317628489512,1,0,77738.273629997,Mirai
8.480656282409196,21,270.0152903687139,0,0,668.6181952102603,Benign
0.620596243385715,78,117.15283569374495,1,0,14724.422330144005,Mirai
0.07250088969832462,472,510.4851340720632,0,0,3323393.4684746605,DoS
0.687316775322704,3044,59.79644673423474,1,0,264827.5007889189,DDoS
3.5673165305333026,802,599.9149594617186,0,0,134872.1912872617,DoS
0.08615169158145254,34,148.80699241346477,1,0,58727.08532106223,Mirai
0.11358055122573629,4032,72.12343395720434,1,0,2560312.3296830324,DDoS
0.7251854098622367,908,62.61738506049468,1,0,78402.82617617775,DDoS
0.15664885750145413,24,247.3037835356485,0,1,37889.141992628116,Spoofing
0.02419117708042767,39,128.52423092603192,1,0,207201.36888959646,Mirai
0.44848943112779865,959,72.81841491794665,1,0,155706.81282433993,DDoS
0.7390819734726203,407,459.1887154311058,1,0,252867.49493070066,DoS
2.3238172979327802,10,169.14470345644142,0,0,727.8743626140878,Benign
0.2665580739336854,14,196.07153262556034,0,0,10297.949021948398,Benign
0.047822971397162024,4334,55.22272664677098,1,0,5004609.506579267,DDoS
0.7128595904305923,22,365.59993087338074,0,1,11283.005218960443,Spoofing
0.7685256392649867,10,210.33205857507028,0,0,2736.8255244708635,Spoofing
0.11938763286516008,30,174.48019453860374,0,0,43843.786081846556,Benign
0.610687363662171,3924,54.213460641952736,1,0,348351.1076490943,DDoS
16.47850576060253,47,91.13024361711201,0,0,259.92171330513,Benign
0.05657758013244105,21,350.7234986576447,1,1,130178.65830545493,Spoofing
0.10575249681282341,21,156.47334087107157,0,1,31071.986547120978,Spoofing
1.678267225457117,679,358.32896910552853,1,0,144974.15330051727,DoS
0.22258398687659056,95,113.83965116351011,0,1,48587.35353019621,Mirai
0.2826146668817425,1078,471.34246930637744,1,0,1797879.7332726102,DoS
0.757123107492197,2487,82.94845045552691,1,0,272469.2909798972,DDoS
2.014409399260323,27,152.69035986702494,1,0,2046.5749007741313,Benign
0.13055022757160525,2233,49.55456574290544,1,0,847607.4485830727,DDoS
0.7561969541785262,863,662.2309032892592,1,0,755762.4589475765,DoS
0.010747434432006224,397,655.1147081398019,0,0,24199313.87131544,DoS
13.063488251509765,19,238.47286554014516,0,0,346.84338195344617,Benign
0.03488812604858782,11,184.94156694902824,0,1,58310.87727687387,Spoofing
2.2199033443614,27,187.19003598344014,0,0,2276.7346985581516,Benign
0.43104528198034064,2143,76.46058924920231,1,0,380134.175250093,DDoS
0.9791430528564654,1072,549.9792675478998,1,0,602136.5040495017,DoS
0.25375916482923433,946,614.820478465649,1,0,2292016.42045087,DoS
0.11685034687233808,930,668.4383328181538,1,0,5320032.555830139,DoS
7.117308118789998,18,211.46100608126142,0,0,534.7946226205826,Benign
0.4946896346565999,22,205.96179107883094,0,1,9159.600457122351,Benign
1.0195531962095836,550,622.5040643384688,1,0,335811.0559203988,DoS
0.3131338480825615,2553,79.34245052922273,1,0,646884.0000576939,DDoS
29.76642754122615,40,161.54982901055163,1,0,217.0899800277437,Benign
0.3279583340349799,686,484.2362228154538,1,0,1012891.0119904758,DoS
0.7928313360950995,4806,66.63249873963052,1,0,403914.14209219936,DDoS
3.790014950278932,346,495.60377224959296,1,0,45244.91524386702,DoS
0.02132548144322154,84,125.51531509284624,1,0,494398.52018676675,Mirai
12.09530860649264,47,163.1291861042689,1,0,633.8880632433828,Benign
6.129103182042583,12,196.43410547425904,0,0,384.5928508101157,Benign
0.2256801874408652,45,152.85900406084124,1,1,30479.6591173528,Mirai
1.9276973693497712,1122,485.8340802297793,1,0,282775.6299743674,DoS
1.4397773556127553,1427,523.7636403010745,1,0,519115.48115128017,DoS
0.04292454712629642,42,119.2322845062826,1,1,116664.15336962332,Mirai
0.05925987579396861,10,136.84287358417936,1,0,23091.99466768154,Mirai
0.07803861749806497,6,189.83678484503534,0,1,14595.603376731462,Spoofing
0.7389047637539524,1486,52.01841587524989,1,0,104613.4356989492,DDoS
0.4289389626541944,2069,56.067788675846806,1,0,270444.6666549346,DDoS
0.19654908851794115,737,67.34857270326975,1,0,252536.90290087002,DDoS
7.028964921643725,5,172.72946901583242,0,0,122.86977594948615,Benign
0.12446763889812082,1297,64.43181147352183,1,0,671403.9104538643,DDoS
4.708918911105629,8,180.9109883678917,0,0,307.35035668798935,Benign
1.1885884083765483,23,321.33060899701997,0,0,6217.96742660988,Spoofing
0.03502764809338477,1862,64.69169793035984,1,0,3438881.800604792,DDoS
0.21943315874648675,1866,66.08919273477754,1,0,562004.5500305197,DDoS
5.952024616313507,40,270.0326224406847,0,0,1814.7278605036029,Benign
5.399880585016398,4,174.01757974357278,0,0,128.9047615063468,Benign
6.0879438937054395,40,186.47102855202425,0,0,1225.1823065900712,Benign
0.2551427935076035,2232,57.047015426874886,1,0,499049.71519013424,DDoS
3.33552653863505,34,171.44276631462796,0,0,1747.566384851098,Benign
4.508433612699779,1023,261.30999587430426,1,0,59293.34858705712,DoS
0.08896721958509635,67,140.48373171608173,1,0,105796.38285733534,Mirai
0.12169686628470727,14,141.53892248771203,1,0,16282.628923181846,Mirai
0.9900765230203843,818,493.417774809266,1,0,407661.15588993696,DoS
1.285235631526307,46,289.3550453693325,0,0,10356.336037137678,Benign
0.0035980654211975986,19,130.8957297906289,1,0,691210.0184087695,Mirai
0.028261157303771423,32,90.92989539796801,0,0,102959.57173511335,Mirai
9.421861790366638,18,219.06071725284693,0,0,418.50464359208195,Benign
2.774584755223976,415,373.46672602451304,1,0,55860.139434688695,DoS
1.922343248881966,21,228.75688686149124,0,0,2498.978591302702,Benign
0.11849856659666312,66,137.76357197660244,0,0,76730.0062067738,Mirai
1.475131488894445,16,407.6696846700511,1,0,4421.785450196948,Spoofing
4.576970718990577,17,204.41545066421787,0,0,759.2494850083087,Benign
0.163049592399533,24,114.562709847608,1,0,16862.998526272102,Mirai
4.768937543857304,1189,418.64486926906653,1,0,104377.28424480585,DoS
0.9004256398193877,11,402.33224695230564,1,0,4915.069630139679,Spoofing
0.38812627844673714,1056,61.29951665889008,1,0,166781.5172186832,DDoS
0.04522946553918326,33,160.54877938455923,1,0,117138.45513165723,Mirai
8.76881734382801,31,201.04468035747828,0,0,710.74408859349,Benign
0.5822793116095537,43,188.2816989140281,0,0,13904.174323012943,Benign
0.9917315295920239,2,171.69951357399884,0,0,346.2620849508176,Benign
0.7043153719365093,25,325.6652928668545,0,0,11559.640249347407,Spoofing
0.14818776666196673,60,117.432329231141,1,0,47547.377982563536,Mirai
0.3330532673023088,22,120.88983667805637,1,1,7985.438571011441,Mirai
0.7740836105204529,22,305.5857814001587,1,0,8684.962579537598,Spoofing
4.165333138503006,31,192.40162529801992,0,0,1431.9263756133087,Benign
0.7954069105911779,19,230.0791167810389,0,0,5495.933164058966,Benign
6.411850131174387,26,165.77288344010407,1,0,672.2076906456441,Benign
7.378083392586311,29,275.9729039919595,0,0,1084.7280777293277,Benign
0.5097674665600406,9,96.90742231607304,0,0,1710.9110683938345,Benign
0.13248423278385713,3867,76.74108416359591,1,0,2239947.850585165,DDoS
3.0097820062835705,13,271.1337965786655,0,1,1171.0945670364154,Benign
0.7998866606370503,49,187.43016647934107,0,0,11481.724361015444,Benign
1.2883380769707147,33,208.55244260379715,0,0,5341.944578792222,Benign
5.050663342717395,32,171.15120281805358,0,0,1084.380034570078,Benign
3.178467427901049,22,235.97730600307435,1,0,1633.3345707732876,Spoofing
0.07426713003312388,70,134.56905644985943,1,1,126837.18823238248,Mirai
0.11040016177310162,27,393.38049301252215,1,1,96207.04481545345,Spoofing
0.058793321386432916,3306,54.159729532741466,1,0,3045449.0682433387,DDoS
3.006027583143831,22,219.76507584890956,0,0,1608.379010155169,Benign
0.03157762381655674,21,116.71021216510304,1,1,77615.54414940189,Mirai
6.925958890212369,1,138.80461730298566,0,0,20.04121299350212,Benign
14.124645842211702,12,153.3070676342762,0,0,130.2464381877378,Benign
1.402271617904691,17,148.3776705111946,0,0,1798.8101352713472,Benign
2.407515208994532,34,85.76116821267263,0,0,1211.1573411196223,Benign
5.788030121065015,16,232.20129490550528,0,0,641.8799903903183,Benign
0.8553114052093291,1,157.25501658948824,0,0,183.8570322244231,Benign
0.17422132866124446,1112,436.26605986228185,1,0,2784549.1840447322,DoS
0.13802987478750367,45,143.23018295868897,0,0,46695.38564070714,Benign
2.397754115094027,42,211.15190124132374,1,0,3698.619385661163,Benign
0.002769660711087569,95,129.37862104616946,1,0,4437716.486421102,Mirai
0.6544032829581702,6,263.7706884973702,0,0,2418.4232753694537,Benign
2.0361310121129614,7,151.20106454722293,0,0,519.8130402877248,Benign
0.1560517810828862,32,144.30615619531204,1,0,29591.440521894867,Mirai
5.3406243613557125,29,200.24298437718042,0,0,1087.3347672525913,Benign
12.16359919095051,29,207.632197875677,0,0,495.02895022012837,Benign
0.624040173574347,2055,75.05296877355559,0,0,247153.72080333155,DDoS
1.0195623017065722,28,247.14682038786293,0,0,6787.335074352086,Benign
0.5805976604481059,1246,60.72156958950027,1,0,130312.40196545674,DDoS
0.030631186389821083,74,125.49368217109284,1,1,303172.47143084335,Mirai
2.676774379106603,41,253.1950136664763,0,0,3878.1735365347745,Benign
1.1073393715526256,3546,64.92715815727718,1,0,207914.31131261215,DDoS
0.23295057231175137,4373,56.09303499086093,1,0,1052990.93958337,DDoS
0.8467288260694749,28,99.52200306739365,0,0,3291.0372247777686,Benign
2.17126188819694,251,529.5838431495182,0,0,61220.41074506823,DoS
0.5619095139808543,37,297.0509792816657,0,0,19559.886351730504,Benign
0.2273272902648573,1795,57.80253074462978,1,0,456414.81304653594,DDoS
3.1854035031242036,29,196.6614591144627,1,0,1790.4112646092747,Benign
0.8840251577412911,2861,71.19183380949288,1,0,230400.49793307556,DDoS
0.7698389151073738,20,177.39038676989387,0,0,4608.506618430746,Benign
0.032902614460329056,23,132.26538131885226,1,0,92457.81285865567,Mirai
6.256060759039142,43,230.0784354878549,0,0,1581.406112733673,Benign
0.04732446095285848,4691,49.9544189520431,1,0,4951692.519804177,DDoS
0.2586144542567708,4446,78.70581572419205,1,0,1353080.042317845,DDoS
0.22982360203606153,1468,494.4322687133311,1,0,3158189.8640561765,DoS
0.07732388500838851,1093,61.83848270987938,1,0,874108.454257901,DDoS
2.031306342256992,1213,550.9393232483981,1,0,328994.88629458426,DoS
0.04447225717853363,26,171.99660267404164,0,1,100555.08654693684,Mirai
0.17450973347141926,68,128.55440364366552,1,0,50092.904698642196,Mirai
6.557567932342046,11,214.5334003110952,0,0,359.86930334082206,Benign
1.0591852775210326,4958,59.017016874927684,1,0,276256.0770772053,DDoS
0.13526032139420055,29,130.6359098719835,1,0,28008.519773116226,Mirai
0.357004923465813,26,383.17116917636156,0,0,27905.638672625788,Spoofing
0.2215582935999846,58,126.27644758425491,1,0,33056.91626741836,Mirai
39.628372567664925,35,172.59814757436018,0,1,152.43964800189028,Benign
0.18180930831367387,41,196.5452933041215,0,0,44323.12679813937,Benign
0.028071246077184513,732,52.33870781608287,1,0,1364810.5971509216,DDoS
2.146911330502382,863,638.9775295320786,1,0,256851.59892334547,DoS
0.01898449799674175,3477,62.41753627558384,1,0,11431736.233818375,DDoS
0.09365909147767543,2993,72.07395524060654,1,0,2303218.4556963565,DDoS
0.1372016807211296,64,109.44262788416721,1,0,51051.329311507536,Mirai
5.375048316219537,9,207.30079713042258,0,0,347.1051913233817,Benign
0.23650803454243743,86,143.7102105103315,1,0,52256.483073816584,Mirai
1.3843908673218517,1970,49.20810801419048,1,0,70023.55698538282,DDoS
0.758626811029176,2,192.92108566572753,0,0,508.6060309521752,Benign
0.13711532723659162,1468,71.8290699490322,1,0,769024.7094202276,DDoS
0.060336967481988774,45,116.03248836458899,1,0,86538.35607441104,Mirai
12.761640220150557,31,190.69884887917488,0,0,463.23703013660713,Benign
6.596200542080757,20,195.37571265428576,1,0,592.3886376949205,Benign
1.058212035707558,10,298.2756911399223,1,0,2818.6760410496054,Spoofing
7.562035521876732,49,183.96352184499798,0,0,1192.0352059081272,Benign
0.5295832192785896,2448,77.79111403168567,1,0,359589.65506682446,DDoS
0.13872144289371116,3025,40.858360173275315,1,0,890969.2470460959,DDoS
0.03869938322938295,3560,57.62195932522465,1,0,5300709.160709551,DDoS
1.1944315672936516,1342,633.5051866794137,0,0,711772.8497833312,DoS
2.1060031954159224,18,193.7396573336525,1,0,1655.8919946543683,Benign
0.032775455452252016,1744,69.22324134233963,1,0,3683406.7211336107,DDoS
3.9032899577787945,21,146.96465570006902,0,0,790.6811441335285,Benign
3.7638899573740727,1468,551.4355750913612,1,0,215072.02213714074,DoS
1.8932079292044266,4,181.63783602958085,0,0,383.76732577051826,Benign
0.011348125120699958,2267,54.62702807606604,1,0,10912769.407392932,DDoS
0.7964704504240204,46,195.76427546828998,0,0,11306.328648786939,Benign
7.241387650884979,30,106.88751633767544,0,0,442.8192005075681,Benign
0.001,45,164.43447455975772,0,0,7399551.355189097,Benign
1.1415737739910896,46,198.33776299725685,0,0,7992.06963731897,Benign
0.11904654039243832,47,121.01553898573566,1,0,47777.36768813194,Mirai
4.432568478820372,15,134.91794297313277,0,0,456.56804948799623,Benign
0.06749969957514412,23,275.0821506167282,1,0,93732.11294283363,Spoofing
2.600186353094696,5,385.4934929149346,1,1,741.2805094837281,Spoofing
0.17540927322766914,3433,71.13073232286536,1,0,1392125.9667238495,DDoS
0.9616512244872937,43,234.52662310755926,0,0,10486.800761889215,Benign
0.23766704468156297,45,267.8752861511582,0,0,50719.64391593766,Benign
0.1716372583203127,35,106.34662079525293,1,0,21686.035795838336,Mirai
1.9746699610375174,6,224.989586524848,0,0,683.626907678189,Benign
8.118929445316441,11,271.6875017107118,0,0,368.0981019661205,Benign
0.47892767321653607,775,59.95458363051285,1,0,97018.41199023693,DDoS
0.08858277202072488,98,151.5410587381445,1,1,167651.3775484877,Mirai
0.00988799666839288,23,161.24997325653945,1,0,375075.91368385835,Mirai
1.3389840202962446,45,256.7156191956147,0,0,8627.588297317232,Benign
0.3570272364947864,344,582.2688296239629,1,0,561022.9610411478,DoS
3.108543953125973,34,318.4109514631994,0,1,3482.650563413172,Benign
2.6789810874300373,1,254.2216787801529,0,0,94.89491358224902,Benign
0.11353909523510558,26,124.93938476155084,1,0,28610.620835702495,Mirai
2.8187718288463772,1,260.57464013314245,0,0,92.44261542083963,Benign
0.42164977857717245,35,307.05268197345674,0,0,25487.607049944283,Benign
4.21669633877677,37,203.15493929070624,0,0,1782.611824482641,Benign
0.16881690320484638,63,152.56954807326088,1,0,56936.72461786692,Mirai
0.253115614791448,64,129.49551157166957,1,0,32742.79521401881,Mirai
0.4021726240529082,1444,310.9929259534673,1,0,1116619.4768585952,DoS
0.19297200136843898,68,157.02974587660478,1,1,55334.570009572075,Mirai
0.9617327298176095,4,154.56964227219743,0,0,642.8798250487376,Benign
0.9823693362701413,3088,82.91739833007155,1,0,260644.2572967792,DDoS
0.5862851821115673,39,172.79572051231526,0,0,11494.462602157135,Benign
2.968915553179542,40,228.3224525212176,0,0,3076.173079785945,Benign
0.8329210660309954,2657,81.9295105621542,1,0,261353.34840425683,DDoS
0.03157716280569735,15,215.43530893367006,0,0,102337.55495671062,Spoofing
1.2045488796843364,17,209.40242831717103,0,0,2955.331528202324,Benign
3.6395348181690688,49,163.35934194481504,0,0,2199.3491353169125,Benign
5.306182618140135,18,232.97292622196775,0,0,790.3068879799097,Benign
3.701962143600497,23,118.90941065144483,1,0,738.7748277520943,Benign
3.502428615734303,29,415.52736781924057,1,1,3440.5536811295055,Spoofing
0.014619358279823151,2105,72.20534828917447,1,0,10396643.630964551,DDoS
0.13459112438969653,2513,65.62369385679662,1,0,1225283.9361430772,DDoS
0.20181714882020285,44,84.7126400964346,1,1,18468.97642758689,Mirai
3.8865999227506642,29,221.70902101829307,0,0,1654.2895428712159,Benign
1.1626964595110427,1610,56.69651185752163,0,0,78508.35301330242,DDoS
0.04720713536786416,2063,59.25864438296844,1,0,2589663.2449611607,DDoS
0.720761963915967,808,79.96089292194242,1,0,89639.02746741241,DDoS
0.4064419124252058,24,256.43775064522436,1,0,15142.400001914046,Spoofing
0.06601476371460584,43,149.13659218397427,1,0,97143.01927421788,Mirai
5.538029889144143,39,215.68901865805572,1,0,1518.9285533025823,Benign
0.08146002999858953,26,109.2442666731768,1,0,34868.03200970803,Mirai
6.456614121780784,28,165.41857872883435,0,0,717.3605417710635,Benign
7.435174046125615,36,156.05034950402535,0,0,755.5724381559421,Benign
9.414663372014306,1,133.186896729539,0,0,14.14675081484545,Benign
2.6974839061014437,32,145.83803693971424,0,0,1730.0630307802667,Benign
0.288417760871928,2378,74.15844866983988,1,0,611435.268076944,DDoS
1.9027944272115087,1290,546.0238943227918,0,0,370177.04782152263,DoS
0.5859231856490804,29,435.6490026622469,1,0,21562.24806705597,Spoofing
0.24382279836061377,2110,63.40333502183008,1,0,548681.4104159342,DDoS
1.7113463596586824,2631,59.540069420565686,1,0,91536.0714453801,DDoS
0.4073871854874758,21,178.6618585580716,0,0,9209.663836701233,Benign
8.682261520079281,49,215.56976787060094,0,0,1216.609128996035,Benign
0.08065021170570488,665,45.48343036319944,1,0,375032.8802842821,DDoS
0.31194042878141787,3056,58.53312178262783,1,0,573433.91129674,DDoS
0.2591977972888802,29,144.21083997893876,1,0,16134.837576293863,Mirai
7.0299461253670845,43,298.9666809191939,1,1,1828.686457942671,Benign
26.84618540404862,3,220.42126038584658,0,0,24.631573208826005,Benign
2.268050383390394,988,57.40130842265689,1,0,25004.952772172706,DDoS
1.076218644853249,25,162.59352649260757,0,0,3776.9631494067476,Benign
4.629919829675854,18,237.43085160247222,0,0,923.0732898335542,Benign
1.7439657100948296,1493,404.2182831291287,1,0,346049.17586308124,DoS
2.1166989587432763,30,200.38170696089398,0,0,2840.0123616992423,Benign
0.9454458761730601,1161,487.7097704044114,1,0,598903.710629624,DoS
3.864595181482104,30,148.5141267266427,0,0,1152.8824087832634,Benign
0.3716874213717252,36,168.37779039680106,0,0,16308.328196618259,Benign
2.5185290657040897,27,209.33074130367845,0,0,2244.1392843799654,Benign
0.35874671470264946,57,160.67169664818115,1,0,25528.559102031795,Mirai
8.403020020830386,11,147.9310455739238,0,0,193.64960422316807,Benign
0.07328887399803578,79,101.58511434758192,1,0,109501.25981842831,Mirai
3.3979933747567266,17,182.60492785366017,0,0,913.5638099160416,Benign
0.1749497196053943,22,171.09163137639376,1,0,21514.843800667662,Mirai
7.53102072267282,25,165.59545957920787,0,0,549.7112067447501,Benign
0.038715429999261725,1197,531.9281497805293,1,0,16446104.183769504,DoS
0.12270198394151255,4098,65.93901803714806,1,0,2202230.862420575,DDoS
1.4879589819908539,7,340.63404426238367,0,0,1602.4892747018898,Spoofing
0.316986203379614,3,171.4809676200048,0,0,1622.9189074324845,Benign
1.8074202029483322,9,210.75974450854474,0,0,1049.4724455789026,Benign
0.11437554933910773,24,153.84135423684864,0,0,32281.30944960558,Benign
0.007153049908556648,53,102.19263234840722,1,1,757188.8332537124,Mirai
0.12195188725763201,3917,76.03874741793595,1,0,2442305.570940768,DDoS
0.1299417375602429,83,117.41774665450988,1,1,75000.32826485857,Mirai
0.31631705476484645,44,189.11434793912548,0,0,26305.983771591025,Benign
13.30602960983824,36,230.7276686120858,0,0,624.2430171576979,Benign
1.4090525080466687,40,192.57268589297811,0,0,5466.728451729209,Benign
1.110227010294687,27,281.8809423976657,1,0,6855.161488745303,Spoofing
2.340964848352985,395,392.33916462569704,0,0,66200.89581276037,DoS
0.1302786404384562,25,307.7261745560672,0,0,59051.540129757006,Spoofing
0.6338443781525978,16,174.67433019517554,0,0,4409.267289343954,Benign
0.37645780674869894,1248,554.7312673866721,1,0,1838996.5868358486,DoS
3.7151707450062785,1345,522.4765927140347,1,0,189151.74171872123,DoS
1.8275230702155465,4,256.6602358880777,0,0,561.7663384305315,Benign
0.061989673877813234,12,102.20798450785291,1,1,19785.4858296522,Mirai
0.7203173396531186,16,264.07509999815375,0,0,5865.750228927128,Spoofing
0.06911137165518287,53,111.65242035222906,1,0,85623.80020747805,Mirai
3.8518681317476178,758,302.87462908935197,0,0,59601.98038907612,DoS
3.470222379708492,13,180.0164270370837,1,0,674.3699093078502,Benign
11.660570997450021,12,175.58578284948157,0,0,180.6969311069374,Benign
0.32202251268092374,8,461.7234915756102,0,0,11470.589126993347,Spoofing
0.6204619364881345,21,139.761770982572,0,0,4730.342053287485,Benign
6.626688021651896,820,565.6838483957818,1,0,69998.88242345686,DoS
8.260046469504127,426,352.6163008149059,0,0,18185.677853234607,DoS
2.020048951209341,605,452.26617747979867,0,0,135452.67663512297,DoS
2.9131184411183693,8,267.7705244425553,1,1,735.3508753039401,Spoofing
16.1334250017726,14,206.4674735834744,0,0,179.16497147078525,Benign
3.3378289564134245,44,262.4548324937005,1,0,3459.7376859392557,Benign
1.6285016471565963,35,221.50235693175134,0,0,4760.561652576462,Benign
0.6151445764988988,3431,69.04781360915071,1,0,385117.67402930226,DDoS
0.060388884825407364,46,166.20608178238444,0,0,126604.08921432853,Benign
4.89324228260072,34,210.6723037994599,1,0,1463.826623637903,Benign
0.12933330770148319,31,163.0638911702396,1,1,39084.9094955874,Mirai
1.3837259723070907,8,285.35976963008767,1,0,1649.8050934423463,Spoofing
8.908242568100748,40,165.33619380384215,0,0,742.3964605359511,Benign
12.765248238294827,43,181.00958099490163,1,0,609.7344789137037,Benign
0.9420267452937197,8,294.7874483151382,1,1,2503.431668265213,Spoofing
14.18350333657579,17,214.71718638943437,0,0,257.3547650394265,Benign
6.919989559317605,29,242.00385683904807,1,0,1014.1795429275858,Benign
4.1755649785862525,34,167.65677381402122,0,0,1365.1638374471468,Benign
1.5547386742070237,4852,50.38926600023859,1,0,157253.89912092863,DDoS
0.14656824866998408,20,305.5975159523694,0,0,41700.3708136622,Benign
1.8227036766163196,11,341.27771833276813,0,0,2059.6079054547718,Spoofing
0.4017885425872376,1459,75.93982273178844,1,0,275757.49336262594,DDoS
0.04751728040790811,1214,78.30624396998394,1,0,2000614.9207928872,DDoS
5.167258126754643,4,179.161836138917,0,0,138.69006095226112,Benign
0.7442550032709611,3005,65.67847836077783,1,0,265183.07113386394,DDoS
12.330216774427065,1308,521.3556322601313,1,0,55305.853860621886,DoS
0.018106103453146307,79,128.89335867250168,1,0,562383.5830540447,Mirai
0.001,49,158.68738542500378,1,1,7775681.885825185,Mirai
0.11286304351842998,1502,73.23685432487498,0,0,974648.1378379583,DDoS
0.23873652881845617,23,249.98673693687687,0,1,24083.850837591937,Spoofing
0.10717227354225299,86,122.40321848314122,1,0,98222.01621392282,Mirai
0.016656442355546457,77,139.67268288526776,1,1,645683.8953117956,Mirai
0.17040352403070907,29,211.44125488139235,0,0,35983.97642560106,Benign
0.20929892376460438,46,166.23473928374554,0,0,36535.2954019608,Benign
1.7456826935034206,19,193.38543984253795,0,0,2104.805971143702,Benign
1.452239045313576,494,395.7208289570723,1,0,134610.13194462293,DoS
0.4072303561567878,1703,62.69049343624348,1,0,262165.89384318446,DDoS
1.9909201731828656,905,60.81596425945907,1,0,27644.728501003134,DDoS
0.04964270097634202,46,142.5455875187432,1,0,132085.82323083247,Mirai
0.014308217798532112,24,97.85372837036276,1,1,164135.70955913453,Mirai
0.04998688368237833,5,199.87817645563752,0,1,19993.062352684705,Spoofing
0.504918669800675,30,235.759951265326,0,1,14007.797613726354,Benign
4.8397677624488225,779,338.0737725859899,1,0,54415.72442542815,DoS
2.8438046523730387,7,207.66559753390317,0,0,511.1670316469533,Benign
5.865198967589657,29,182.79097767455045,0,0,903.7951452038157,Benign
0.8809393912808388,23,191.6302359535939,0,0,5003.176689061886,Benign
1.8141600243991516,37,290.06957071376473,0,0,5916.001880795447,Benign
0.19246742700109817,1529,54.48071152323747,1,0,432805.74389636744,DDoS
0.001979826671289476,50,143.60444949202872,1,0,3626692.466934443,Mirai
7.426519620389492,4,290.74629550432564,0,0,156.59895098429817,Benign
1.916519176263688,1206,440.27346267264943,1,0,277049.03898658446,DoS
0.08374945483138621,3647,87.36146099599624,1,0,3804290.4147120016,DDoS
10.466107560707705,8,217.89272005523276,0,0,166.5511031996305,Benign
0.011163595531903653,4899,53.96674542545968,0,0,23682610.59653811,DDoS
1.9177225836762657,49,235.39422572061153,0,0,6014.591035476429,Benign
0.0864174410885896,2867,57.28141993227658,1,0,1900378.3134180421,DDoS
1.9347722972019348,3080,49.81105386124983,1,0,79295.14295533509,DDoS
12.479804661066048,4,251.29930469405963,1,0,80.54590965772158,Benign
2.7366060316320855,48,262.7650034726913,0,0,4608.8914593114005,Benign
0.1351123369570533,4895,50.08107269904636,1,0,1814392.7962681463,DDoS
0.2708892460046731,29,261.7684932786562,1,0,28023.579440839345,Spoofing
1.890110771431506,20,145.6774912925555,0,0,1541.4704100355375,Benign
3.636854753424111,1147,594.9985417387584,1,0,187652.071266199,DoS
0.7184505916172345,1032,429.6254297803846,1,0,617124.4741205125,DoS
0.4637230783922871,20,159.91637025223267,1,1,6897.06325622859,Spoofing
0.00763993099474488,52,91.69036173361376,1,1,624076.1616076782,Mirai
0.004655016819192313,996,70.95961255303605,1,0,15182710.793102311,DDoS
1.7473575816061968,955,550.2751230664517,1,0,300747.10984193766,DoS
0.004861002899779897,89,82.1803712325115,1,0,1504638.6909221346,Mirai
5.365630079727054,42,267.24440510194654,0,0,2091.882005934469,Benign
1.4889007693842313,26,167.2442211772798,0,0,2920.510110561386,Benign
6.735512718320015,29,198.51423589642272,0,0,854.7104105880389,Benign
0.23326879401775114,80,126.92887911889747,1,0,43530.513253046105,Mirai
0.2730001241605031,52,104.74339132591277,1,0,19951.11308354295,Mirai
4.861749163288457,21,254.03761384491796,0,0,1097.2984643113218,Benign
0.1592005812831864,2220,68.55202183635917,1,0,955935.5075846704,DDoS
0.18606542510172203,3339,48.76060160622669,1,0,875023.657265619,DDoS
5.038853203117446,45,184.71749524554596,0,0,1649.6387076541362,Benign
0.23124491018648702,29,205.00750761170545,0,1,25709.615471946814,Spoofing
1.406371988738623,9,150.06370356281604,0,0,960.3243970158105,Benign
8.541304413276164,44,159.07711633429793,0,0,819.4758997032833,Benign
1.3537830209270674,1564,68.45479174687526,1,0,79084.53026600688,DDoS
0.37583216320889035,1188,495.0181669093998,1,0,1564745.223685145,DoS
8.824857623297538,15,184.80831312827507,1,0,314.1268466026856,Benign
1.4294307069159131,1359,528.0129214567486,1,0,501996.7437301826,DoS
0.4408226514627347,2690,60.28243932489272,1,0,367857.1444681529,DDoS
1.0571868016195638,27,254.91900702545053,0,0,6510.498597923278,Benign
2.5853990063089722,34,168.80428990775437,0,0,2219.907195314269,Benign
0.7575945277072608,1552,55.779974798850915,1,0,114270.25634650308,DDoS
3.9544191061432983,34,280.2350075769615,0,0,2409.4538292146876,Benign
1.144902286371949,19,315.88589374347225,0,0,5242.222024156334,Spoofing
0.1776552874509324,93,127.23404540044399,1,0,66605.20152269292,Mirai
0.251751888320857,13,443.2872129691873,0,0,22890.52847641345,Spoofing
2.009504127216793,32,91.05435961681243,0,1,1449.979359720744,Benign
0.925668579067686,6,191.86543715392597,1,0,1243.6336815958612,Spoofing
0.1936526016557276,4499,66.77842809471848,1,0,1551418.0828422273,DDoS
8.786855163748186,25,317.2209693881898,0,0,902.5440942083131,Benign
4.462650315844278,29,157.46380047267021,0,0,1023.2596978290288,Benign
8.34026932893842,47,207.95826301606942,0,0,1171.9092005628718,Benign
0.11651041335227338,1187,758.728257042321,0,0,7729870.791773842,DoS
0.11038541673790889,4327,63.104518844896496,1,0,2473635.2057281714,DDoS
4.7504627980074945,5,219.8138769943436,0,0,231.36048669462372,Benign
0.1828646318887816,350,598.0563258991535,1,0,1144670.3055843632,DoS
0.1329037836307646,19,119.74147787792337,0,0,17118.309332721707,Benign
0.17397870267427398,1569,54.88060053188336,1,0,494932.200958742,DDoS
7.3178419655905715,21,194.74233763523338,0,0,558.8517912206456,Benign
0.09447433794674474,78,130.36541443319157,1,0,107632.42745898823,Mirai
0.01708365725648399,60,148.75874229591182,1,1,522459.82249304873,Mirai
1.2984425769853314,3076,62.515705813069,1,0,148099.20322196322,DDoS
0.9709854173224424,6,244.6502184099856,0,0,1511.7645273270427,Benign
0.12203910841836688,22,195.55839295775434,1,0,35253.32740322693,Benign
0.047817475384337726,70,123.23122527536617,1,0,180398.18497195435,Mirai
5.869100813132517,31,233.8771203279153,0,0,1235.3154190063617,Benign
12.218958428159796,46,257.85648950299407,0,0,970.7372839408278,Benign
2.806932981238332,43,232.20925115062946,0,0,3557.262630143736,Benign
0.42684056475596427,1067,67.83190385377327,1,0,169563.64363671868,DDoS
0.47655377212215605,1480,59.9986393669744,1,0,186333.6132409426,DDoS
0.039627289999586486,90,120.43145248530257,1,0,273519.3530466084,Mirai
7.531736508075233,23,178.74567818651073,0,0,545.843656888678,Benign
40.48599332125322,2,160.4009570800703,0,0,7.923775307045137,Benign
0.019862358020963786,84,161.4078621021573,1,0,682610.8160104207,Mirai
0.06920452265855907,52,102.60746476075491,1,0,77098.83635617218,Mirai
1.7785207133029277,28,152.03749014493624,1,0,2393.590185493178,Benign
0.23517241282526513,4461,79.33244551282104,1,0,1504862.0507016976,DDoS
2.728717430020585,24,220.76860814572322,0,0,1941.7351673007004,Benign
0.14288247417740976,17,408.4593945797724,1,1,48598.05058550681,Spoofing
7.376122241918869,15,218.83601070385782,0,0,445.02247290629606,Benign
2.6634967236924014,18,343.5253010302571,1,0,2321.5554813870817,Spoofing
1.8482939173788222,620,351.61248827233203,0,0,117946.46981147052,DoS
0.03077699485871816,3433,55.900831432108184,1,0,6235422.112762448,DDoS
4.595503280393256,12,242.44369151425238,0,0,633.0806705293148,Benign
1.6338905185581019,704,54.75444780530684,1,0,23592.236332305554,DDoS
0.014093159097453,4763,73.34328746725997,1,0,24787492.697055623,DDoS
3.6410085189451094,47,260.71959219117264,1,0,3365.5018298433833,Benign
0.47958921810526645,807,405.9580972946467,1,0,683101.6464696089,DoS
1.0024146642103164,7,411.3033770300514,1,0,2872.1882689919344,Spoofing
0.38578416438529,3472,64.2738638807215,1,0,578455.1985161114,DDoS
2.572685868182428,485,521.9571356141076,1,0,98398.80332987917,DoS
8.78177738666899,48,206.5862644032576,0,0,1129.1724049404136,Benign
0.5230280164829785,1060,49.99477608969288,1,0,101322.41674437934,DDoS
1.8154337184337366,42,274.9025142268298,0,0,6359.8607210447035,Benign
0.5334991595768868,406,633.5345356737042,1,0,482128.25993487745,DoS
0.8565328436281586,12,285.4073039411265,0,1,3998.54795151363,Spoofing
0.48666239870390227,810,455.42933615358595,0,0,758015.7482206702,DoS
1.2531309485415916,19,228.7809241298658,0,0,3468.7815854570913,Benign
6.006530195822725,32,188.8357517553803,0,0,1006.0290815443881,Benign
0.239836960422356,3481,50.68932085771215,1,0,735706.1463544487,DDoS
0.5535980738017637,4281,60.20710186413865,1,0,465584.35673436476,DDoS
0.24833552211003931,61,92.18657975778959,0,0,22644.289135298986,Mirai
0.18685513863762804,88,146.3433467147673,1,0,68920.84748000698,Mirai
0.7854780547833774,418,495.58154028233133,1,0,263728.67144600756,DoS
0.8843136772411463,24,195.57697770738196,0,0,5307.898753325724,Benign
2.466247992528514,30,277.3223507857463,0,0,3373.4119799698933,Benign
14.446727219052493,31,165.57908390333944,0,0,355.30203645252834,Benign
0.051453856991150904,3,280.9869541192157,0,0,16382.850803635974,Benign
1.1460572780197755,3547,47.63491325394817,1,0,147428.0915555066,DDoS
2.5500338997609697,301,483.65995492521034,1,0,57090.08278130521,DoS
0.4306737344536619,1431,527.5663581735231,1,0,1752945.2068954527,DoS
0.654246144361501,22,173.45201764228705,0,0,5832.582157368941,Benign
5.6669722309954205,27,202.44155624042048,0,0,964.5224637939064,Benign
1.5005328779638307,31,153.32893666448666,1,0,3167.672702412895,Benign
7.146664154575712,40,240.1403699283773,0,0,1344.0697071213312,Benign
0.1058571637270362,91,136.56974562380464,1,0,117402.0388814944,Mirai
5.295701526139725,23,240.060675775636,0,0,1042.6183416089204,Benign
0.04665019463649981,3068,65.31691224385027,1,0,4295636.670449017,DDoS
0.6503978383228027,48,159.90139540837743,0,0,11800.880211094367,Benign
0.08545975977063545,68,136.3838261551991,0,0,108520.08247442069,Mirai
0.32301397549346655,4148,64.21842630432229,1,0,824664.1090478661,DDoS
1.7616617056751211,26,192.22670506932764,0,0,2837.0341000783556,Benign
0.07764034645644428,3402,64.91547856941808,1,0,2844429.065203251,DDoS
3.6688387079753433,235,569.4692433688415,0,0,36476.19392500618,DoS
1.25061792527962,22,306.5882244055311,0,1,5393.286631017713,Spoofing
0.2867415303143724,47,91.57521521696333,0,0,15010.156047080092,Benign
0.21511810860780012,46,136.44845644355271,1,0,29177.59475027216,Mirai
0.05147665021297004,24,205.50429803948973,1,0,95812.43403645293,Spoofing
1.0602622228995457,6,266.82176949229387,1,0,1509.9383740897867,Spoofing
0.05600975519227798,1052,531.7726701209597,1,0,9987989.539443249,DoS
1.1955829475034472,600,488.9380921451185,1,0,245372.23109417528,DoS
0.05502125865948816,2895,81.64535124078162,1,0,4295853.959009769,DDoS
0.014826033244726087,55,138.64298874315674,1,0,514322.62797509326,Mirai
0.08986356990392592,4028,67.69325616446478,1,0,3034248.874399012,DDoS
0.127616740921685,383,593.1777265525127,1,0,1780229.361984969,DoS
0.10393085432954663,1786,68.6284257906977,1,0,1179345.337367639,DDoS
4.665669037883289,621,635.0535651556195,0,0,84525.55480458081,DoS
0.49701707081434165,11,150.86046872496922,1,0,3338.84941468046,Mirai
8.34749043668784,39,202.05532420400596,0,0,944.0151748269581,Benign
0.08528905772590534,10,110.4203093854543,1,1,12946.597409988235,Mirai
0.33801981030680056,3180,71.62510580763997,1,0,673829.8452435783,DDoS
0.0010847114068177688,29,116.4131886084837,1,1,3112332.4124987205,Mirai
0.8113791387148486,1680,49.086777154715996,1,0,101636.56136210408,DDoS
0.7585595559575974,4,202.99260152971647,0,0,1070.4108856605772,Benign
1.965262963695882,16,216.77453618037399,1,0,1764.8491031262859,Spoofing
4.980727168203315,26,160.4379261301312,0,0,837.5054361566534,Benign
0.07776241826966966,57,125.21867210204553,1,0,91785.52401836096,Mirai
0.023566976204521143,3814,77.17273206347745,1,0,12489374.858096423,DDoS
0.03853229559207226,1273,73.28316937212124,1,0,2421072.328478243,DDoS
13.070693254740611,46,208.77319320089066,0,0,734.7404380221265,Benign
0.08383874793221394,1369,61.076290092332385,1,0,997312.6173593019,DDoS
0.6129157747708182,23,226.3646693689768,0,0,8494.458145465815,Benign
11.023222491370447,28,264.2276294823396,0,1,671.1625054558539,Benign
0.4906184540341656,37,200.0267080621411,0,0,15085.017975666753,Benign
1.1049862238133865,28,163.00381357422458,0,0,4130.464870708731,Benign
0.12093191821072427,13,320.409847049876,0,0,34443.578447091946,Spoofing
1.8034705167072247,6,139.11419917888762,0,0,462.82164711918523,Spoofing
1.3000561822553118,43,249.47700800743087,1,0,8251.575194011733,Benign
1.5027150683212143,388,343.4143615345621,1,0,88669.35261670526,DoS
2.413319540762548,41,215.7276397928692,0,0,3665.0070917309577,Benign
2.588484217808207,332,384.75555318911324,0,0,49348.89800755601,DoS
0.22136957315592212,54,113.51557372338142,1,0,27690.530788280605,Mirai
1.6276549020716762,20,216.8390125679443,1,0,2664.4347311208535,Spoofing
0.002172266219038981,4667,56.75553813936403,1,0,121936295.91753952,DDoS
0.1337938435796725,91,157.5243303605947,0,0,107140.31138718262,Mirai
0.33322392699857883,21,233.18123591606152,0,0,14695.241120119734,Benign
0.17304176250370285,11,230.0973690313341,1,1,14626.93758271512,Spoofing
3.4788701372662674,18,181.1469591408978,0,0,937.2713369227428,Benign
1.5797887229708203,342,390.8103617957811,1,0,84604.4422211171,DoS
0.04318504706666805,736,609.1876006247498,1,0,10382345.3837539,DoS
5.045581772831715,1040,578.5340702417733,0,0,119247.9797456078,DoS
1.0499502213399892,45,230.48136364697694,0,0,9878.241037824848,Benign
1.0614119043753942,28,167.02105262805804,1,0,4406.008123997482,Spoofing
17.33004845272928,41,118.2616745099608,0,1,279.7873686351278,Benign
1.8427653282775134,1043,603.2678078957049,1,0,341447.8848608247,DoS
4.408655998074934,47,236.00659266091083,0,0,2516.029796814796,Benign
0.31938815784572855,37,195.20849039602527,0,0,22614.22024338693,Benign
1.4221508529874638,4061,44.0568120079904,1,0,125805.7210939395,DDoS
0.7518691061073781,3110,56.28469298845341,0,0,232813.65569114234,DDoS
4.690460818307017,45,98.61160384175068,0,0,946.0738176426058,Benign
2.0727140074151946,31,179.05236215018596,0,1,2677.9493971663474,Benign
1.5519929304417923,3782,90.6182371516885,0,0,220824.5709019611,DDoS
0.01566800878996327,65,132.2892747181037,1,0,548812.7414241066,Mirai
0.0271601731712289,67,138.93137304823833,1,0,342722.4832311626,Mirai
18.203009013467778,2,264.2819959335078,0,0,29.037176846748213,Benign
3.7212393890523057,18,268.13112798746596,0,0,1296.9765712932337,Benign
2.259082706758871,30,254.57806365078295,0,0,3380.7270033423706,Benign
0.23394089926776554,40,171.04622464320602,0,0,29246.057474957186,Benign
2.3447875662739874,249,594.6937181955207,1,0,63152.30341569532,DoS
6.727578870083087,210,482.02016474947044,1,0,15046.160966989697,DoS
3.4826511061067396,13,261.89471006211795,0,0,977.5975620519666,Benign
5.1296402926198645,16,219.88120466861852,1,0,685.8374221208979,Benign
2.1285105697125397,41,288.24368552262547,0,0,5552.235104955899,Benign
0.08831071514365116,21,126.69646466155496,1,1,30128.006024690563,Mirai
0.08994460659214334,23,170.32319604370878,0,0,43553.845610432516,Spoofing
0.4530176270526897,8,251.08254175288386,0,0,4433.956239388113,Benign
0.030947966195109297,48,201.07070322474397,0,0,311858.740375415,Benign
0.14306302404605029,33,108.28932316801615,1,1,24978.83494615807,Mirai
0.26483261188905344,17,246.03035805146476,0,1,15793.055307807355,Spoofing
0.08232262663771363,1596,65.70575581477023,0,0,1273846.4570848849,DDoS
0.6931910910256912,8,193.1690654261214,0,0,2229.3311951288433,Benign
12.56320305450324,4,133.59624836226442,0,0,42.53572843889593,Benign
0.2342259673853742,4024,68.58586779948583,1,0,1178304.5881118842,DDoS
0.5418345481257479,8,129.7126862054806,0,0,1915.1630202122456,Benign
0.3094721823448981,17,179.3603077823854,0,0,9852.663361201192,Benign
0.047526164362507894,4897,61.02125876713836,1,0,6287507.275011835,DDoS
1.5348705999933285,13,274.98438898731837,1,0,2329.0543560158603,Benign
0.023104608267118708,69,131.5422664030656,1,0,392840.08959929505,Mirai
5.532618884813973,24,213.72412026184327,0,0,927.1158908782685,Benign
0.2500482066052687,36,229.71217633971006,0,1,33072.176203543764,Benign
0.7104909202828678,937,92.47373852845007,1,0,121954.96174203126,DDoS
3.443752272045674,20,220.17231450061493,0,0,1278.6768449510287,Benign
1.1540267568928588,16,320.9092593690859,1,1,4449.245322292013,Spoofing
0.8664711270779999,1784,74.77873076564802,1,0,153963.87890707745,DDoS
13.802544238117353,8,104.72133235137349,0,0,60.69682837874089,Benign
1.8436021705352061,839,605.6164043810036,1,0,275608.3559655144,DoS
5.531762491847401,48,210.78119603604327,1,0,1828.9826117157124,Benign
0.021762903445679802,20,321.8578886844352,1,0,295785.79851515894,Spoofing
2.441946415189073,49,165.7664777425852,0,0,3326.2635735427343,Benign
0.3093181090257849,3798,53.667043693399734,1,0,658957.3193418853,DDoS
4.728714382504667,47,289.7642248880369,0,0,2880.0467670716403,Benign
5.2761682021482565,1846,52.61305491479788,1,0,18407.99907273081,DDoS
0.10416914944927869,31,148.87348731302984,1,0,44303.693858526385,Mirai
0.23377372512257213,65,122.40913107505013,1,0,34035.44823399833,Mirai
0.9596712435768291,8,168.6240952043163,0,0,1405.6821757070113,Benign
1.1751054404794306,47,230.04271611780445,0,0,9200.882988955975,Benign
0.0834046691460629,22,128.90580894589735,1,0,34002.0268151092,Mirai
2.276543380803637,28,260.4725866979175,0,0,3203.643070911798,Spoofing
6.562752643444939,10,266.99999427381044,0,0,406.8414715287152,Benign
0.8223075995131948,4401,60.26833761497858,1,0,322556.85585362837,DDoS
14.53521787667964,36,197.29790913598956,0,0,488.6562271826185,Benign
0.07308386102585075,83,138.5724044443688,1,0,157374.13715477305,Mirai
0.7206992079546788,21,167.1563358853303,0,0,4870.663121101529,Benign
4.901132733820407,36,269.7169526027344,0,0,1981.1359579583748,Benign
0.1367409225402138,97,159.50491213538191,1,0,113148.10657783832,Mirai
3.9956970059438444,39,209.14788316963615,0,0,2041.3878808833897,Benign
0.0072536754632775615,681,69.89283432957596,1,0,6561779.668721847,DDoS
0.48669329017032964,2380,58.93051309740374,1,0,288178.66201265185,DDoS
2.2897211448405437,49,200.907538308039,0,0,4299.41846817311,Benign
17.31400278775371,49,271.7824142709334,0,0,769.1657707653346,Benign
0.029502410320399255,2032,56.24135694439741,0,0,3873664.425038373,DDoS
3.473913016613554,21,251.74690815819662,0,0,1521.8242500716683,Benign
0.05239456985310454,4737,75.9754790307358,0,0,6868953.122005075,DDoS
0.04193421722920071,29,107.8474571351804,1,0,74582.91733039332,Mirai
0.018128745665175524,77,182.0770705609925,1,0,773353.80462246,Mirai
4.0472938017926285,34,163.30987975783862,0,1,1371.9132298493334,Benign
16.638563549967934,20,226.54598805214826,1,0,272.3143585944772,Benign
4.332290233407125,39,292.78647403446655,0,0,2635.7127228671366,Benign
7.048214254854108,20,261.2002811291804,0,0,741.1814445035965,Benign
0.40819651167902826,4405,58.145055368435116,1,0,627464.8645193597,DDoS
7.158811228426927,1404,574.0148133582902,0,0,112576.90309737796,DoS
1.5517855800869227,9,253.6511422414828,0,0,1471.1183745150354,Benign
7.071954749709695,20,205.12776416635933,1,0,580.1161671029636,Benign
0.41917564300131777,26,253.8783191803032,0,0,15747.184763469504,Benign
0.4266017553731916,518,510.07032140339777,1,0,619351.4751382662,DoS
11.20273998979804,26,84.80775152559892,1,0,196.82698533337316,Benign
2.7629092855243633,504,320.38353408314185,0,0,58443.21491983332,DoS
2.603545013669274,31,226.5153091124801,0,0,2697.0820729504308,Benign
0.04264086066071055,70,71.07251367346373,1,0,116673.91042429204,Mirai
0.23466133164615077,20,106.64247546136683,1,1,9089.053975213485,Mirai
0.3308375461887256,40,232.8380989186256,0,0,28151.351211606874,Benign
0.5194460853048625,31,103.46738826327399,0,0,6174.825697798879,Benign
0.47805173816016894,1796,50.660333690121085,1,0,190326.5944762093,DDoS
8.065022807320158,11,228.17267608006196,0,1,311.2079775648731,Benign
1.0529341556193004,1153,371.5031253698046,1,0,406809.01200269995,DoS
0.2202670490867593,34,116.27165443022884,1,0,17947.46997800234,Mirai
2.0920328789840497,518,586.9866826857182,1,0,145341.454565887,DoS
0.011436622296668864,40,120.8421723489139,1,0,422649.8671171873,Mirai
2.2315836263911124,6,175.30684195539558,0,0,471.3428792419475,Benign
2.7478723722365923,32,164.7794536313293,1,1,1918.9182763647423,Benign
2.5305894265346205,1099,548.6984707658863,1,0,238292.1595454075,DoS
5.105727149598167,29,233.6972195175155,0,0,1327.3759383208194,Benign
4.898463356631672,1244,481.66237086870785,1,0,122321.62327997731,DoS
0.7748616288473169,2,217.78832755600666,1,0,562.1347591569047,Benign
1.2464164320990945,12,275.4289423621066,0,0,2651.719941447714,Benign
1.8497039989446324,12,328.40145367157106,0,1,2130.51247459449,Spoofing
3.6723940934884376,41,182.59820701383626,0,0,2038.5956128297148,Benign
1.2361340487036376,10,364.0630765665379,1,0,2945.17473204738,Spoofing
0.3597604913820016,27,367.3676774318749,0,0,27570.918786989554,Spoofing
0.050784724460073954,62,165.08751253793628,1,1,201545.3640080091,Mirai
0.5480225793988974,1262,334.0264638618429,1,0,769204.4328830693,DoS
0.044796442101737464,4583,51.437139585930744,1,0,5262391.378916617,DDoS
0.029051135657543043,74,117.58957840148744,1,1,299528.00827773206,Mirai
20.932907149096593,39,268.3200484754718,0,0,499.90580935601287,Benign
0.15449922378717632,1995,70.96042313407891,1,0,916289.678888585,DDoS
2.363684813103859,843,654.4797346384261,1,0,233417.93002244527,DoS
0.2540416144546762,3423,61.58902551012109,1,0,829861.0240439837,DDoS
0.10968042182208816,2106,68.41104484367021,1,0,1313576.8266324715,DDoS
5.112131979369966,41,126.24367413574318,0,0,1012.4915906813843,Benign
0.62610194477784,664,66.4958863172014,1,0,70520.89341503108,DDoS
0.001,62,139.69205010785618,1,0,8660907.106687082,Mirai
1.0026461326496148,47,219.4592019707029,0,0,10287.360771407448,Benign
0.4978174640357708,21,262.4244076544384,0,1,11070.147109879654,Spoofing
3.8346920436124026,343,299.6261620218163,1,0,26800.5285443127,DoS
0.019146289449019784,75,171.1603802171439,1,1,670470.8267607957,Mirai
0.695175112135076,667,53.42371069765194,1,0,51258.4734598641,DDoS
0.32262602951075414,52,111.75042934899228,1,0,18011.635127394144,Mirai
5.624369995679964,18,229.22652928237105,0,0,733.6070582575271,Benign
0.055077133363419455,57,135.64614683969242,1,0,140381.85899845167,Mirai
1.0251854577184276,7,165.0889808976712,0,0,1127.2329875372618,Benign
0.08192956383330502,54,149.99857695486378,1,0,98864.4730495924,Mirai
0.26619281397760597,8,338.58577997150684,1,0,10175.655004721235,Spoofing
11.040787212233882,39,256.1294390118759,0,0,904.7405705269522,Benign
7.4884051496072495,7,191.17119842802146,0,0,178.70272271076783,Benign
0.2661987000608626,79,141.04002911705498,1,0,41856.56164999996,Mirai
0.4067609726398599,33,264.7658380802468,0,0,21480.11545931668,Benign
0.01269737201414161,78,112.89033212926167,1,0,693485.6989521459,Mirai
7.496520849243443,48,197.16692287933807,0,0,1262.4539421061368,Benign
2.9540187721411475,48,223.96208099272954,1,0,3639.1711484822476,Benign
0.1296224939453065,10,184.12430541428773,1,0,14204.656908698113,Spoofing
3.9253088318717944,1465,515.6896442961992,1,0,192465.1947789995,DoS
0.356486088958932,45,138.39049313335934,1,1,17469.32737035526,Mirai
0.966780394485292,16,304.3398902217624,0,0,5036.757335300183,Benign
1.5256317812530715,1073,421.4491813208386,1,0,296411.6093503472,DoS
0.7114009415604471,2156,63.928106816443425,1,0,193743.06420501246,DDoS
1.0006942804349175,428,432.4057197930571,1,0,184941.24698203956,DoS
1.789546324273207,1146,549.7226144864471,0,0,352034.53951231163,DoS
0.233427030767638,2534,43.96490739445535,1,0,477267.24266329134,DDoS
0.5305198855160994,4717,84.76662785154092,1,0,753683.6874394309,DDoS
4.54144542263731,11,160.46843878061273,0,0,388.67643719511653,Benign
0.004035411371881601,99,149.85143777289025,1,0,3676277.57677623,Mirai
1.755432353976113,24,105.01160533215145,0,0,1435.7024480397204,Benign
1.2200610400087246,1251,363.6534983814538,1,0,372875.2181710068,DoS
3.3455272914255048,49,186.12757453245123,0,0,2726.102750817506,Benign
1.2666704135947717,866,573.5608570315549,1,0,392133.3417583321,DoS
0.004352299758193683,1197,619.0038753207043,1,0,170242786.5553074,DoS
2.9405699648492307,34,194.48913613721976,0,0,2248.758134549101,Benign
2.0323236874810173,28,220.20923209590563,0,1,3033.895897915597,Benign
2.6365751378095577,7,179.19226014435247,0,0,475.7481791520519,Benign
1.1095909324677748,781,299.0070735531426,0,0,210460.0151387651,DoS
0.20934942301762655,64,128.2815959692917,1,0,39216.83673015622,Mirai
7.644157327204533,32,232.67186853360334,0,0,974.0118464827732,Benign
1.5850579091089503,531,746.8584893662669,1,0,250200.2327955504,DoS
2.7707127783909344,11,211.56381678807713,0,0,839.9289896877544,Benign
0.09745619273995257,2617,59.425396807677906,1,0,1595755.5807732528,DDoS
1.3603260672863888,6,237.81165002872282,0,0,1048.9175606394806,Spoofing
7.769524493691337,20,192.77298897758038,1,0,496.22853788312864,Benign
0.12299351633926842,4365,69.60839198088199,1,0,2470379.252825232,DDoS
0.8879761712521068,23,124.78646710254392,0,0,3232.1686507775203,Benign
2.6999002284929254,27,323.6291956693791,0,0,3236.4115499004006,Benign
5.119884934490882,24,232.84790021161027,1,0,1091.4990622996,Benign
16.179982059832042,40,259.43085945028474,0,0,641.3625391942562,Benign
1.477812467319016,449,476.6410267722001,1,0,144816.62981837534,DoS
0.374522198213303,511,73.76982807661956,1,0,100651.93018461147,DDoS
0.17201142091120872,2497,63.499136625668115,1,0,921783.817111421,DDoS
0.9944886795563747,43,168.5782736420186,0,0,7289.037990699302,Benign
1.6475988654458642,18,201.0001609913732,0,0,2195.9246110949666,Benign
0.8850719724869797,1253,497.1344338964736,0,0,703795.2449470939,DoS
2.093479701263539,29,262.92536688153626,0,0,3642.1827424276007,Spoofing
4.640227194808274,7,133.8864260704412,0,0,201.97394290126175,Benign
0.012786070344352427,29,124.84333223758861,1,0,283156.32069779874,Mirai
0.7941066754186749,2394,53.74966925851241,1,0,162039.57501935973,DDoS
0.5018633065278917,2065,70.07130004877182,1,0,288320.012080166,DDoS
0.22508978830582382,3888,59.00393155568518,1,0,1019181.2237026679,DDoS
1.192114541345257,15,251.14422082844936,0,0,3160.0682499650047,Benign
2.171483050335673,30,257.56398443137516,0,0,3558.360509305753,Benign
0.471845299589303,329,554.7706193163144,0,0,386820.7099105015,DoS
25.58750809957278,24,195.96918175924588,0,0,183.81080111120428,Benign
0.5575882134673158,13,276.16406537068303,0,0,6438.681383693421,Spoofing
0.04784153945572907,4714,62.65719733089074,1,0,6173840.381769918,DDoS
7.82663489536044,9,175.89008114304096,0,0,202.2594322402548,Benign
1.1707460092352207,1419,530.9954427346777,1,0,643591.8015494354,DoS
4.680404642135051,14,203.1673963822556,0,0,607.7131715804127,Benign
0.10976069380036842,887,51.67656407669229,1,0,417609.5353350637,DDoS
3.4796540730129815,1231,634.1036408734335,1,0,224327.35137930032,DoS
1.3626883307860558,18,211.58211525249956,1,0,2794.826952358286,Spoofing
0.2381824259776668,35,109.3111908595945,1,1,16062.863010911404,Mirai
0.21256961617405176,1145,572.4834698669547,0,0,3083665.4118100572,DoS
5.571581316814956,1492,493.5923682659984,1,0,132177.88121126482,DoS
0.6830852969324215,15,147.68891745184118,0,0,3243.1290378027034,Spoofing
2.9415368560256425,25,298.42766186448927,0,0,2536.324347365986,Benign
0.33353646171177526,35,213.2855766808687,0,0,22381.346691508836,Benign
4.710234431411332,45,266.18270510887885,0,0,2543.0202900348,Benign
9.820755617178236,6,174.47040207712098,0,0,106.59285835721731,Benign
1.0707474668503647,1497,406.82332911537634,1,0,568775.1244251388,DoS
0.6059084473094756,1344,528.2217754970643,1,0,1171678.7732874246,DoS
0.3933953011810663,1903,67.28280826454873,1,0,325472.07285656984,DDoS
15.689846735023622,4,187.59002256358127,0,0,47.82456469630998,Benign
2.055560583651076,1391,465.1647858785165,1,0,314777.4978287139,DoS
2.122115092097933,14,204.54168546317152,0,0,1349.400702698669,Benign
0.24066424681466883,415,516.1113560280554,1,0,889979.3616481135,DoS
2.142080348641606,1859,68.4716107196466,1,0,59422.945739893854,DDoS
5.415743182164576,47,127.14309018831041,0,0,1103.3989311993555,Benign
2.1190365717169617,31,181.12204527717455,0,0,2649.686880601121,Benign
2.037141503027274,2,184.65116249315705,0,0,181.28457175778706,Benign
0.1671079778218482,52,150.54876764792346,1,0,46847.17043274814,Mirai
1.4141991122788555,25,397.17082192509224,1,0,7021.126276997285,Spoofing
0.12103549060132049,1197,685.5798242574654,1,0,6780152.21452106,DoS
14.401177167112685,45,195.54997316957648,0,0,611.0437147267745,Benign
1.1456948016405006,2156,58.42107740096344,1,0,109938.39083159248,DDoS
0.3605862244109919,1487,401.7648021150578,1,0,1656813.8777929405,DoS
0.013952410897208153,87,113.00972456479802,1,1,704670.0466013912,Mirai
11.183293127069282,25,203.9445568881571,0,0,455.9134652263274,Benign
6.286368812778585,8,233.78289355433117,0,0,297.51088492181384,Benign
0.759859206346559,773,370.9890345904833,1,0,377404.8157122026,DoS
0.2727456673305202,21,143.3496663697046,0,0,11037.179887135606,Benign
0.3366036327805752,18,134.1356518173792,0,0,7172.952094330929,Benign
25.366508503181837,1,194.4936160309376,1,0,7.667338845885762,Benign
0.30156302744228874,2883,83.2624483362383,1,0,796004.8703228828,DDoS
0.12420698748539345,89,149.35553185074994,1,0,107020.08481028445,Mirai
1.6868390177503254,27,260.4961575782172,1,0,4169.571714076216,Spoofing
0.5872889700921121,4120,54.5582379025434,1,0,382741.63419623504,DDoS
1.0364291058889716,3794,61.026166001516145,1,0,223395.1868913989,DDoS
5.856075437300672,49,147.63940062204477,1,0,1235.354753868202,Benign
1.3669207785640307,3670,79.95295407078513,1,0,214663.0192775553,DDoS
1.3702144214071503,2,342.80950937480145,0,0,500.37352405436087,Benign
4.454841826917952,801,331.946497463087,1,0,59685.428753345,DoS
7.628525847468182,23,104.81109106625759,0,0,316.0053649584202,Benign
2.767503008116731,44,257.38738483731566,0,0,4092.1527093654413,Benign
0.07219796568318092,14,226.77186307271077,0,0,43973.622427945316,Benign
2.2516030782130465,9,149.85683927208854,0,0,599.0005816296818,Benign
6.428944325254302,34,269.0496496429681,0,0,1422.8911661167747,Benign
5.605330915816826,6,267.10176654878643,0,0,285.90829397253907,Benign
0.2839525325596017,12,298.17490447616615,0,0,12601.045750359526,Spoofing
1.1738821622442352,2467,63.70919318758691,1,0,133889.5714143038,DDoS
1.4855109203571484,3179,54.882769638602674,1,0,117449.37199059503,DDoS
0.0560064905760787,65,103.77882965304198,1,0,120443.61033985043,Mirai
0.4016690142986512,19,230.517448469048,0,0,10904.081133964182,Spoofing
0.3624541901210124,4632,63.373262374910425,1,0,809881.5224693068,DDoS
0.06636285882328209,58,104.62256038917664,1,0,91438.32273306721,Mirai
0.1166466672343028,36,260.6886139315413,0,0,80454.84988169177,Benign
15.400981027784177,9,227.12239233606476,0,0,132.7254106304603,Benign
0.29353418447105317,3636,31.612101796826465,1,0,391578.2495329636,DDoS
3.810299083987458,1018,412.2672790947646,1,0,110145.70795300115,DoS
2.2384550910440333,580,504.149608622286,0,0,130628.83154137572,DoS
8.393122396779434,11,218.26451637294528,0,0,286.0567934793448,Benign
5.1559982396079365,6,199.23597726849508,0,0,231.84954844008448,Benign
2.173888797114296,986,551.8524323948957,1,0,250300.98092582362,DoS
2.663367744792666,49,258.8179444081008,0,0,4761.670370452052,Benign
1.1261529603689648,4706,59.399361106782266,1,0,248219.7385308413,DDoS
3.4013942677282394,334,521.6132752698063,1,0,51219.82934853198,DoS
0.966945890718805,873,241.7087688570537,1,0,218224.98780707023,DoS
0.1756574993837778,49,106.54651955039525,1,0,29721.358190138923,Mirai
0.2829561496952203,91,106.75286400667844,1,0,34332.212376622665,Mirai
0.22653216216197278,4338,74.5037046577464,0,0,1426716.0465021064,DDoS
1.3999532403659614,635,226.8158851767763,1,0,102880.64124884816,DoS
6.277454587654596,379,440.8473553476058,1,0,26616.066328114695,DoS
2.270525954624377,38,245.37701039965665,0,0,4106.681263077442,Benign
0.7609825283131302,47,233.9990914975264,0,0,14452.312492328714,Benign
5.14817298899382,25,209.68919580921252,0,0,1018.2699583789386,Benign
0.0038467697501817664,1523,58.18744050024465,1,0,23037373.59837697,DDoS
0.45731330026357375,229,542.3553396035471,1,0,271584.8690550431,DoS
0.14094906024774204,28,122.85432722652347,1,0,24405.42105280027,Mirai
6.916656084773348,2,253.2116907191955,0,0,73.2179502972911,Benign
5.555606774010167,36,134.37518241874915,0,0,870.7431544121225,Benign
0.44653039715302667,25,205.1022190791166,0,1,11483.10509132191,Spoofing
12.76520250273018,37,290.4721160732163,0,0,841.9348061584114,Benign
0.8050474663196281,2889,81.27776037446084,1,0,291674.043513591,DDoS
1.133335420730169,707,80.90482293772696,1,0,50470.2392343135,DDoS
1.0753964439875905,2162,51.97731958247449,1,0,104496.31442021637,DDoS
1.694774120462309,20,154.54192194680138,0,0,1823.7465403902281,Benign
2.6269202244319856,40,259.10077848544336,0,0,3945.3162844557755,Benign
28.96485886464969,38,193.00075902817997,0,0,253.20437007278818,Benign
0.023960992226433577,1431,69.62142822890749,1,0,4157935.650329935,DDoS
1.1758611614010495,2489,62.10971908888454,1,0,131470.5306092744,DDoS
3.252225895091187,16,189.31783801809505,0,0,931.3883801434372,Benign
1.6993749730298513,637,567.8739710352377,1,0,212863.9795750906,DoS
0.006442695748695028,92,132.0495206764913,1,1,1885632.4085609503,Mirai
2.59915200739799,25,172.74114225750537,0,0,1661.5144262997192,Benign
0.002174148782154718,4930,59.69627960860096,1,0,135364543.99350277,DDoS
0.16025965670033265,1298,502.2944088013458,1,0,4068261.195912031,DoS
12.267940694578392,16,244.65254925686787,0,0,319.0788809274083,Benign
2.029079710818949,43,257.58103034070825,0,0,5458.624540767854,Benign
1.9371793254135334,1004,527.8259698629042,1,0,273561.2892364671,DoS
0.07254268447506367,78,146.70699638549465,1,0,157743.6208885009,Mirai
0.609434857927313,55,127.17558513263765,1,0,11477.284391122439,Mirai
1.221929099020495,4772,70.42980457334991,1,0,275049.5324920555,DDoS
0.15564642633194117,835,514.1541220840229,1,0,2758294.5658165487,DoS
0.9755648161904853,5,223.0425363159117,0,0,1143.1456558000816,Benign
0.5378574652725653,626,575.419393641636,1,0,669717.4691758205,DoS
0.6552043512055731,4821,65.56133534193626,1,0,482400.944227408,DDoS
2.11083009900817,16,200.78692898661592,0,0,1521.9561561564697,Benign
0.21366189549159034,1467,563.2436789688718,1,0,3867224.3131899806,DoS
0.8143855428818935,4609,53.06080207516776,1,0,300296.6333353921,DDoS
9.606730643718738,43,169.8653369734212,0,0,760.322086747888,Benign
0.5355911945090682,25,293.84383882307947,0,1,13715.863975901508,Spoofing
4.448037005662422,9,261.65111151709635,0,0,529.4155603148295,Benign
8.316681183181325,2,263.04960403849554,0,0,63.258311397208786,Benign
9.130040974547674,25,218.04142042008982,0,0,597.0439262757311,Benign
0.13901851163135662,89,144.3869381276509,1,1,92436.88011447838,Mirai
2.131810029750189,1265,741.9465682240544,0,0,440265.5000705724,DoS
2.008270547538048,12,197.90819051428798,0,0,1182.5589381285602,Benign
2.045416294007562,1142,498.3327329817278,1,0,278229.9049501114,DoS
0.2036061990813638,9,122.50790845461363,0,0,5415.214178478525,Benign
0.1310550437133657,50,138.01451161356647,1,0,52655.16980613963,Mirai
1.502627325421013,4272,55.707765802940685,1,0,158378.3094344323,DDoS
0.8086539606640449,2572,61.927566395971624,1,0,196966.4510634987,DDoS
1.833621351077525,11,354.8343542726557,1,1,2128.6717100591763,Spoofing
0.5528709945625339,21,179.21479008864273,0,1,6807.212946375352,Benign
1.8694221827263005,34,189.78026930925418,0,0,3451.616877202397,Benign
1.0449967070262611,592,56.270345030891086,1,0,31877.65476609333,DDoS
1.7272440279244023,12,284.00935518629154,1,0,1973.1504102121373,Spoofing
1.9013107167310332,38,291.2094708558276,1,0,5820.174364528595,Benign
15.325796862622628,21,158.15740249944974,0,0,216.7133939109308,Benign
7.285363139440669,6,227.7835251428756,0,0,187.5954739247468,Benign
0.20101592179606115,4932,33.258900063844045,1,0,816019.4160206717,DDoS
2.0476861592821582,29,135.06401825053126,0,0,1912.82072768344,Benign
0.6066671806865617,1458,338.18881821895013,1,0,812767.3832713588,DoS
2.460753939806086,29,231.71773535172045,0,0,2730.7949065925027,Spoofing
0.12841716741504036,832,79.23945809163283,0,0,513383.2995954795,DDoS
9.019647508091941,29,213.43890566103016,0,0,686.2494635867737,Benign
0.04347205417617879,1913,59.94177498422248,1,0,2637754.70742885,DDoS
5.000606295308603,5,140.6347427968821,0,1,140.61769162753404,Benign
0.21271259395235953,77,94.22854406238096,1,1,34109.86513769064,Mirai
0.5760307362766087,1161,63.64529327201724,0,0,128278.19912257104,DDoS
1.4709225806363704,22,250.55192534052767,0,0,3747.4048124999695,Benign
1.8028856341359354,1317,480.660186105442,1,0,351120.14490273397,DoS
0.3426372772970847,3421,81.9395718071622,1,0,818110.8528633727,DDoS
1.0014612494992707,1110,377.09612980580346,1,0,417965.9515470315,DoS
1.4126840715747422,20,184.45630925615225,0,0,2611.4304389450044,Benign
0.2119198858130089,18,164.71160875712167,1,1,13990.234782611384,Mirai
0.13881244538741586,5,379.1320032114059,1,0,13656.268433038367,Spoofing
0.3061602289763763,879,637.1984900907114,1,0,1829425.966469842,DoS
0.19963281149748519,12,341.94902429974564,1,1,20554.67866638065,Spoofing
5.401802698968164,22,154.40272055724498,0,0,628.8381937585849,Benign
0.7658186138759808,1916,41.88486490742241,1,0,104791.65654703912,DDoS
1.724921119106307,786,486.40929866838604,1,0,221643.58967987634,DoS
0.011276399647923332,696,58.912890755549924,0,0,3636211.31266077,DDoS
0.32233318390583493,1437,52.79365964796306,1,0,235360.46768391572,DDoS
6.649133336533519,47,132.69963641933265,0,0,937.9993746613887,Benign
5.945405836775257,29,202.41797897326146,0,0,987.3373746691934,Benign
5.442308013852507,33,396.92514885412913,0,0,2406.7968734673027,Benign
9.534316963072142,14,186.525300835177,0,0,273.89001454500095,Benign
0.15508036057392927,262,626.2534138498506,1,0,1058021.7496363255,DoS
13.319196585239295,47,144.09094288935717,0,0,508.4596711565178,Benign
2.4540715228261973,43,239.27223150275873,0,0,4192.504521127314,Benign
0.22308253901759167,1843,56.54236255889334,1,0,467125.6417241284,DDoS
0.15100436916863466,2152,66.34313988611554,1,0,945472.2258763338,DDoS
0.017228357807146204,78,115.86116417937228,1,0,524552.0732244417,Mirai
0.6074294866704953,1983,61.46174883109447,1,0,200646.57809108682,DDoS
5.082552535329964,38,283.05114537560786,0,0,2116.2483711690375,Benign
0.04077180975543579,90,148.1219576446246,1,0,326965.52515034965,Mirai
0.18062948253839464,1396,75.39186313350771,1,0,582668.1195967299,DDoS
0.5420809559659746,8,177.6389435268075,0,0,2621.5854524571428,Benign
0.5763609791964116,3427,62.56620495160025,1,0,372014.05388005316,DDoS
1.4841658462607743,21,425.5707603662171,0,1,6021.55479470607,Spoofing
1.1484734227357862,7,203.92172535987999,1,0,1242.9125909756071,Benign
17.73779557949918,2,213.96188771376757,0,0,24.124969391468056,Benign
5.312820602244747,49,201.24126770804327,0,0,1856.042741877596,Benign
5.0476390127707464,35,157.46150958294098,0,0,1091.8278469318977,Benign
0.5672834266778888,2478,68.04704112660441,1,0,297242.18967438786,DDoS
0.6509330832601555,1453,64.64823898755441,1,0,144306.52499402064,DDoS
10.822116468946268,6,164.72881429987746,0,0,91.32898251791786,Benign
1.7008346822164515,16,307.89720418568027,0,0,2896.4339206389413,Spoofing
0.14088976658434668,25,130.6553882338074,1,0,23183.974145415978,Mirai
0.7562420593742024,2653,57.209800703030524,1,0,200699.76191318614,DDoS
0.08237202840031117,66,94.52204143302424,1,1,75735.11124749763,Mirai
7.126677048932779,37,150.58144687929493,1,0,781.7827995121861,Benign
0.016146042276622696,2228,72.45801189020335,1,0,9998515.284771143,DDoS
2.8519516953051784,1297,520.2761269076263,0,0,236609.24471828522,DoS
0.07916250667383777,93,135.19384208634094,1,0,158825.53297399482,Mirai
0.012352885719040753,78,144.97321904344446,1,0,915406.4355957443,Mirai
3.2973321361260015,16,234.39765192114882,0,0,1137.3929819349773,Benign
1.0450484434079037,21,269.27512684150577,0,0,5411.019651138264,Spoofing
0.7915331151718086,17,171.47926156289907,0,0,3682.9128064168585,Benign
0.18651172131047886,70,95.86865337008498,1,0,35980.61123855444,Mirai
1.9693375907180615,12,516.2242264227169,1,1,3145.5707473769844,Spoofing
11.040961215973494,38,133.53855468650218,0,0,459.6035597648516,Benign
0.7363701432349575,577,511.38918321970164,1,0,400710.9215774081,DoS
2.2322984455088557,32,190.10627510106556,1,0,2725.1736054707408,Benign
0.27139418813517485,1365,74.39424995258682,1,0,374172.1658928906,DDoS
0.3706420825517906,4530,55.824137883370184,0,0,682284.4909315741,DDoS
0.42947368516603573,4547,59.975163171761196,1,0,634979.688770847,DDoS
1.5796866331248436,10,335.60778062737165,0,0,2124.521241048245,Spoofing
0.550031488763858,700,501.59837667221984,0,0,638361.3862901909,DoS
0.08403591320303745,2387,61.495727825632386,1,0,1746756.7939093783,DDoS
0.05598030050663049,52,117.01358939433494,1,1,108693.71177785522,Mirai
0.6847672371675619,9,374.0609960365582,0,0,4916.340592248914,Spoofing
1.8232233339048756,20,253.62030432484136,0,0,2782.1090220653537,Benign
1.594022171438864,21,462.3401648926945,0,0,6090.971403479604,Spoofing
0.43602431038618406,7,191.389891771037,0,0,3072.6021703025435,Benign
0.04506497661381579,28,117.5034175712205,1,1,73007.81980180842,Mirai
10.621383864921128,13,154.29644010709248,0,0,188.85050638428245,Benign
9.381411627246498,32,265.636930093522,0,0,906.0877084110654,Benign
0.020086378929702536,1412,63.79946859331579,1,0,4484872.558116973,DDoS
1.9871491286813414,667,428.7441028509721,1,0,143910.84819656573,DoS
2.5980397781902056,30,234.5920765815507,0,0,2708.8739581766627,Benign
0.07132230445389162,30,139.60580132033044,0,0,58721.7991858,Benign
0.42518640863134305,4542,85.31589112731753,1,0,911376.2096668085,DDoS
0.7841287424852186,7,360.83999280297496,1,0,3221.256679885624,Spoofing
0.684155378214622,23,355.817401650901,0,0,11961.902951530165,Benign
1.595106105337221,39,227.74857645500686,0,0,5568.403538815046,Benign
0.3667816571232916,2163,56.25796388891126,1,0,331766.79784401273,DDoS
3.3481845466530302,9,176.56576441728598,0,0,474.61299029770896,Benign
0.04888509853854382,28,153.89526862824522,1,0,88146.8515030884,Mirai
0.30874359581280125,29,166.23515602619793,1,0,15614.314240489444,Mirai
0.17704298774058402,661,82.59561189381051,1,0,308375.38475009386,DDoS
13.570560587303074,38,158.6311967023605,0,0,444.1957600726989,Benign
0.011185982613701287,41,133.83722626029308,1,1,490553.7998915534,Mirai
0.14811613625575684,891,63.44225662320187,1,0,381640.05678399425,DDoS
0.12230190759630631,43,116.90711783907983,1,0,41103.25150179632,Mirai
0.7382253072313033,1185,314.96223151181584,1,0,505577.6883906799,DoS
0.14796388952566117,47,104.97232529786233,1,1,33343.94158477352,Mirai
2.074411395189896,2147,60.48457083551588,1,0,62601.0703011805,DDoS
0.44543001864362736,3324,76.6234379674023,1,0,571798.7049440838,DDoS
0.24886007269944815,22,286.01436452820667,1,0,25284.554293367364,Spoofing
0.22171450814488616,3979,74.87511107602091,1,0,1343746.3766547786,DDoS
5.861903265070187,625,779.1329951895294,1,0,83071.67484239017,DoS
0.755608691619226,22,251.12420469479207,1,0,7311.6317540580985,Benign
9.95882276505883,557,439.66879246007466,0,0,24590.809895672937,DoS
0.5393621921491757,4659,75.33440663365911,1,0,650737.1217616671,DDoS
12.388686767960577,24,233.65089637889164,0,0,452.64051130873213,Benign
2.249967152897652,32,289.65706429272046,0,0,4119.627277860393,Benign
0.028448462210137894,585,399.76277499743856,1,0,8220522.488915509,DoS
0.0614366602787403,92,131.3160527450159,1,0,196642.7992297952,Mirai
0.7133951023686664,4281,78.31127970496512,1,0,469936.76758339413,DDoS
3.3201856303803745,38,297.2024146900949,0,0,3401.5241963834874,Benign
3.015460194971567,692,531.1207594172772,1,0,121883.73971231325,DoS
1.0305199105641085,10,155.3205937550792,0,0,1507.2061409279945,Benign
0.6246342930628428,1469,61.83793082216674,1,0,145428.96761613403,DDoS
0.28560698897558445,12,236.9634089871205,0,0,9956.202115518021,Benign
5.809888319134149,45,184.5874417466542,0,0,1429.7064629010547,Benign
10.107737507485375,9,259.9570055304089,0,0,231.4675314867505,Benign
0.9906887899858692,2,188.62943934712112,0,0,380.80463058396305,Benign
0.9010593817577448,45,174.92745599172062,0,0,8736.089628489979,Benign
17.678476299075232,18,186.7409490208949,0,0,190.13726214356728,Benign
0.5866892468457376,4162,68.04952848103088,1,0,482746.42676810495,DDoS
0.280635998384654,3467,72.52514166015521,0,0,895981.511933887,DDoS
13.286772408639308,9,218.7895004786223,0,0,148.20043903418195,Benign
0.025982904180849028,91,152.28817374063428,1,0,533359.308641567,Mirai
4.297576931994284,9,269.81009073517754,0,0,565.0371953876236,Benign
0.24215646657856152,3919,60.997751857158256,1,0,987172.438158489,DDoS
8.159477322251632,39,295.540548762501,0,0,1412.600457912282,Benign
0.37964899921548473,15,221.7628580836844,0,0,8761.890267402528,Benign
1.6483847310637039,2294,57.720329418747035,1,0,80327.3854648976,DDoS
1.208216796873849,4819,69.92747284507833,1,0,278907.30580168957,DDoS
0.15150657090874353,51,133.69715905473188,1,1,45005.01246179167,Mirai
0.3388277863591298,3695,55.03554591359534,1,0,600176.108151867,DDoS
0.5203230028981817,25,435.3904702769595,1,0,20919.23996497604,Spoofing
19.93052271122085,40,258.9223442687661,0,0,519.6498817825652,Benign
13.499578600364742,8,204.2535042693697,0,0,121.04289196929511,Benign
0.8087920402545811,15,207.898968635263,0,0,3855.7309843793087,Benign
3.7489515066898127,49,188.11619278628964,1,0,2458.7390447915072,Benign
0.19290460375244967,3330,55.77361782258818,1,0,962787.5319531359,DDoS
0.22847724225082044,1142,372.3927318029429,1,0,1861334.177222343,DoS
7.069177661296411,46,200.30580335042217,0,0,1303.4142577242371,Benign
3.3459685397311034,13,284.3701019359884,1,0,1104.8553748401175,Spoofing
0.03703877155403628,67,103.02555821524575,1,0,186364.50699643267,Mirai
3.94281572005089,6,183.37977253905552,0,0,279.05910733766984,Benign
9.474525369813039,13,123.76132965664922,1,0,169.81296927681228,Benign
0.1020133343646239,35,248.0931415325545,0,0,85118.87203493451,Benign
2.9500204157057395,36,125.7172250253951,0,0,1534.16568808101,Benign
4.351017201239226,41,232.79778111093987,0,0,2193.673015778949,Benign
0.03999705328844557,3839,64.62997785578546,1,0,6203319.109511404,DDoS
11.05897803464269,4,89.15611613322221,0,0,32.247506362319236,Benign
4.729047707443869,26,196.12494056061422,0,0,1078.2823033375996,Benign
2.4072322456485185,25,344.50059129676066,0,0,3577.7664568874075,Spoofing
1.189792620938181,459,500.1385854843001,0,0,192944.22128477914,DoS
1.2666173991531984,20,369.3258899058656,0,1,5831.688245444595,Spoofing
2.375838435545895,32,216.3670756813525,0,0,2914.232852795992,Benign
1.6790361456158862,40,210.60465220880485,0,0,5017.275006466359,Benign
0.0035480672255624244,4219,63.82139299025082,1,0,75889897.20542455,DDoS
3.139568812204713,26,186.3079184843686,0,0,1542.8889030121165,Benign
2.926358719067707,38,142.21792426885958,0,0,1846.7596221212361,Benign
1.4649541800215014,651,508.29660686318357,1,0,225878.1165859234,DoS
2.861599880356558,1120,457.54852554887464,1,0,179079.66523638775,DoS
0.03041279964433479,3939,73.72032682422791,1,0,9548097.20764151,DDoS
0.11492156391634455,3794,63.059959756315486,1,0,2081850.256489888,DDoS
0.6837898298190961,1988,85.4851012913669,1,0,248533.0637517642,DDoS
11.166071266487867,9,255.87612435909972,0,0,206.23951471126855,Benign
7.748501413535323,12,212.95997016838643,0,0,329.8082436374827,Benign
1.028359445591929,8,201.2348675150765,0,0,1565.4827181501284,Benign
3.294660626856747,47,260.6879885012793,1,0,3718.8459896852564,Benign
1.7509934084394578,6,291.15380847401286,0,1,997.6752867396523,Spoofing
0.16145316356944306,520,51.83518945290815,1,0,166948.0976377329,DDoS
0.09127941237394763,390,484.98854985601247,1,0,2072159.860856308,DoS
17.806498377660837,30,144.00273647113937,0,0,242.6126688419518,Benign
3.6918154565763124,11,213.55921025219385,0,0,636.3133099162736,Benign
11.894567448405699,8,235.64865135642447,1,0,158.4916155235287,Benign
1.6643398533402285,13,282.2209048694939,0,0,2204.4005951910717,Benign
0.8182142007831459,17,135.11216895052524,0,0,2807.219515330419,Benign
0.08777991958771472,59,154.11743443481302,1,0,103587.79860316223,Mirai
0.5142212769983412,1021,482.20001187908434,1,0,957420.9278200157,DoS
0.4151123815433915,3050,56.91911516269468,1,0,418207.95756744273,DDoS
0.22580043369496372,1153,70.44290593102461,1,0,359701.12727149704,DDoS
2.9611779035735872,19,222.71821623257443,1,1,1429.0414984226747,Spoofing
5.708310699680558,48,138.6589100082117,0,0,1165.9539976978858,Benign
12.080396759831412,9,192.88164335032943,0,0,143.69849142083893,Benign
2.4085400556598273,32,220.32821407965798,0,1,2927.293168316251,Benign
0.1400106155173203,16,124.43799907069514,0,0,14220.407343933293,Mirai
0.3764414866597043,25,449.9557410056215,1,1,29882.183350607465,Spoofing
9.008447022126244,14,200.1838349314217,0,0,311.1050863879553,Benign
0.07411995930513711,61,122.12407619887524,1,0,100506.91767736946,Mirai
0.07782282010996464,77,110.58451181032518,1,1,109415.30257273155,Mirai
19.116587466286074,22,210.59854678249917,0,0,242.36376065477248,Benign
20.764530588396685,44,139.27216788386545,0,0,295.11745333238696,Benign
0.7711681544373471,2667,56.87926233947625,1,0,196710.6548507089,DDoS
3.011212969186477,27,362.91895625029633,1,0,3254.1078691638645,Spoofing
0.06721189918050739,38,290.8534198504616,0,0,164441.5659887042,Benign
0.14106060362144413,63,144.1489542406232,1,0,64379.30849587477,Mirai
0.4109986644648064,48,160.58496324773466,1,0,18754.509204862155,Benign
0.34996440401637685,1454,361.68958712717676,1,0,1502714.715118013,DoS
0.8448147954383393,715,69.95082692623339,0,0,59202.13699181991,DDoS
0.04283054084663725,3609,51.02038343534598,1,0,4299094.995729442,DDoS
0.009371285159716757,31,125.81722830308489,1,0,416200.5542379117,Mirai
0.07078552814523226,46,121.38829323083336,1,0,78884.22443019427,Mirai
0.039283150924106724,35,140.24018471152908,1,0,124949.408319774,Mirai
0.5123839954696021,27,209.65599872942795,1,0,11047.792311519192,Benign
0.5514143866606315,1358,370.7520202409012,1,0,913072.3747275238,DoS
2.2971178399155106,11,198.37369250449657,0,0,949.9341216337956,Benign
0.0765349516892574,620,60.498718284824385,1,0,490092.4938044481,DDoS
0.714612254198104,4308,70.03930928680333,1,0,422228.05813221284,DDoS
0.4827972407053856,1604,72.4447107977298,0,0,240683.47190589563,DDoS
0.7793102229685688,2081,70.75428311638495,1,0,188935.88050767247,DDoS
0.6971931003633346,8,341.5226192873214,0,1,3918.82959380224,Spoofing
2.944408993369443,37,215.46251347762168,0,0,2707.5426738012684,Benign
1.3744136234278046,845,574.7390358593088,1,0,353353.95184012194,DoS
4.956061120307294,25,197.5029692859123,0,0,996.2698425804845,Benign
0.2859663081762783,37,224.2950003093522,0,0,29020.604085745403,Benign
1.290231830656428,27,162.15068379059548,0,0,3393.2417092195437,Benign
1.083418299379616,17,199.1747333730118,1,0,3125.2660853892407,Spoofing
0.12789461148302075,36,113.58340461180055,1,0,31971.656339623616,Mirai
1.6633004258630344,8,213.42937765501438,0,0,1026.5343498329116,Spoofing
1.2895234706482024,14,368.9354890785742,0,1,4005.430660756961,Spoofing
0.5455163999715114,1,233.57382722310956,0,0,428.1701287721277,Benign
2.3963810867658157,36,208.38546373962242,0,0,3130.502379632377,Benign
1.2367594536474422,942,442.1246174028007,1,0,336752.137503501,DoS
0.2165159621876749,790,63.45745465209691,1,0,231536.68980628287,DDoS
0.0342912486132007,4410,61.444178594730296,1,0,7901981.95053326,DDoS
15.51716684933653,2,205.43493236703804,0,0,26.478407348674203,Benign
0.20938433585539337,2578,69.41800827317002,1,0,854694.4287743988,DDoS
0.3552563453440994,2944,79.44674680116238,1,0,658373.1033884173,DDoS
2.1021904831794593,7,226.73182663187342,0,0,754.9852399781912,Benign
0.05016841155382405,3101,63.91966396440728,1,0,3950989.7127392343,DDoS
0.6733574139092523,4151,48.30602578863391,1,0,297788.8249339793,DDoS
0.718037252152424,3542,79.40022185924359,1,0,391672.69522910553,DDoS
5.706810503956254,45,166.36793612993057,0,0,1311.863626916788,Benign
0.13486340879639877,1055,660.0411409237316,0,0,5163323.468456858,DoS
12.12708004559155,30,150.00840847247576,0,0,371.0911643409338,Benign
42.90567388668098,6,209.36521820271315,0,0,29.27797644045938,Benign
0.08020194158903442,12,110.92427239943919,1,1,16596.746193676478,Mirai
0.4462868169348094,4467,79.04112837700796,1,0,791143.0655404496,DDoS
1.6880016693175492,17,238.17562835873986,1,0,2398.685828157719,Benign
2.4496599433355946,1270,622.4724521909756,1,0,322714.1858743444,DoS
0.3958379089980096,4498,64.87560944365912,1,0,737196.929966215,DDoS
0.006224894683052125,68,123.54540451054837,1,0,1349595.1232058685,Mirai
1.4653485056848425,529,491.6269450324792,1,0,177480.41023226443,DoS
0.7327869921515002,533,505.7389514687253,0,0,367854.32058693067,DoS
0.1500489501171247,507,76.79069190781367,1,0,259467.86543239013,DDoS
13.55232866411194,6,183.3652594832397,0,0,81.18099731545522,Benign
8.837237847930018,26,185.81116174901365,0,0,546.6742310897472,Benign
0.2310805933083475,3869,68.85374014828261,1,0,1152823.423290398,DDoS
0.07850082630631883,509,56.6326901248311,1,0,367206.82609195303,DDoS
0.08224359324575548,4716,72.52053781810024,1,0,4158461.98898674,DDoS
0.4526836852959424,19,165.63317780393632,0,0,6951.941235119653,Benign
17.3138818788211,6,237.62432769059552,0,0,82.34698469830684,Benign
0.7203873617480359,508,59.066240725026475,1,0,41652.105355518834,DDoS
11.702692786304176,10,150.8803094449152,0,0,128.92785634900414,Benign
0.35866314661203647,866,408.000898882117,0,0,985127.0802966179,DoS
0.2419421766484735,48,212.72997367954008,1,0,42204.459255791146,Benign
0.02142612760698957,4705,50.269524553349555,0,0,11038770.85779856,DDoS
0.11643263007403655,17,352.7819806913422,0,0,51508.70222496297,Spoofing
0.17096696074343495,19,256.33618183893174,0,0,28487.302071471862,Benign
0.11424365320175406,2697,49.132815300947684,1,0,1159899.9082482192,DDoS
3.810536942657703,30,236.00817163841344,0,0,1858.070202624569,Benign
0.1298308775145487,579,522.9032960598138,1,0,2331964.5851173205,DoS
1.1636010567583317,4645,64.93907177910886,1,0,259231.44935456055,DDoS
0.31287073236775403,3584,60.86672952372418,1,0,697241.1799663453,DDoS
0.21997137720823148,4561,59.59067275681752,1,0,1235583.7468188296,DDoS
0.367691186062981,59,94.4161011500749,1,0,15150.077507977716,Mirai
6.941286301153019,16,241.38392037785812,0,0,556.401588766651,Benign
0.5865434719818248,9,162.42391805084682,1,0,2492.253911749134,Benign
0.016909113895467984,81,75.8589978229721,1,0,363388.5762226501,Mirai
0.6449559179180891,3839,50.61260232330227,1,0,301263.65992014075,DDoS
0.2896181387362589,23,139.08044996136348,1,0,11045.062174176863,Mirai
0.3426855982559347,555,52.742428549010654,1,0,85419.54489385657,DDoS
0.01729942350024515,24,115.3441715989395,1,0,160020.36821257765,Mirai
0.8028899157533449,4433,67.80415542510893,1,0,374367.4133925074,DDoS
4.955877617300611,230,514.2922125689959,1,0,23868.064957443046,DoS
1.4588858659892487,9,212.16989693962526,0,0,1308.8954502700622,Spoofing
0.2736553124571928,3392,69.47780875977122,1,0,861188.2049613381,DDoS
2.864837464907506,30,348.93230934728757,0,1,3653.948752292164,Benign
2.3633409923172795,41,190.43744941664312,0,0,3303.7701505894875,Benign
4.246346423503877,14,177.85802325098496,0,0,586.3893514978821,Benign
20.2592730172559,14,144.23290063291148,0,0,99.67093128864245,Benign
7.3594552532393465,39,204.60779132703337,0,0,1084.2791466449837,Benign
0.7266182757458421,4192,46.171249837286666,0,0,266370.7833652204,DDoS
0.7242176611359123,3624,64.72399599424455,1,0,323880.2007606977,DDoS
0.5844264047103932,3317,79.64957635028675,1,0,452063.15564202087,DDoS
0.6898296572932817,450,593.1086520326844,1,0,386905.50716817856,DoS
9.347058236657833,48,250.56841285950898,0,0,1286.7453601698055,Benign
3.9423787132109585,12,236.14902565489118,0,0,718.8016459105351,Benign
3.418873512372642,16,228.0699373195874,0,0,1067.3454235459474,Benign
2.034839127121127,3434,56.40253728941401,1,0,95185.07407800511,DDoS
9.070200304903747,12,199.08190914521762,0,0,263.3881093509063,Benign
0.09222287450022512,49,175.35334213594666,1,0,93169.00835313274,Benign
1.330451401899123,1946,70.78377199644626,1,0,103532.69582674204,DDoS
0.03247916623509551,95,103.31155655867327,1,0,302181.3368616819,Mirai
0.2178314586646883,44,287.621200195802,0,1,58096.901550367234,Benign
2.307445130662029,1036,505.86706033696373,1,0,227124.9129805878,DoS
0.40024066343100073,1386,572.4649230079408,1,0,1982398.2313226152,DoS
0.1666084656707867,51,160.11545458785343,1,0,49012.44454238043,Mirai
0.590002009255746,20,391.4227994388791,1,1,13268.524286303253,Spoofing
0.7832928885395972,18,182.89014328893708,0,0,4202.799013455422,Benign
0.5524619620725437,12,262.0559186247687,0,0,5692.104143604909,Benign
0.031015099603550852,54,139.2742944485786,1,0,242488.7231173748,Mirai
1.4943532184643666,2358,65.99148939882132,1,0,104130.62325540886,DDoS
0.08747607449629898,3693,57.73882153885162,1,0,2437574.721668615,DDoS
1.4683660735158244,1000,573.4333883750841,1,0,390524.81443000614,DoS
0.9878605318903707,1431,547.7978098126882,1,0,793531.7188367549,DoS
0.29833412139021664,16,206.60618120104556,1,0,11080.525699884403,Spoofing
0.10311434638563279,29,194.90617308600278,0,0,54815.64125282211,Spoofing
0.7747831866293227,345,392.7448783070208,1,0,174883.74212842545,DoS
2.763708494119755,45,182.41475267255979,1,0,2970.1626954255394,Benign
0.004579093991521135,11,114.64061216467105,1,0,275392.19246130233,Mirai
4.959580512545121,42,186.5205180529137,1,0,1579.5412007944703,Benign
5.384219542843237,2,306.05046101349444,0,0,113.68424284269761,Benign
0.3065067348190554,70,135.8500781904095,1,0,31025.437267936548,Mirai
2.232625744288752,2,244.64976059512128,0,0,219.15877412141853,Benign
1.6483132930321351,38,244.3989524494586,0,0,5634.341622031902,Benign
3.54677401530377,33,105.13113347385918,0,0,978.1642105382957,Benign
0.18212253900281064,31,137.87176971748386,1,0,23467.85238468502,Mirai
0.5668469200021463,4856,61.72252523568419,1,0,528757.5392371322,DDoS
1.9078347009055618,302,523.1745978640347,1,0,82815.73266276356,DoS
6.756966601178536,48,234.63103746739267,0,0,1666.7671254243737,Benign
0.04917508921212813,57,152.0902357556129,1,0,176291.36168261085,Mirai
0.01446798902164222,72,136.20468482775007,1,0,677823.1095509133,Mirai
11.200640923988388,42,145.9536169694607,0,0,547.2947444988288,Benign
0.23224891807422515,4401,58.94886199847901,1,0,1117051.238845353,DDoS
0.49700012038716646,41,85.63272969293058,0,0,7064.267740368165,Benign
1.3281712864627686,13,327.76238059999093,0,0,3208.103496310093,Spoofing
0.2091604514208584,1406,446.81078820108456,1,0,3003512.2029196215,DoS
0.17126777431646759,6,483.6035347802738,0,1,16942.015042012772,Spoofing
15.908064560308128,2,192.40250233164753,0,0,24.18930368332888,Benign
0.07852104049455905,35,107.38104244282755,1,1,47864.06881298765,Mirai
0.03529295268847327,24,113.71323037056256,1,0,77327.54901475941,Mirai
5.093164806894899,545,419.1102728789159,1,0,44847.38023984439,DoS
0.3291431515492871,29,267.3654549964373,1,0,23556.91788937504,Spoofing
0.1300280166472371,41,254.57378744058894,0,0,80271.3565444969,Benign
1.7840326857965896,17,254.74629109828106,0,0,2427.4706305266377,Benign
1.5304971502342941,1397,404.5976721159216,1,0,369306.7627466122,DoS
2.0192318508938945,269,459.0584349233894,1,0,61155.29474226815,DoS
0.36223323686085707,2180,64.13144788559768,1,0,385957.2843237082,DDoS
0.21641281829934905,43,159.8611162565702,0,0,31763.497435369776,Benign
0.264498180587918,766,61.25427202808546,0,0,177395.44472184833,DDoS
22.498455601427665,46,150.5427634096506,0,0,307.7974435011662,Benign
0.8591495904533891,2534,67.97388759781461,0,0,200484.09856305105,DDoS
2.3894057653503347,1231,414.58657032175887,1,0,213591.2097756476,DoS
8.227463059641105,978,468.8663346552812,0,0,55734.22475054756,DoS
3.443584165004965,12,199.7825756686408,0,0,696.1905947840346,Benign
0.2964138168316311,4514,59.3271937983178,1,0,903476.6181555021,DDoS
2.331727735155286,17,230.18945353658793,0,0,1678.249416140082,Benign
4.048684263825513,2,213.2915262315915,0,0,105.3633784868455,Benign
0.025079687007411353,71,167.01571407092064,1,1,472817.5313962709,Mirai
0.2882474160313387,13,260.5622002258933,0,1,11751.39277768353,Spoofing
10.445714641529447,42,89.8194288327178,0,0,361.1448465168675,Benign
0.3255147681725228,12,129.89249691253983,1,1,4788.446225347176,Mirai
0.23431512997676554,89,99.97999268653,1,0,37975.43654130874,Mirai
0.009767159916475688,34,143.5881673726599,1,1,499838.0012633214,Mirai
2.165506575278044,38,242.5485658965872,0,0,4256.207581769591,Benign
0.5833160359974077,5,147.34223033263,0,0,1262.9708531901636,Spoofing
0.18230058445212957,2,204.4759987228561,1,0,2243.284072153368,Benign
1.9156374935407032,30,199.03607203856654,0,0,3117.020929737886,Benign
2.0354208200407644,33,302.48546258018433,0,0,4904.155527379427,Benign
0.18133028644325852,1737,69.08190654851681,1,0,661749.7497436666,DDoS
6.448865841115935,42,207.12258795260306,0,0,1348.9424200060575,Benign
2.0165021776699703,46,194.75728926646758,0,0,4442.760045322278,Benign
8.998004377352602,7,197.1334614395945,0,0,153.36003098091027,Benign
0.06610517054777777,99,156.07564393789394,1,1,233741.00122295087,Mirai
0.10573758208282791,99,115.44330250976704,1,1,108087.27344941832,Mirai
7.919815218993749,10,252.36071901060112,0,0,318.6447057569921,Benign
0.07654101135848138,92,122.73295465607191,1,0,147521.33043388944,Mirai
0.05871741215518886,88,126.288803315326,1,0,189269.49066447568,Mirai
0.12224968336342013,73,129.3906665979245,1,1,77264.15645240684,Mirai
14.370584861216988,34,112.70602943542,0,0,266.65616172282654,Benign
1.5529461610338877,856,574.2436889301334,1,0,316529.0658865718,DoS
0.7513298655052515,26,305.1312484056422,1,0,10559.160260735365,Spoofing
1.484238898668353,962,451.6534236082325,1,0,292736.29326177953,DoS
4.769150287146339,15,67.7652052895294,1,0,213.13609723780777,Benign
1.5760663345423038,2115,41.46177792341605,0,0,55639.5745446152,DDoS
1.5588228318702058,1377,595.1769584716947,1,0,525754.8549197562,DoS
0.0052121560648883914,1006,48.31608364796076,1,0,9325503.600569822,DDoS
0.2510556337927643,23,161.19589083322418,0,1,14767.66497191831,Benign
4.391318282702069,28,270.2263512151377,1,0,1723.0219599040613,Benign
0.19324959072983525,88,124.5445176095975,1,0,56713.79436433916,Mirai
0.0741989068751325,54,122.63137645628518,1,1,89247.86910652953,Mirai
6.411987593856189,14,267.8592123487136,1,0,584.8465733893772,Benign
0.8863560208113533,28,269.17684771110316,1,1,8503.300659041846,Spoofing
11.271885198185757,41,210.17819248340373,0,0,764.4955338266338,Benign
0.24858886450744497,1172,366.30299608211544,1,0,1726976.436610989,DoS
0.12363586259038904,89,123.75399798859438,1,1,89085.04045848823,Mirai
0.12142266628086591,12,118.89472388529015,1,0,11750.167660815981,Mirai
1.2533722786532222,14,205.53072481593517,0,0,2295.7505893739394,Spoofing
1.2689936978612029,9,269.2618689804069,0,0,1909.6681290916217,Benign
0.001,76,142.2754183398953,0,0,10812931.793832043,Mirai
5.20496206257228,39,123.51879090461732,0,0,925.5077726540452,Benign
1.5191853888485212,800,670.4129629532843,1,0,353038.1310270127,DoS
3.8398659985385555,1491,385.77253460797266,1,0,149793.4691781958,DoS
3.2123815427493736,320,669.0690504128964,1,0,66649.02449566554,DoS
0.6972431834192915,43,204.22146110921747,0,0,12594.634177177073,Benign
0.03957068408589817,26,94.23112021173333,1,0,61914.75285559134,Mirai
6.454433370797005,5,189.25604622831398,0,0,146.60934225814486,Benign
0.6450249031820829,26,141.36136173319557,0,0,5698.067449692812,Benign
3.560722314592214,277,505.0060452444399,1,0,39286.03866677263,DoS
0.09443632168278875,3495,51.42451397574308,1,0,1903173.1980088132,DDoS
0.2051730011291638,31,122.21485812212742,1,1,18465.687887466498,Mirai
3.834052084947605,19,175.47019889657213,0,0,869.5588127568253,Benign
3.6152006352391335,15,140.6546360092039,1,0,583.5968049940611,Benign
0.2673320508602186,81,143.73544241667113,1,0,43550.972651004646,Mirai
0.26742121971301497,572,56.864154078877924,1,0,121629.45097634362,DDoS
3.195475845887421,2,175.55578826536072,0,0,109.87771257373208,Benign
2.065218512329708,850,571.8408476426985,1,0,235357.52638009202,DoS
0.4125211616135639,3091,60.35558996894474,1,0,452241.3537872527,DDoS
0.45210269502521594,1266,536.1562868556186,0,0,1501370.9642260699,DoS
0.7052589876698979,999,53.366772777629734,1,0,75594.08236822906,DDoS
0.16006903174793,42,90.8313551549408,1,0,23832.948040287298,Mirai
0.048336531764937934,95,146.87814274039238,1,1,288672.41920031025,Mirai
0.25670932489590903,468,615.5891410631561,1,0,1122264.328085373,DoS
6.786393738610592,12,167.70955130569152,0,1,296.5514075934429,Benign
0.02946959940708667,54,152.81053992463754,1,0,280009.5461747638,Mirai
6.051912607045085,655,402.80237621148996,1,0,43595.40091695849,DoS
3.4328580778038464,1081,496.03079480502146,1,0,156199.08456200012,DoS
1.1650733188417695,3,239.97594245367983,0,0,617.9249114353927,Benign
0.05416370266235172,39,127.3707555100927,1,1,91711.962453158,Mirai
0.6885633061174323,1369,626.6481229345309,0,0,1245900.3735396026,DoS
3.255274910402856,4,65.21687611179999,0,0,80.13685836902675,Benign
0.20045944613880853,4182,89.9147740672351,1,0,1875808.7602856036,DDoS
0.029847277283692866,34,142.1752435856525,1,0,161956.42356139567,Mirai
4.711505799709147,6,251.06816174498357,0,0,319.729834687436,Benign
0.9895335347919348,14,372.89704830363013,0,0,5275.77741703168,Spoofing
2.6847670654704916,289,470.25552453557674,1,0,50620.34928045619,DoS
0.6592004431869474,383,708.4071273652489,1,0,411589.4225877284,DoS
6.012265852402013,27,206.0557930015329,0,1,925.359348309367,Benign
0.8531488424190208,38,221.6213640417794,0,0,9871.21052606595,Benign
1.3078934902841448,21,322.77884456554693,1,0,5182.6511762848995,Spoofing
0.5469624040515155,41,187.1973104802374,0,0,14032.207100228514,Benign
0.05231631261171346,47,132.31670981529618,1,0,118870.86552668338,Mirai
3.4000016163555866,43,234.82097510082014,0,0,2969.7932732627405,Benign
1.0455807152108567,1,216.18253308153925,0,0,206.75834006554228,Benign
3.9132810886891454,8,228.53915773929913,0,0,467.20724130932126,Benign
0.1790157809037299,2273,57.186000873003906,1,0,726102.3543742202,DDoS
1.16014178617229,29,384.3188386701659,1,1,9606.79673318797,Spoofing
3.2728360536763206,45,272.46545614343376,0,0,3746.2755009319853,Benign
6.657202252848689,48,198.35808246720265,0,0,1430.2086066788054,Benign
0.9843873053704766,9,194.31325978812416,0,0,1776.5561670210132,Benign
0.06958332663104803,4296,65.15806967001716,1,0,4022789.3786482755,DDoS
0.026277225807970477,2252,66.74678138114687,1,0,5720305.209111884,DDoS
0.007233701192572846,57,124.52647796698736,1,0,981241.6984276476,Mirai
0.001,4854,44.62026685511647,1,0,216586775.31473532,DDoS
0.38987085927443965,4825,58.4090542789506,1,0,722864.200264719,DDoS
0.4613535394801078,37,164.4705001331458,0,0,13190.336659785786,Benign
1.4681393657990653,9,285.2940461491387,1,1,1748.911905202374,Spoofing
0.5672544220764887,25,222.6493687701287,0,0,9812.588501077678,Benign
4.0491155122451445,8,143.3326289032879,0,0,283.18802656002896,Benign
0.13165784448255277,1456,465.7487592000547,1,0,5150701.016414901,DoS
0.4307966947405237,3127,41.02087467214268,1,0,297755.9407159583,DDoS
0.09189450996566692,4202,83.52232219795327,1,0,3819170.459768745,DDoS
0.1263655119867338,2793,72.85493267392067,1,0,1610279.7650962134,DDoS
0.10968800068113603,51,124.201825858573,1,1,57748.277655283986,Mirai
3.0926607447682004,46,226.66328774896243,0,0,3371.372451404706,Benign
0.0931443924305732,44,119.94654880115596,1,0,56660.93266091836,Mirai
0.3080142106165351,297,491.67784205969707,1,0,474096.04511244193,DoS
0.27895357484903555,4894,62.820324158313156,1,0,1102128.4333680498,DDoS
0.5836779337867347,4271,58.588309032144984,1,0,428713.5993866798,DDoS
7.416262384568397,4,66.77303599668195,0,0,36.01438705061023,Benign
0.21542765742584652,73,152.52194996251097,1,1,51683.71823889803,Mirai
0.8571403877260203,4699,67.29461747822985,1,0,368921.3716426568,DDoS
2.223324241554338,3,249.71330678919966,0,0,336.94586977735247,Benign
0.09593031174077246,4656,64.7208259879768,1,0,3141240.3476214693,DDoS
0.012896094931275099,5,421.2974592278141,1,0,163343.03580772356,Spoofing
0.29007067935383096,2762,60.776251510416245,1,0,578700.3603594403,DDoS
1.0659508363533472,18,65.16073428538448,1,0,1100.325809724421,Spoofing
7.4651640533068075,38,280.22614731109013,0,0,1426.4379887411142,Benign
10.6059099964801,28,189.42697249887487,0,0,500.0943089021855,Benign
27.68525554415382,15,205.64958837889975,0,0,111.42190184099236,Benign
0.3195000236891385,2257,54.67868784886468,1,0,386259.1215171886,DDoS
19.799284318102302,10,163.89325648356262,1,0,82.7773639947766,Benign
8.44371622632697,40,270.499375580807,0,0,1281.4233369776553,Benign
1.7520294683580788,13,181.76764939315717,0,0,1348.709873199518,Spoofing
0.29540697913440916,81,108.07969637160811,1,1,29635.2355376039,Mirai
2.8786217968794543,1000,554.9736187386942,1,0,192791.43211529515,DoS
2.122714213399279,8,94.44933155898214,1,0,355.95684416785457,Benign
4.1413832082990245,19,212.0335390117655,0,0,972.7757704600856,Benign
5.146651887276194,34,175.07914297646622,0,0,1156.6142400103622,Benign
0.7371579253673657,691,523.9503380082098,1,0,491142.63186310313,DoS
1.7792636474523678,12,205.96341990231144,0,0,1389.0920788308315,Spoofing
0.7624092876962778,765,57.83216875779058,1,0,58028.6859219564,DDoS
8.484865826151367,6,215.4637321541643,0,1,152.36332776653657,Benign
0.4929288355155462,3492,54.0340728174486,0,0,382787.47089564335,DDoS
1.860122990473757,32,106.85913162722066,0,0,1838.315116572021,Benign
0.3465587292343949,13,271.4602592793942,0,1,10182.930259550028,Benign
3.7455595982698626,726,559.6540496891295,0,0,108477.47296878921,DoS
3.6741262165184576,1015,466.27812575910804,1,0,128812.2045230008,DoS
0.16954498537707896,29,218.9470713739898,0,0,37450.031658111766,Benign
4.487792063764488,41,190.91652151915545,0,0,1744.1934187386078,Benign
0.05836543149106783,19,189.04236416553653,1,0,61539.93600980881,Spoofing
3.214611245116701,11,157.7426373628247,0,0,539.7756925124174,Benign
15.312747891255132,38,218.71239593166348,0,0,542.7550368114879,Benign
7.987184875354153,36,205.783050880521,0,1,927.5094976902328,Benign
5.99866730728836,23,162.57183899530614,0,0,623.330500817904,Benign
3.5858730075114558,26,237.96701464010582,0,0,1725.4214992227342,Benign
0.24795919024686675,71,139.38083916836257,1,0,39909.95280756201,Mirai
3.7913741816163005,9,176.21211827954514,0,0,418.29399804580027,Benign
0.17869638685405065,4004,76.68584106270168,1,0,1718278.2093173442,DDoS
0.2405900416352757,1442,473.1616402708047,1,0,2835940.6758191464,DoS
0.9374461787431262,3048,74.43439837696374,1,0,242015.00992533547,DDoS
0.10561011826782607,25,108.46621935915636,1,0,25676.095514846227,Mirai
0.003358678226910844,49,127.7929804531366,1,1,1864381.0508644816,Mirai
0.5785386845154057,47,243.1413504760455,0,0,19752.600436643464,Benign
0.10309061753343762,76,136.52828907688234,1,0,100650.76937265931,Mirai
0.03894406173358549,1055,49.853912517345975,1,0,1350549.361430401,DDoS
0.9238634842676432,23,498.27545465547024,1,1,12404.793188855763,Spoofing
0.16363074987506934,2671,81.56904413510198,1,0,1331479.0591083884,DDoS
0.5218016683794731,13,252.37969971517984,0,0,6287.707179025963,Spoofing
0.01355132205944972,70,127.54895587014546,1,1,658860.2109625265,Mirai
1.5587132831333461,35,247.67307567161464,0,1,5561.354831775644,Benign
0.346404771319354,863,66.67545400906567,0,0,166108.90372747244,DDoS
0.04599677312298418,5,247.67784949402355,0,0,26923.394042424803,Spoofing
0.07511552125898664,47,170.0794561306039,1,0,106419.21009344033,Mirai
5.74004743662236,42,264.4314238674999,0,0,1934.8480870691578,Benign
2.2192051484359383,555,396.4898307779545,1,0,99157.96033406553,DoS
3.0419205878734394,20,244.07647593878912,0,0,1604.7524508811669,Benign
3.021336719919152,21,151.79118655093822,0,0,1055.0346462723958,Benign
0.9367747108922994,587,71.78150998465954,1,0,44979.59420879315,DDoS
10.981865643431043,49,226.76075738048476,1,0,1011.7841059447052,Benign
0.006115671519466105,14,119.38647216079569,1,1,273299.60494625336,Mirai
0.6524774170604539,43,313.9168449978784,0,0,20687.956367473947,Benign
0.11865394116357574,64,103.94873727944747,1,1,56068.2529433492,Mirai
8.850838253881642,10,202.8248170709242,0,0,229.15887880108184,Benign
5.619703879064442,10,324.56241650036327,0,0,577.5436277158359,Benign
0.26944626701576174,26,190.5577772498315,0,0,18387.71887014414,Benign
6.586979993478746,5,192.777958196081,0,0,146.33258214457567,Benign
0.005844146194426666,30,224.58305874280046,1,0,1152861.6051236528,Benign
1.2298200947708264,39,151.55189723432255,0,0,4806.007006447548,Benign
0.47465622442994976,2536,50.965384427705764,1,0,272298.5779105408,DDoS
5.830592883497822,3,265.86661239459227,0,0,136.79566608761235,Benign
0.04569887798786797,1804,57.617974142733296,1,0,2274515.916585203,DDoS
2.0737892278471213,34,189.36284106095533,0,0,3104.6243801528285,Benign
0.1073525993998227,83,126.94385538444924,1,0,98147.04120640685,Mirai
0.05566352621692714,11,480.90809193127114,1,0,95035.10414752182,Spoofing
0.6427779047060572,1106,80.10250398633653,1,0,137828.89666906334,DDoS
1.665929351193881,9,117.89235591088173,0,0,636.9004798658192,Benign
4.813325190930156,22,173.40888623843892,0,0,792.5904329992762,Benign
2.488238901611521,28,250.65989246784542,1,0,2820.6604215351344,Spoofing
5.8448112483687265,25,157.77691267241363,0,0,674.858887515182,Benign
4.886155206461689,15,296.01616311094085,1,0,908.7395424509072,Benign
1.7704731290955587,17,136.36905530127598,0,0,1309.4092771156463,Benign
2.148746055648634,10,172.98304351330063,1,0,805.041819895664,Benign
9.048530965122643,25,216.90746913279568,0,0,599.2891828763712,Benign
0.03493761333365739,11,98.12516038221916,1,1,30894.404660566375,Mirai
9.502240871157769,41,184.46072119198806,0,0,795.9058996101869,Benign
0.3799995385002437,1394,428.2470833768359,1,0,1570992.5243157274,DoS
5.793061810501927,39,99.82672785153804,1,0,672.0526232176802,Benign
4.617365191189164,38,214.85710944620735,0,0,1768.2314092321474,Benign
0.1035775110435185,6,247.29577389025792,0,1,14325.258720670878,Spoofing
14.43198109459805,27,222.67899260726657,0,0,416.59788500184754,Benign
0.05059904690246458,88,181.37765516446512,1,1,315445.34198914905,Mirai
0.4837575712659574,4239,62.03798339920918,0,0,543617.3555714102,DDoS
4.946242679493509,16,132.20364584525248,0,0,427.6495252231822,Benign
0.49801518450184357,19,119.68691738944659,0,1,4566.229105392,Spoofing
3.054868057370856,24,141.96118674607607,0,0,1115.2915340108298,Benign
0.022157938466824328,84,150.9704727110989,1,0,572323.9879341456,Mirai
8.633726024393988,23,218.87323769563832,0,0,583.072065615266,Benign
0.10020226191573489,30,144.6059737835511,1,0,43294.2244073764,Mirai
6.7761370740109985,16,178.76878514724595,0,0,422.1137398955889,Benign
0.7318152421714083,3412,73.84933145970923,1,0,344313.5704483041,DDoS
0.11669484612835901,14,129.64321634277715,0,0,15553.429213167285,Mirai
0.4107169262630968,6,370.6256819746688,1,0,5414.322979286034,Spoofing
0.470557147820995,29,232.11191460555784,1,1,14304.841728005831,Spoofing
0.20629959020694644,92,102.140069732283,1,0,45549.70955562096,Mirai
0.03727189564763229,81,129.49339597049212,1,0,281417.5370303758,Mirai
13.467325750953252,45,121.42322078556414,0,1,405.72605403590444,Benign
15.402917328807499,42,257.2500739260992,1,0,701.4582286102977,Benign
1.544831403459988,7,182.69117752028953,0,0,827.81735261064,Benign
0.3385540817855434,28,220.07686639546367,0,0,18201.38226239549,Benign
0.045207284633102404,31,269.1403241306045,0,0,184557.64631214848,Benign
2.0694519074529985,1256,53.33862597869156,1,0,32372.4914736914,DDoS
5.689784563328317,11,66.97385023033644,0,0,129.4798325549871,Benign
2.5038991525555567,319,400.8728146145801,0,0,51071.716579133936,DoS
3.94679066930797,46,176.84258647595408,0,0,2061.107279175826,Benign
4.337380499590676,44,226.5493414681001,0,0,2298.2007286511093,Benign
0.7515204304792734,3085,96.15374196212832,1,0,394712.21529398847,DDoS
0.04359398770994093,60,135.48036000739344,1,1,186466.5754949955,Mirai
0.6143783676130289,806,468.2679257320609,1,0,614318.4201071424,DoS
0.2351452035875647,1135,431.541592693127,1,0,2082967.035831138,DoS
1.1897385550131228,36,213.76595967706032,0,0,6468.290462596036,Benign
0.26052076584578104,2646,44.03933107983281,1,0,447288.9892632132,DDoS
1.0123844582017156,6,197.21458620059423,0,0,1168.812408781366,Benign
2.4708878880522827,6,171.15540055436438,0,0,415.6127067892515,Benign
0.2635561895724239,3534,70.97425472100385,1,0,951687.0637375136,DDoS
25.130738479545627,27,284.7743752567661,0,1,305.9563147414402,Benign
13.167798566150267,13,320.2877136831073,0,0,316.2062555075753,Benign
0.2032300672652998,15,309.8650816661105,1,0,22870.514621855215,Spoofing
0.5163189916302755,27,307.00998606446086,0,1,16054.55107813699,Spoofing
2.192877049098231,26,87.17120492167561,0,0,1033.55148383517,Benign
0.35395897734396675,11,163.89063511952907,0,1,5093.237074653754,Benign
0.5582001891162844,29,185.51883614262965,0,0,9638.202123603163,Benign
1.7614873541698266,19,254.1475592760244,0,0,2741.3217669792675,Benign
0.006114560865613081,20,51.44591846406507,1,1,168273.4691656612,Spoofing
2.3688906374327847,17,177.3996163470978,0,0,1273.0826110102491,Benign
0.04700790473060745,43,109.87007761847067,0,0,100502.52962068554,Mirai
1.0996783526359875,6,200.35158989247748,0,0,1093.1464973129137,Benign
1.202884764454959,9,323.45088849791114,0,0,2420.0639017988015,Spoofing
9.980713351538041,22,264.0259318418498,1,0,581.9794934422786,Benign
0.11176188749697794,13,108.74217280751583,1,1,12648.750644408463,Mirai
9.29296583092782,20,225.6954532507115,0,0,485.73395696684236,Benign
4.8421902178131155,762,447.8668151445522,1,0,70479.3694152476,DoS
4.527173036678373,5,199.6821681518334,0,0,220.5373712624225,Benign
0.9284065335978271,29,311.2482601580897,0,0,9722.249055707987,Benign
0.05517389869284547,29,343.57182891246674,0,0,180585.08233991332,Spoofing
0.7285987466026154,25,339.52675741934064,1,0,11649.991130321068,Spoofing
0.21024250991095073,15,115.325296128147,1,0,8228.019360380087,Mirai
2.337886275532455,1116,435.53512318858395,0,0,207904.55145974105,DoS
0.06268747006464424,31,102.81588539753415,1,0,50844.17099680009,Mirai
4.562105439067042,44,171.17045372570954,0,0,1650.8824849676037,Benign
5.57661194936096,12,283.58058463301836,0,0,610.2212322638258,Benign
4.3595739198811785,1,257.71762604274295,0,0,59.11532429062864,Benign
2.0253068283141342,631,636.5352724596747,0,0,198317.48518637614,DoS
0.935578352044345,6,174.82389063500253,0,0,1121.171029147858,Benign
2.8502797150944597,43,134.0388952689492,0,0,2022.1427623547481,Benign
0.17724617144637464,4271,75.05693734339718,1,0,1808604.252366807,DDoS
0.21639316194430466,54,168.42125915105575,1,0,42028.81418451577,Mirai
2.342835846692305,20,233.30584188175266,0,0,1991.653339359151,Benign
4.256481374972568,9,256.1933247845963,0,0,541.7009308718582,Benign
2.751630443751502,42,170.76690606628787,0,0,2606.5310009456375,Benign
15.080952039426908,16,272.3727416173102,0,0,288.9714027658012,Benign
1.7552005562248607,7,188.028665204814,0,0,749.8861892253628,Benign
8.474309677383467,505,738.6990907933634,1,0,44020.46361914751,DoS
4.0956745472236,364,232.89380346302443,1,0,20698.26190609006,DoS
2.03897632672553,498,795.669163322655,1,0,194334.40111147554,DoS
6.021114509148402,20,191.7764410390184,0,0,637.0131003077115,Benign
0.11331333425797548,14,128.72065746190404,1,1,15903.593484981384,Mirai
9.592837374145192,22,145.85352848791723,0,0,334.4972401369527,Benign
0.1183921719413923,4205,65.675330857385,0,0,2332626.910434702,DDoS
0.052391595129892624,31,88.16032925180264,1,0,52164.287039364346,Mirai
3.3825259303909085,40,201.0001159399573,0,0,2376.923282497685,Benign
12.889366573032126,23,219.57297489667664,0,0,391.80966682954283,Benign
0.00953510443347235,34,143.67298259741077,1,1,512304.971843194,Mirai
7.047626131236963,33,233.48274766197773,0,0,1093.2660912154452,Benign
4.616527076148925,577,600.7442521239345,1,0,75084.45802611129,DoS
2.6466316709176803,28,175.53078423099052,0,0,1857.025294631791,Benign
0.9915581312544147,1135,466.4368587300659,1,0,533913.0586210578,DoS
6.366596470672522,42,245.45795075793004,0,0,1619.2692562379516,Benign
2.3223356069763454,34,186.57463027502078,0,0,2731.5334658326665,Benign
2.1738478626471527,900,454.16972305839056,1,0,188031.9031410056,DoS
2.7290533535672346,36,140.97386653881952,0,0,1859.640885644001,Benign
1.772375359392448,36,261.3820165076895,0,0,5309.119507000136,Benign
5.783649159868272,30,157.12756936513412,0,0,815.0264565946434,Benign
4.072105390252701,39,115.42380021037467,0,0,1105.4547406802903,Benign
0.021451661773890546,33,179.27814020564307,1,0,275791.1573073084,Benign
0.21751745240447676,11,234.58668349992752,0,0,11863.202193545432,Benign
0.20516690085145559,25,302.43788699842156,1,0,36852.665530268925,Spoofing
3.9397560544127708,47,169.73802934020546,1,0,2024.9191241305798,Benign
0.5313436755273927,1019,67.00223816784222,1,0,128495.51775555364,DDoS
11.265924664676314,27,209.42860333923164,1,0,501.91816992073933,Benign
0.33014306160634976,33,134.95087725767047,0,0,13489.239870238944,Benign
1.6339498844895888,13,234.45697092478204,0,1,1865.3819501779142,Spoofing
1.079754706513661,4,262.71186440459275,0,0,973.2279482359226,Benign
0.4338402669491427,13,173.60152608044967,1,0,5201.960285789708,Spoofing
17.904105825129694,9,139.80707893035978,0,0,70.27794197949694,Benign
2.199603249646583,250,482.05312332665613,1,0,54788.644657179546,DoS
0.31705722173249407,2408,71.40817059338376,1,0,542333.8848718785,DDoS
0.01764101346999803,83,145.32004086898883,1,0,683722.8151681366,Mirai
0.41080955042539347,1889,60.3332880843466,1,0,277426.8053732324,DDoS
0.42616240690807033,1416,51.01849824362563,0,0,169517.9873727286,DDoS
6.783822586346973,4,143.97705087807682,0,0,84.8943491935317,Benign
0.8584164156887679,10,256.66739968016464,0,0,2990.0103841120317,Benign
1.0800226525972783,27,165.12406391445995,0,0,4128.015014285871,Spoofing
1.1308566741182589,35,205.4768157482675,0,0,6359.504891985362,Benign
0.6172733807585163,38,304.281429436779,0,0,18731.885545411275,Benign
0.12426485641795662,52,85.89878496154344,1,1,35945.29416246767,Mirai
5.303884795320805,41,224.07166634953649,0,0,1732.114982670042,Benign
2.1649623327824252,6,369.2289477937579,0,0,1023.285095180078,Spoofing
1.3142236390921553,665,404.4216150355177,0,0,204638.21072675195,DoS
0.9463753215233751,2297,76.86300885521955,0,0,186558.4692722553,DDoS
0.06956372121641359,79,129.1374390057153,1,1,146654.85835229265,Mirai
8.657062858406173,1,199.95234330433692,0,1,23.097018766610827,Benign
10.510807486268014,37,230.2884088715906,0,0,810.6580906729381,Benign
1.359104372125437,2743,53.313947697373806,1,0,107600.388559709,DDoS
8.633960092517079,41,131.81074852453912,0,0,625.9283841478347,Benign
1.1274505650828799,830,556.0500019106311,1,0,409349.6565429429,DoS
1.3580062882446808,7,196.3130251521278,1,0,1011.9181243565034,Spoofing
0.37443674221723366,778,64.82644539865669,1,0,134695.58094513728,DDoS
1.4020524163348922,29,116.70963020294056,0,0,2414.017647594739,Benign
0.8045088981932186,9,386.1435593572521,1,0,4319.7682984242265,Spoofing
0.3729704863937486,1285,50.1674051447692,1,0,172842.40432625538,DDoS
0.37136630526852465,2283,50.24059676584719,1,0,308857.5371249507,DDoS
5.438525002402103,13,184.19685141812752,0,0,440.29568079176295,Benign
0.2326621230923893,25,334.25879584130814,0,0,35916.76111678212,Spoofing
1.603147607177203,2532,62.07739187774163,1,0,98044.59397921679,DDoS
0.03808608560648738,23,143.36847995468264,1,0,86579.52074749384,Mirai
0.21810575609699603,36,114.1022729501124,1,0,18833.44071110749,Mirai
1.5009200478470321,7,220.12876967226515,0,0,1026.6378878183248,Benign
0.4182004409542808,2855,65.36739378094516,1,0,446254.6926510793,DDoS
0.10453432424252501,93,141.2876970869956,0,0,125698.00325686022,Mirai
2.3944286674073116,33,19.61672698253932,1,0,270.35760105760454,Benign
0.149288105098167,66,108.02406249988655,1,0,47757.241746114516,Mirai
2.447730125430188,6,191.83708583457366,0,1,470.240776566473,Spoofing
0.31159209579736896,431,670.7769823815844,1,0,927831.2361121968,DoS
2.7375691986111725,216,540.4548788826146,1,0,42643.033059353744,DoS
0.039364746635136796,27,133.77174378619048,1,0,91753.08851100883,Mirai
0.013135820443323568,27,151.35680706054492,1,0,311106.09407818085,Mirai
3.8718408963412623,23,242.12377840989473,1,0,1438.294354680204,Benign
9.650253337293739,19,195.68488147140982,0,0,385.2761806354241,Benign
0.2652486106603942,4040,65.1558375817537,0,0,992388.1718924656,DDoS
3.1465306293370605,852,572.7446828527154,1,0,155084.60818426078,DoS
0.6130764959089332,1367,64.46885859018391,1,0,143748.66803876322,DDoS
1.033430708226762,696,434.7985876143423,1,0,292830.29289776,DoS
0.6352562239412829,41,190.64408046806665,0,0,12304.338005058582,Benign
0.5642182523786272,249,541.2906090470427,0,0,238881.6049188472,DoS
4.67671126354647,42,269.64323448756886,0,0,2421.576875346767,Benign
0.09175570563083409,1213,747.3759157112562,1,0,9880224.663141886,DoS
3.2142564870594605,2814,58.22090508348159,1,0,50970.92517803369,DDoS
0.4673079420904481,27,182.5610675355561,1,0,10547.96715290144,Benign
0.5709763195026281,38,156.52493837986543,0,0,10417.152962869084,Benign
2.5826821240402134,1331,488.1038863771383,0,0,251547.12874678784,DoS
0.1618607814902414,1013,69.51601442477009,1,0,435063.5278289306,DDoS
0.387143016105988,4,231.66982819919266,0,0,2393.635618479229,Benign
0.7646158957015439,16,227.82669107961917,1,0,4767.396385252191,Spoofing
1.8194877428070475,984,600.8886136766762,1,0,324967.50703340827,DoS
0.5773626701341344,18,258.81899776654365,0,0,8069.004459043836,Spoofing
0.11701945073192578,806,46.56644728648827,0,0,320737.76007452875,DDoS
0.1974103654390137,1637,77.69901922004931,1,0,644309.0978549187,DDoS
0.17961011451336786,65,127.57503005305892,0,0,46168.76380217246,Mirai
0.09585731458108494,4858,67.44478440847024,1,0,3418067.4066264876,DDoS
0.0246091414324013,1479,622.254415293299,1,0,37397252.67323099,DoS
1.1643802925436473,10,163.90607325712085,0,0,1407.6678754074392,Benign
2.5019273467516268,943,59.11593566852859,1,0,22281.35337654813,DDoS
1.2478844583316178,10,245.56948255574378,0,0,1967.8863769492127,Benign
4.801505276836454,1,237.89169590492997,0,0,49.545232627895516,Benign
4.517187712991243,47,166.1869244693295,0,0,1729.1257185516101,Benign
0.03263662294097446,33,212.00249142459708,1,0,214362.9330051884,Benign
2.1882177405171874,29,452.56827306759084,1,1,5997.794312671165,Spoofing
12.482429866670643,36,223.54387141830784,0,1,644.712564542176,Benign
0.6951601003036774,383,443.1841404996288,1,0,244173.28574699257,DoS
0.07094407512192383,66,140.568983592564,1,0,130772.76574773733,Mirai
0.6410950836205277,3474,55.817883030396466,0,0,302468.901418648,DDoS
3.885417092189777,25,275.38371673063864,0,0,1771.9057580986466,Benign
1.8017658560969407,936,425.9458983153907,1,0,221274.78965932585,DoS
0.6775106173941549,1014,557.4486807079984,1,0,834308.6406704437,DoS
6.6500514125410675,1104,432.89982546888615,1,0,71867.32517832228,DoS
0.029668237649997344,95,149.75583422874217,1,0,479529.8062381464,Mirai
0.8573169473427442,22,379.14288611152716,0,1,9729.357993338392,Spoofing
0.11122351396422685,1140,76.88130525829156,1,0,788005.0258315144,DDoS
2.287068614874614,14,193.486901184555,0,0,1184.4054869915994,Benign
2.856943506112838,1352,440.7685461883516,1,0,208586.22971423744,DoS
12.405652563442242,27,306.2758729316732,0,0,666.5871486296584,Benign
0.21376668524881157,35,146.2411048548704,1,0,23944.042842610903,Mirai
10.26917692053048,37,184.8341327316265,0,0,665.9601800605557,Benign
4.66893952464145,47,148.71379519539622,1,0,1497.0312503073988,Benign
0.27587188785284145,79,117.10192243379271,1,0,33533.86945031681,Mirai
1.0908480451518394,4677,65.00922763737188,1,0,278726.40833092993,DDoS
1.68134825142341,22,247.23446116587735,0,0,3234.997949440024,Benign
0.5053440276636602,2586,72.33497336084591,1,0,370160.18963549944,DDoS
0.3776699718508934,64,145.90470433327064,1,0,24725.029187695087,Mirai
1.8758613968708848,32,262.6767028889775,0,0,4480.957125333839,Benign
0.005537253895195343,70,122.03871601320985,1,0,1542770.1677788645,Mirai
4.094552533467898,36,218.95200030718388,0,0,1925.0631043638602,Benign
0.08045307367071106,22,136.12702192889802,1,0,37224.11519904443,Mirai
0.015778292273510807,83,124.36289605253617,1,1,654197.5641869474,Mirai
3.343920225655625,47,248.32857514209599,0,0,3490.3473300982087,Benign
0.18183702465831011,2430,49.24270249932661,1,0,658060.5203930073,DDoS
5.74108951613516,36,133.1279834087099,0,0,834.790572284943,Benign
0.1456394361965523,653,539.855335149157,1,0,2420536.243882718,DoS
0.1522549528771007,1308,81.1316111253822,1,0,696989.7881592034,DDoS
0.34029803017186333,1116,521.4562432691779,1,0,1710104.4258014022,DoS
0.14400661485696145,24,212.5936913765243,0,0,35430.65433559794,Benign
3.863302823392199,24,248.12609403146763,1,0,1541.4339825233717,Benign
8.189443589921103,26,166.60997984226816,0,1,528.956507036726,Benign
2.5297647546090745,46,188.95352113102047,0,0,3435.838038375271,Benign
0.8793907738293999,4333,67.70169634820337,1,0,333584.86239210283,DDoS
0.10332161240414871,63,136.52885432521884,0,1,83248.00225575472,Mirai
0.6237398675549857,487,587.4991185367977,0,0,458704.1579512285,DoS
0.16368907730581353,4553,59.299017266562785,1,0,1649397.9320944683,DDoS
1.2737769251662963,6,220.81799937043507,0,0,1040.1413073561832,Spoofing
0.16446080127212465,1134,320.36836351745046,1,0,2209023.192266096,DoS
0.2614987722348097,8,327.4488530745093,0,0,10017.602768107241,Spoofing
0.05230321379450616,3623,72.1168339475522,1,0,4995472.943947967,DDoS
9.823797858086953,8,250.17524312082077,0,0,203.72996002956347,Benign
13.502419605810118,3,68.57394298010212,0,0,15.235923260138044,Benign
1.7292105048004625,483,535.7746752592896,1,0,149651.6285506246,DoS
3.6102890305574813,17,162.05905774744792,0,0,763.0979011343038,Benign
9.824620703242763,5,289.6928944207805,0,0,147.43210103020212,Benign
0.7944876161410538,3328,56.312107179574085,1,0,235883.7178657172,DDoS
0.47950237251361183,2125,58.136920061453395,1,0,257644.0956547748,DDoS
0.1794500623395387,1285,492.03580238511444,1,0,3523353.504712398,DoS
2.080405833966669,29,190.6795824055472,0,0,2657.994800570946,Benign
0.7431467176612092,23,192.7830636740094,0,0,5966.534412554081,Benign
2.4189029797451638,959,448.01931718482354,1,0,177622.05792375776,DoS
0.5274952004689241,27,240.74496298172528,1,0,12322.603115115015,Spoofing
2.002961030679217,201,447.23360148543327,1,0,44880.53063523082,DoS
2.484099642317476,15,211.0750126009386,1,1,1274.5564368989342,Spoofing
0.09991198187701457,12,118.39706787235569,1,0,14220.164466531565,Mirai
0.6191428451292903,3205,53.60406032208377,0,0,277482.0296863848,DDoS
0.7482799711826662,47,157.74476262861964,1,0,9908.06132606649,Benign
1.500122272983579,1114,310.8147505727789,0,0,230812.93996750482,DoS
3.1567491203203257,1339,473.845284614656,0,0,200991.21340204627,DoS
1.0537658799749383,1302,688.8060241245826,1,0,851067.0732967133,DoS
0.629480122622014,2044,58.19643624678626,1,0,188971.04358585048,DDoS
0.28335727236241276,740,54.14395416472197,1,0,141399.3215979625,DDoS
4.979201742260113,8,142.68464660027786,0,0,229.24903064564205,Benign
0.05568642571049283,2116,57.30789279888915,0,0,2177613.2983087134,DDoS
3.9646706638311,14,256.1903380402549,0,0,904.6564107541128,Benign
0.1232586114806866,12,167.68830236474776,1,0,16325.509465050838,Mirai
1.6557093276121244,34,74.8695554696289,0,0,1537.4467266175363,Benign
0.36579521309493773,42,178.22629759809143,0,0,20463.64804991876,Benign
0.07342956698259324,4078,72.0219178268311,1,0,3999824.498045061,DDoS
0.4421760296356915,351,422.9045990527134,1,0,335702.3093038345,DoS
0.1003426975461771,3991,42.28875622443552,0,0,1681980.1561947565,DDoS
2.211767912223215,9,204.94217541947532,0,0,833.9390261436844,Benign
0.40521099249784226,2208,62.564615627379915,1,0,340915.4091642528,DDoS
0.25869896164030437,46,340.38253916394405,0,0,60524.389824617014,Benign
0.12441630658013808,16,251.1149828347946,1,1,32293.5138953733,Spoofing
0.17840509264241997,23,429.5451183704546,0,0,55376.99387495716,Spoofing
0.6631705878704653,887,52.02660147199418,1,0,69586.31210386651,DDoS
1.3522711227026887,26,249.11044395583184,0,0,4789.624975431527,Benign
1.5602860571528046,1478,698.5779549373067,1,0,661736.4890649811,DoS
4.603226618939747,27,267.0652937421143,0,0,1566.4583840753703,Benign
0.1703511378441514,3325,59.043884017727294,1,0,1152448.5063231615,DDoS
4.833077100173588,28,179.03733682785364,0,0,1037.2368011674903,Benign
0.5938614007037876,11,156.09124889865058,0,1,2891.253305654027,Spoofing
3.223626215244747,35,93.1708557497908,0,0,1011.5874898340518,Benign
0.11303406899053799,804,72.34817158667587,1,0,514605.29091062455,DDoS
0.0883224204507147,1052,476.43937566361177,1,0,5674824.36102173,DoS
0.07543446891367708,554,68.30758005142529,1,0,501659.25330228417,DDoS
2.0785789174403146,40,178.6476384834076,1,0,3437.8803130247256,Benign
1.510591215872868,14,264.1901227578969,0,0,2448.486181930663,Spoofing
0.6063628490134083,2755,68.25579115578961,1,0,310119.10597781726,DDoS
0.647841239315256,1346,567.509869281143,0,0,1179097.9605741042,DoS
5.821875633694464,31,264.1719341671346,0,0,1406.6480417041068,Benign
0.5878403482545678,623,61.52779112731586,1,0,65207.86466280119,DDoS
0.3793755943351767,2352,61.280725703393,1,0,379919.7128296031,DDoS
2.7914316620718838,10,100.49416313755324,0,0,360.00939769725005,Benign
5.305491454674643,2,155.72898219525115,1,0,58.70482820513794,Benign
0.012615219493567696,81,111.72497955190201,1,0,717365.5082512338,Mirai
3.0979439768113255,42,270.399914380633,0,0,3665.91406719885,Benign
0.6611389646359832,15,312.4684718780767,0,1,7089.3221075720185,Benign
0.7841944404600852,3923,71.84275740235563,1,0,359399.5605529755,DDoS
0.45800557021951677,82,112.12548821419315,1,1,20074.624920297632,Mirai
4.609587384616731,6,222.14486475047875,0,0,289.1515177586107,Benign
0.9882131555669644,4078,68.92153577298973,1,0,284414.3708256943,DDoS
15.161422003308454,31,167.1639688554713,1,0,341.79399751479775,Benign
6.6695212297549675,36,198.25556665772038,0,0,1070.121850401569,Benign
5.149986670213717,19,273.9678960662248,0,0,1010.7579608632764,Benign
0.05774290407688666,46,126.22652432674299,0,0,100556.42700787493,Mirai
1.9684911632360114,46,202.44866365990114,0,0,4730.851071257218,Benign
2.8952471777182276,20,245.16440605490968,0,0,1693.564597466432,Benign
0.21232522615549204,1877,65.85961253560798,1,0,582212.9332800367,DDoS
0.21920278023212125,37,135.19363388158726,1,1,22819.80387439323,Mirai
2.160508491458824,42,206.9954390288732,0,0,4023.9640221651803,Benign
0.020336590656165086,2612,55.95063632829227,0,0,7186212.50534911,DDoS
2.304627564928924,18,110.00117147904726,0,0,859.1501363405395,Benign
0.21741155980086777,3735,81.1676274918435,1,0,1394411.083567533,DDoS
0.23413538752743632,913,57.42956302727089,1,0,223943.89672408713,DDoS
0.20944620793335064,1894,71.86082724690752,1,0,649829.8925944441,DDoS
1.2243255193669462,13,122.66337560565206,0,0,1302.4509067637487,Benign
4.056495035306021,3,152.59289114560386,0,1,112.85079100368647,Benign
0.3865768321738573,29,224.52518642053062,0,0,16843.30219578978,Benign
42.80262222426876,11,178.4662435752482,0,0,45.86468251972308,Benign
0.3710253847015876,25,257.147986845914,0,0,17326.8459146492,Benign
0.035114508301946935,77,152.78733699747562,0,0,335036.01553074655,Mirai
0.6686468012340316,6,484.0749082988467,1,0,4343.772294180915,Spoofing
1.06997292623424,10,250.5491703402528,1,1,2341.640280769144,Spoofing
0.013194620166112048,36,133.18201356029113,1,1,363371.7702980496,Mirai
3.5305679743903076,307,513.8655158566028,1,0,44683.09759571192,DoS
0.2729703457390996,1036,498.55630736322865,1,0,1892162.802629011,DoS
5.685756721715474,38,173.5750527793398,0,0,1160.0658150609108,Benign
2.0102518536458245,1118,660.6465448284584,1,0,367418.06046773435,DoS
0.40874858853157997,1962,79.91673795556835,1,0,383601.66681459005,DDoS
0.5442818310641466,1232,60.63511630025661,1,0,137249.59941408012,DDoS
0.0906651270881693,82,143.1704508152946,1,0,129487.23885245711,Mirai
0.8642537772965498,25,222.26640810877888,0,0,6429.431202604771,Benign
4.455002730553822,21,198.02150805781017,0,0,933.4341459981679,Benign
0.12545480142776952,20,323.3934837948091,0,0,51555.37773195593,Spoofing
1.4683836894416915,3,180.84439001168337,0,0,369.4764344878633,Benign
0.18914751260696122,1762,63.2755071465434,1,0,589441.764554858,DDoS
0.9684733026612439,22,201.77723901425412,0,1,4583.605191919591,Spoofing
1.2067473538476305,1151,444.4900922095257,1,0,423956.26102011907,DoS
1.0992980053624057,2047,66.0298357829266,1,0,122953.98807995793,DDoS
10.974207334204282,2,210.89274014457985,0,0,38.43425474335113,Benign
5.183681840890265,22,231.88979920246214,0,0,984.1606292677105,Benign
0.001,50,118.17274769805552,1,0,5908637.384902776,Mirai
0.6672888175641497,1801,69.54745808242781,1,0,187707.2846262872,DDoS
0.034854813550130516,2609,71.40024252780098,0,0,5344548.249759185,DDoS
2.4514369101498774,42,229.97222624134477,0,0,3940.070193993266,Benign
5.661934881443012,48,224.75028728770755,0,0,1905.3581532997969,Benign
1.1083303749590652,15,339.52013338424143,1,0,4595.021589074213,Spoofing
8.872012115968547,20,157.50166916628496,0,0,355.05287212762266,Benign
2.1298309081824685,1171,425.37242861168625,1,0,233873.54929944046,DoS
7.766163305450035,15,276.572803314437,1,0,534.1881037712935,Benign
1.5027848803518766,473,547.224346103274,1,0,172238.30176295224,DoS
1.099431009606047,13,432.56013175546246,0,1,5114.719944852175,Spoofing
0.22946290697729643,4496,59.55136153537514,1,0,1166824.4117971438,DDoS
1.447005555630512,1,178.86581960272494,0,0,123.61101096449262,Benign
0.16447373919749222,993,49.19950740264302,1,0,297038.9746667195,DDoS
0.35824217685293397,31,114.95154687964796,1,0,9947.175914833664,Mirai
0.08962922063187746,1125,55.150323727071864,1,0,692230.879121237,DDoS
0.04722058501939275,79,142.2068496270497,1,0,237911.9427665532,Mirai
1.157240021277611,271,553.6872162639845,1,0,129661.29139042659,DoS
0.014399424387813995,31,78.92888856699149,1,0,169923.14968141506,Mirai
0.2588598593565003,1031,475.57005947359846,1,0,1894124.2282065223,DoS
10.498309863765364,6,183.63624230304018,0,0,104.95188921991478,Benign
12.121753767254821,16,300.389085890651,0,1,396.4958756408453,Benign
0.5262107162177997,45,201.3555476569456,0,0,17219.336979089923,Benign
2.3711755269613706,20,314.26283402348867,1,1,2650.6922870126973,Spoofing
0.03871026437956949,97,135.08153607562738,0,0,338486.68329558894,Mirai
0.3301816755619448,1099,568.9913766554886,1,0,1893871.0692534072,DoS
8.086398333267548,8,228.2598602918765,1,0,225.82104010663187,Benign
0.6637514548706527,43,207.8416083268095,1,0,13464.66225041183,Benign
0.1751587118227212,98,110.87619790815762,1,1,62034.41028954833,Mirai
1.0408693082337444,3670,69.72780988014166,1,0,245853.2115759658,DDoS
1.6958624179233799,24,101.44917479318214,0,0,1435.717997700434,Benign
0.005942938310759625,327,569.0769989585286,1,0,31312487.010428537,DoS
2.5456387012758066,21,218.9431041371168,0,0,1806.1499397283499,Benign
1.8837842520169732,30,229.7177759913138,0,0,3658.3453080471554,Benign
0.08494308328121278,2313,56.6010353368041,0,0,1541246.0871076435,DDoS
12.270770638410122,23,117.92175024897399,0,0,221.02933349896037,Benign
3.1446116271489055,23,272.96507460455507,1,1,1996.4935134444434,Spoofing
9.61455779422819,10,271.3856629197609,1,0,282.265361265683,Benign
12.672524231640045,33,156.43131889104683,0,0,407.3563742348798,Benign
0.5800020674310304,13,236.36561891898907,0,0,5297.83119490733,Benign
0.12858836185341047,45,125.05483529384631,1,0,43763.42856469658,Mirai
0.2060258105896105,1300,77.28746838884905,1,0,487675.3481418918,DDoS
0.5635104120776732,3870,86.77128758759234,1,0,595916.0217215217,DDoS
3.887233151087994,22,274.7489506777058,0,0,1554.9561037309393,Benign
5.606803447694308,47,102.33376345724065,0,0,857.8304781609927,Benign
0.3869070858376448,2706,50.774620683827926,0,0,355114.00178412074,DDoS
0.069746251564244,45,111.7811838931059,1,1,72120.76867753157,Mirai
0.1581975648962955,19,144.3752435731229,1,0,17339.89792881806,Mirai
4.903589085807931,14,202.045463275481,0,0,576.850228752534,Benign
0.8530152470167076,2920,64.96367300629171,1,0,222380.4625319392,DDoS
3.3029447984767497,27,125.90534872639842,1,0,1029.21623672927,Spoofing
1.1533597573836472,42,262.94737986459893,1,0,9575.321042382799,Benign
0.017116201859010107,37,140.1839043035107,1,1,303034.77967569773,Mirai
0.7068569006163916,1,242.8303108386056,0,0,343.5353189971737,Benign
3.9401100105485387,5,295.339340668973,0,0,374.785653037967,Spoofing
0.05918949157333116,35,149.8193268770438,1,0,88591.34115386051,Mirai
1.4409018523207977,26,258.10197237723753,1,1,4657.257724389501,Spoofing
0.001,633,443.5223534718157,1,0,280749649.7476593,DoS
1.7884578143862866,12,208.72712227434758,0,0,1400.4945753510397,Benign
0.1759829557831707,9,284.9197331547051,1,0,14571.170185093395,Spoofing
6.538843677897873,31,188.59331362931817,0,0,894.1019254322317,Benign
1.313795752543291,32,191.56022942050012,0,0,4665.81455267265,Benign
2.628736749959671,395,478.13193847794855,1,0,71845.19929646325,DoS
0.09801054465271976,72,137.9337123860896,1,0,101328.15124115182,Mirai
1.182255679677009,23,246.62409612047102,0,0,4797.908192177613,Spoofing
0.2786348245773026,41,221.92438083159024,0,0,32655.285023681103,Benign
0.15125647943638867,46,139.49443625634774,1,1,42422.93680047323,Mirai
2.3649486604125514,298,432.5506294001946,0,0,54504.391456333826,DoS
2.781166665102423,31,179.8476213098166,0,0,2004.6537773380767,Benign
3.048026537335016,39,255.4864237717268,0,0,3268.9907404182745,Benign
1.4001045358477995,35,215.61804363125265,0,0,5390.048624136599,Benign
4.443409059899585,14,177.9970613480039,1,1,560.8213930518407,Benign
1.3294601267275346,23,289.5685158236931,0,1,5009.609336940938,Spoofing
5.226830988714261,1364,502.91290832089146,0,0,131240.74767882196,DoS
0.8435380000969595,209,444.98444574560506,0,0,110251.99712418586,DoS
0.15280685740891195,8,184.58536895418752,0,1,9663.72175092829,Spoofing
4.277026282697102,17,184.11915433123352,0,0,731.8228640056822,Benign
0.17296198178296698,30,98.50407946436464,1,0,17085.38693571997,Mirai
0.09519150501703569,2324,55.344371736035875,1,0,1351174.3499751284,DDoS
0.04114028355284872,43,106.61582149861138,1,1,111435.31178026705,Mirai
2.5664598351998498,31,223.47401089961514,0,0,2699.319211184387,Benign
1.7042148454178114,13,260.52804300707476,0,0,1987.3460017076873,Spoofing
1.5044516490084636,28,250.84219057955778,0,0,4668.5324455967975,Benign
0.7182053409557999,14,223.1779160414782,0,0,4350.414354232689,Benign
0.059341727196392316,21,121.48733857147235,1,0,42992.245600765425,Mirai
8.926366737196313,17,127.20519392300068,0,0,242.2585090168756,Benign
0.6163513458830705,1381,492.5345928028576,1,0,1103575.5453510226,DoS
0.22108201433150138,4077,59.13703389495453,1,0,1090553.150235956,DDoS
0.2526701266340215,721,569.2651316950338,1,0,1624411.1063696062,DoS
8.731482889907893,21,230.80806152573973,0,0,555.1141029713069,Benign
3.5588889482507002,36,251.79730701574275,0,0,2547.0598224264095,Benign
3.6420137073341263,36,263.83285363768607,0,0,2607.893186077274,Benign
0.7084361177754109,4860,90.7096032577636,1,0,622284.2974424539,DDoS
6.327618146282604,40,273.40531340330995,0,0,1728.3300419380214,Benign
0.5345526850869988,10,254.77181413395147,0,0,4766.074911633587,Benign
0.006254547898790117,16,177.12815609007646,0,0,453118.3617587202,Benign
7.6760020047940145,26,287.71946801364186,0,0,974.5576100270225,Benign
1.1525015556784333,4977,54.61412126916815,1,0,235847.38798607799,DDoS
0.09810911231130384,53,80.00302573088626,1,1,43218.82304146006,Mirai
16.162373304345213,37,207.6720476546,0,0,475.4169216691964,Benign
0.11464333787107409,1919,37.6568175199107,0,0,630332.5964041176,DDoS
1.2139058642612475,623,676.0161075155311,1,0,346944.5591965091,DoS
1.1001517533487,2370,78.45067328873769,1,0,169002.22640046754,DDoS
0.7156049956460109,384,464.97566650921357,1,0,249510.07472823997,DoS
0.06279299225907127,4037,76.99224424346295,1,0,4949878.62225913,DDoS
0.4526959339783425,3522,49.99682702764338,1,0,388978.14531681716,DDoS
0.10718086224445952,47,235.32338744489886,0,0,103191.92231057069,Benign
0.11753098605065544,712,392.91697397852454,0,0,2380281.9568971815,DoS
0.6807271451879191,753,560.9142924210578,0,0,620466.6071843792,DoS
5.954564441919308,14,237.7184362966105,0,0,558.9087397767466,Benign
0.5538702364002591,44,178.47453552038206,0,0,14178.193820152957,Benign
3.2867388055564377,11,224.00602849629968,0,0,749.6994617563277,Spoofing
0.7379104751423354,707,53.148336788961075,1,0,50921.99579162699,DDoS
0.03444377658856684,4802,52.46179113356402,1,0,7313992.424018812,DDoS
0.399074691536225,10,319.1395883040108,1,1,7996.988911411379,Spoofing
4.859238507621325,331,355.42000977536577,0,0,24210.382563261894,DoS
0.18433815088491126,3474,57.30771610302453,1,0,1080009.7797780568,DDoS
0.02460033058140805,89,143.48707390040425,1,0,519112.9255306553,Mirai
0.006208185087927438,18,111.79317427381453,1,0,324132.91621117684,Mirai
0.10205808597279546,2053,60.77771827218584,1,0,1222604.3083549293,DDoS
0.32311557095955107,4911,66.78445337419006,0,0,1015049.9697264824,DDoS
1.4809474702671892,21,259.96244992068785,0,0,3686.296481096326,Benign
2.1827891658309286,6,315.96751384665515,1,0,868.5241400115935,Spoofing
0.6569749798336272,217,510.5704338716443,1,0,168642.31903961443,DoS
0.136835386670577,23,161.2165600432687,0,0,27098.113808249924,Benign
0.19605768079048655,89,92.45573084838395,1,1,41970.097842274656,Mirai
0.5849520388615976,4243,64.25659849098722,1,0,466090.7720363837,DDoS
13.422346999564832,20,207.17087764763477,0,0,308.6954578872853,Benign
0.5319698090917035,789,48.22066930431722,0,0,71519.2994618755,DDoS
0.528137240838817,1109,68.0139339611614,1,0,142817.90211031117,DDoS
0.06909869360824883,19,122.11714860849447,1,0,33578.43256365721,Mirai
0.8439432684113757,46,207.6342702402002,0,0,11317.320474666714,Benign
0.010208524248247513,70,141.47771892518293,1,0,970114.7868128852,Mirai
0.44798245853919305,2053,72.52632226707152,1,0,332371.36136943445,DDoS
12.852890938903984,13,117.05155210536769,0,0,118.39127746458095,Benign
0.6728141631246302,8,246.02604362532242,1,0,2925.337272720274,Spoofing
0.09486880603812162,645,64.04605214708357,1,0,435440.32395927084,DDoS
3.049474872354618,40,171.43189120441104,0,0,2248.6742587525155,Benign
0.5023497576638493,3598,79.80814906293233,1,0,571613.1359628896,DDoS
0.03352653957763485,17,125.63439793923074,1,0,63704.30088739843,Mirai
3.413818644970557,42,223.10042260066191,0,0,2744.7907237347154,Benign
2.3895852737470897,2,208.05219203818322,0,0,174.13246919783552,Benign
22.814535692559467,36,198.14128825075827,1,0,312.6553383838366,Benign
3.6116249453327725,42,161.90732279947872,0,0,1882.8387943121677,Benign
0.13794491104346135,10,119.00436787947679,1,0,8626.948756520847,Mirai
0.1626006360222647,4636,62.265377107656484,1,0,1775283.8816175929,DDoS
1.6618682546943377,26,285.29854891388914,0,0,4463.508013230233,Benign
1.2373019748105079,39,218.45173545157434,1,0,6885.641384283876,Benign
1.37571773024364,24,249.8083177199322,0,0,4358.015814927809,Benign
0.966824683090738,28,410.3788168869257,0,0,11884.891929011197,Spoofing
2.279541162091989,31,226.691884987402,0,0,3082.834629825331,Benign
0.7961822237849216,8,283.79379367786623,0,0,2851.5461430802247,Spoofing
0.3581748386670328,2609,65.3670474222166,0,0,476143.5151593752,DDoS
2.4616182140253184,20,163.77555693083954,0,0,1330.6332882793258,Benign
0.014670617055345928,67,151.80219291239482,1,0,693273.288148726,Mirai
0.09588798266748906,2303,81.04227494492962,1,0,1946441.6082814676,DDoS
2.3249748049606302,1065,592.7013444849836,1,0,271498.39668357023,DoS
0.5430262375441727,9,100.25615063047303,1,1,1661.6238650915259,Spoofing
1.9821029243739545,1,141.24334619570146,0,0,71.25933999633901,Benign
3.4031363817862585,42,240.32386149615627,0,0,2965.970519682956,Benign
0.07538191796202269,1146,289.69504831300264,1,0,4404113.537333415,DoS
1.4198490978703466,20,244.46473927178553,0,0,3443.5312828449437,Benign
0.3125919636527446,5,223.86056228276985,0,0,3580.7152504319397,Benign
9.267080577714713,12,232.35033249556534,0,0,300.87188371403613,Benign
0.5176692900113217,41,168.6729442794691,0,0,13359.090154463262,Benign
0.06425234764214696,85,133.13815317611832,1,0,176129.6424995797,Mirai
8.286029726114265,46,214.69411277452957,0,0,1191.877112931826,Benign
0.08126173577020522,582,65.60364362472808,1,0,469856.07958907273,DDoS
0.11884698441838135,350,541.5685405821847,1,0,1594899.4426016605,DoS
0.9490144783698482,1279,41.39399703072421,1,0,55787.265009104995,DDoS
2.820549039358058,13,190.18975515884475,0,0,876.5906150058295,Benign
0.14997174267334257,78,118.06089036861025,1,0,61403.23026591363,Mirai
0.1797766164260663,12,186.06432132827976,1,0,12419.701184317213,Benign
0.15283652009041593,18,120.32946767307628,1,0,14171.550208248913,Mirai
0.16328270977940212,22,136.58810160180622,1,1,18403.2849485378,Mirai
0.35410199018024113,4677,52.35044339517049,1,0,691447.7482450326,DDoS
0.33579322800226813,2109,73.9690433139686,1,0,464573.7297242518,DDoS
0.46933430093078743,3363,61.74036542300715,1,0,442398.6239782474,DDoS
2.406662481566278,33,115.66672156485815,0,0,1586.014591109668,Benign
0.00953832464831355,50,154.7801199584235,1,0,811359.0471351269,Mirai
0.06709130217097058,32,122.71663787488177,1,0,58531.169986671426,Mirai
0.8509360677135068,2,235.57074846023193,0,0,553.6743767207289,Benign
0.01363623606092349,429,500.49813039395883,0,0,15745818.492707087,DoS
4.272447052294942,24,281.9505302777083,1,0,1583.8260003784505,Spoofing
0.749650634950387,16,345.6001553034323,0,1,7376.239313424812,Spoofing
0.061424878295304214,3773,60.32931649249677,1,0,3705705.5291486275,DDoS
0.15091711955262163,971,43.152799348917306,1,0,277644.89735830517,DDoS
2.4897149531409974,19,176.88265205093575,0,0,1349.8615111452286,Benign
1.762807041711049,22,310.3416101462529,0,0,3873.0928919994053,Spoofing
6.981246582607861,36,113.43420320944936,0,1,584.9429993940605,Benign
0.16734462013585455,4352,50.42716180288443,1,0,1311419.5603539017,DDoS
2.5466400389744326,31,241.21220273766275,0,0,2936.252540770886,Benign
3.6389046329686776,29,188.46171474416948,0,0,1501.9326634900463,Benign
2.1752106990244275,2519,63.87529593029934,1,0,73970.70569788381,DDoS
1.1670369452215743,21,255.87380443553337,0,0,4604.267170073193,Spoofing
2.8174822459264526,31,244.19617506145713,0,0,2686.8248905028877,Benign
0.5531963353235948,4489,63.99321403329659,1,0,519283.1540133596,DDoS
0.828282139955865,31,245.98036908145752,0,0,9206.272927642147,Benign
2.370679563435556,40,200.4459935923631,0,0,3382.0849799182397,Benign
0.47463513659933343,2363,64.99297780218912,1,0,323571.5072569884,DDoS
0.5475995084114075,4113,80.04287842666204,1,0,601199.1499479638,DDoS
3.462093098353253,15,241.0274316700161,1,0,1044.2848797942247,Benign
3.656112448084718,27,214.14714434293495,0,0,1581.4537926173944,Benign
7.370463608643696,30,235.88475850933182,0,0,960.1217957281484,Benign
7.085658939570285,17,195.54260060898295,0,0,469.14821030806064,Benign
1.800008006245117,10,335.94738479615995,1,0,1866.3660585430316,Spoofing
1.385290195172496,15,398.30504922827004,0,0,4312.8694328772735,Spoofing
1.6222501978461945,32,182.2624090185575,0,0,3595.251272792145,Benign
0.39811044415841934,1329,54.682914058003774,1,0,182546.31057648954,DDoS
0.12658717154293103,7,189.7647858752928,1,0,10493.587027312235,Spoofing
1.8048974099726698,16,134.94079337357175,0,0,1196.219065996577,Benign
0.001,72,61.835410274817605,1,0,4452149.539786868,Mirai
0.47374203865466186,6,250.67964488036705,0,0,3174.8879064089397,Spoofing
1.2421145188348373,20,266.63905984723533,0,0,4293.30880211199,Benign
3.493587350413449,47,42.05712946266715,0,0,565.8038246879457,Benign
0.8767402729213283,11,348.1820062641663,0,0,4368.456870521224,Spoofing
0.33188138605195905,4520,77.1543168607908,1,0,1050789.609984865,DDoS
10.376439159686033,28,230.71084577419145,1,0,622.5549615107869,Benign
8.31770583993445,36,211.71177054052802,0,0,916.3132101722744,Benign
0.2140590127054393,643,86.38832894884811,1,0,259497.11162382583,DDoS
1.932182124843769,1383,445.23453977127525,1,0,318685.9875093101,DoS
0.5729234633632182,611,697.3945901422353,1,0,743743.4872636113,DoS
0.4373269340805884,17,324.2777165364673,0,0,12605.492027856872,Spoofing
0.7674904249224511,12,232.60513092835993,0,0,3636.86826636613,Benign
0.6587100908427507,1523,68.0680618763089,1,0,157379.7937496092,DDoS
0.2745611743921674,3784,75.890440542288,1,0,1045921.469587836,DDoS
0.9966072845776925,728,73.55756486261622,1,0,53732.205301585884,DDoS
1.2476967023825623,32,288.5464095117097,0,0,7400.4243873873675,Benign
0.5084878096974179,18,195.16297225074163,0,1,6908.589416536386,Spoofing
0.13608961636776487,39,156.24421243385854,1,1,44775.82087125229,Mirai
0.17802893103619555,4959,52.97511836004101,1,0,1475623.149666794,DDoS
2.221686385402277,622,274.869070759686,1,0,76954.40865816339,DoS
6.608549244860583,34,147.49536918100696,0,0,758.8416710451602,Benign
1.516047351410648,3650,65.46917829447014,0,0,157622.05616629767,DDoS
2.0898996166309347,669,473.6619651329183,0,0,151624.43791666653,DoS
0.304596761575909,4336,71.26661502119101,1,0,1014495.4960556102,DDoS
0.5098411081374558,14,224.97627005156576,1,0,6177.743870493774,Spoofing
1.5395038455331669,1375,361.1408769223729,1,0,322551.1304885953,DoS
1.8895810644884714,27,191.37867190810272,0,0,2734.5871731190286,Benign
0.06228315551433539,85,127.62601591527998,1,0,174175.68623834293,Mirai
0.2801234044495917,27,151.08255486107993,0,0,14562.256906966932,Benign
2.4721180969685426,2,194.0382291311236,0,0,156.9813589157126,Benign
1.0978293060458706,3,231.8285538835089,1,0,633.5098341977284,Benign
0.31823534847398816,1169,59.10916506204453,1,0,217130.54281642137,DDoS
0.11132039976049779,47,120.29342448693548,1,1,50788.45353636813,Mirai
0.3093813023393058,3164,66.01519671148743,1,0,675128.3313368153,DDoS
0.035424105547815936,11,126.78261655567539,0,1,39368.92013349405,Mirai
0.03952065346355862,4065,63.495465107826824,1,0,6530991.849649308,DDoS
5.8999004382197135,33,129.2873441985679,0,0,723.1448061249225,Benign
0.12735410186194218,67,119.72444543962966,1,0,62986.097245229765,Mirai
0.5028919611078799,32,168.7230819867665,0,0,10736.1800170401,Benign
27.278196716576105,23,149.70843628549167,0,0,126.22879988521845,Benign
0.06008506330215112,2895,69.12194924926752,1,0,3330412.453263827,DDoS
6.971718141452388,27,141.31501786112534,0,0,547.283381920474,Benign
5.044081507901198,4,239.12975633426126,1,0,189.6319525841772,Benign
1.201839734833501,1375,436.75385925745405,1,0,499681.06318451493,DoS
0.5270009352682716,3956,46.320135624002205,1,0,347708.0290858925,DDoS
0.741734771635869,1509,74.31619262978091,1,0,151190.34318832296,DDoS
1.6639879340859423,17,196.57222882438634,0,1,2008.2644961306391,Spoofing
0.32530545866128213,1152,50.93516943376092,1,0,180376.05464465683,DDoS
0.1303187679744481,42,114.04579706214955,1,1,36755.43861456281,Mirai
0.659538389988053,3,312.5761195669569,0,0,1421.7949598322195,Benign
0.11799208709686046,757,46.71553428492547,1,0,299712.12751460465,DDoS
0.010388634281438994,72,153.05968559857735,1,1,1060803.2841031996,Mirai
0.005924832379061899,2241,78.13748342089085,1,0,29554608.323609922,DDoS
0.22012998695834443,243,544.4372964417797,1,0,601000.6399554617,DoS
1.610721527501152,7,297.1278794517696,0,0,1291.28165275664,Benign
0.3911499577489095,49,161.75143953937788,0,0,20262.86947093915,Benign
0.44639885073945534,3811,66.41469797135154,1,0,566996.1146843287,DDoS
8.746005111515524,34,208.20017468197787,0,0,809.3759206551182,Benign
0.2285319011913175,87,118.47317468638971,1,0,45101.65164681832,Mirai
3.7482679038474505,11,225.52413799138446,0,0,661.8431717110776,Benign
1.9159901333556189,21,363.6787406811893,0,1,3986.061003836838,Spoofing
0.13244792090420002,14,342.84433110490454,1,0,36239.30525070596,Spoofing
4.899469240107178,28,236.28541834987084,0,0,1350.348658103149,Benign
10.99134368460508,37,166.4051877379248,0,0,560.1673574202714,Benign
0.08919366779596187,80,113.45498888535397,1,0,101760.57712517613,Mirai
1.9932847636031412,19,309.94278578576024,0,1,2954.376132030634,Spoofing
0.18269353168569716,2643,72.45590745056795,1,0,1048208.776878352,DDoS
5.214464730605655,3,179.69188682582183,0,0,103.38082398245551,Benign
0.47992705249434076,1389,60.83478985996315,1,0,176067.43082374008,DDoS
2.0538290889587936,218,488.0754232897381,1,0,51805.88922864246,DoS
5.204050600606349,38,218.51826180155427,0,0,1595.621293054214,Benign
1.3333242986843794,1063,397.12757687550265,0,0,316612.1060234189,DoS
0.4326309525326338,19,189.73455301547742,1,0,8332.636595210199,Benign
8.117236182906085,48,278.56621902266903,0,0,1647.2575408420657,Benign
3.3318783697703895,26,200.49771745215978,0,0,1564.5651116956574,Benign
3.6412218733467867,13,210.24321540428437,0,0,750.6166598256599,Benign
4.114387069327235,19,223.8557363908766,0,0,1033.7527606808583,Benign
1.5650615643823753,3970,79.55375087288903,1,0,201799.3401365049,DDoS
0.3336857492600277,1,180.95346834792758,0,0,542.2870732394326,Benign
8.207352108855929,1,127.78572292230615,1,0,15.569665006137887,Benign
0.8361033037367873,26,168.64478657443445,1,0,5244.28552230151,Benign
0.4670857971905172,25,397.0223456163636,0,0,21249.968849642853,Spoofing
0.07872747560424456,756,78.32695533622052,1,0,752153.9053513122,DDoS
0.10519004262535021,3396,59.57124039830727,1,0,1923223.2190758458,DDoS
0.228177868406298,2740,57.92133979070745,1,0,695529.6415686823,DDoS
0.7018133677855941,14,492.28108502615555,1,1,9820.18226884456,Spoofing
2.7798109132039492,12,158.01713108842193,1,0,682.134732277721,Benign
0.021774706778194958,427,612.3333786110817,0,0,12007801.314172573,DoS
3.9405605710503298,1279,526.7806261473849,1,0,170978.82615795473,DoS
0.15078692465464602,1123,457.9640374537258,1,0,3410730.8391522905,DoS
6.232153203986095,23,205.07884838708947,0,1,756.8513415052404,Benign
0.7017956840439121,430,402.5200550606604,1,0,246629.64964209433,DoS
3.5071561490908203,5,184.06934144305953,0,0,262.4196551539013,Benign
0.4079779154899025,3886,52.753028113431995,1,0,502473.9317142535,DDoS
2.8676238524826076,1483,413.9407478107231,1,0,214070.65939692507,DoS
2.3394736014162727,28,225.22198187363355,0,0,2695.5702721518537,Benign
0.11198713585015155,89,101.0467323819934,1,1,80305.28786834083,Mirai
10.054335688785958,47,248.81135429982854,0,0,1163.0936159347575,Benign
0.011906060989492801,45,141.41411530798354,1,0,534487.0309731506,Mirai
0.012197961182081862,2113,50.214184496867304,1,0,8698385.759559514,DDoS
0.2202847236404695,10,210.04632599603318,0,0,9535.219806655927,Benign
1.9626019179045817,19,190.28645976820172,0,0,1842.1681455686876,Benign
0.9364068320766359,28,165.53765791525737,1,1,4949.829777884269,Spoofing
9.496752335223354,28,232.54094983714742,0,0,685.618237225199,Benign
3.4908010744144797,20,196.76167715201467,0,0,1127.3153236611627,Benign
9.348417599390634,44,214.75417561234832,0,0,1010.7789501786119,Benign
0.9772781254949447,288,577.330587312418,0,0,170137.0416551255,DoS
0.3616277418795076,706,61.12694486443124,0,0,119337.14722768054,DDoS
2.7747310979830826,15,190.521613167425,0,0,1029.9463611406134,Benign
7.386708212994798,38,152.05980728146193,0,0,782.2527315388385,Benign
2.6989528439454373,45,237.0336957167862,0,0,3952.0943580706057,Benign
2.3814966766549643,37,195.4022266831254,0,0,3035.856593102909,Benign
1.4069264241683592,1566,50.868544376312855,1,0,56619.976087515315,DDoS
2.087781094208086,950,720.6012461671015,1,0,327894.1387858531,DoS
7.294524136025492,28,147.3413702756122,0,0,565.5692257349909,Benign
8.994175725838607,39,220.26452725672004,0,0,955.0977015418642,Benign
12.017235221708313,45,257.23247221095323,0,1,963.2383019833561,Benign
0.15759344725305874,29,369.64121274455744,0,0,68020.56403004477,Spoofing
3.2319222362306768,26,283.71438564656125,1,0,2282.41074123545,Spoofing
0.016593569495938154,26,130.43893946943243,1,0,204381.12649815387,Mirai
6.559248054559832,22,205.9272945795868,0,0,690.6890001821907,Benign
4.260375389633999,16,237.4946677127948,0,0,891.9201562966406,Benign
3.3367427145080315,39,142.87527375691977,0,0,1669.9326718516338,Benign
1.7541294690588813,26,251.28458946846203,0,0,3724.582159653977,Benign
0.5081998635261304,2920,75.782420172259,1,0,435428.4264612328,DDoS
0.17864559912142353,71,159.2471766816586,1,0,63290.38946385026,Mirai
0.019001550479113043,21,117.89354435162964,1,0,130292.7586938572,Mirai
0.26502732536266643,17,139.06615250334062,1,0,8920.305064097429,Mirai
0.8200812932673525,17,161.21109133482867,0,0,3341.849857070981,Benign
0.4653758284760485,1107,483.22465324549546,0,0,1149457.4028360709,DoS
3.2720018701966924,15,265.7848377433914,0,0,1218.450576836379,Benign
13.451515440514479,42,150.91289833666,0,0,471.1990822275187,Benign
0.16140791198474927,707,486.5129792509566,1,0,2131027.35857785,DoS
0.7602412539889243,11,113.2619495819587,0,0,1638.797472334613,Benign
0.16229346270389242,2330,67.34260832876548,1,0,966818.2241715167,DDoS
0.8579523081850873,48,198.55995901500592,0,0,11108.86694026374,Benign
1.1426518006271396,944,584.0349948351824,1,0,482499.59858446603,DoS
0.06902706228567375,30,146.60097150590286,1,0,63714.563528366714,Mirai
1.5108150437822088,1,242.03006790084333,0,0,160.1983438654011,Benign
0.0032177810202317306,41,163.00131893752646,0,0,2076913.883952644,Mirai
2.2896792343092387,5,202.55471603286125,0,0,442.32116227836804,Benign
0.11390506150943376,4054,46.95051577244358,0,0,1671017.8495950534,DDoS
1.1837165017392037,393,341.8298826275101,0,0,113489.28875725773,DoS
1.693919703810315,946,598.8824771722487,1,0,334456.7172402339,DoS
0.2851852308796535,6,121.9441220904024,1,1,2565.5772225146284,Spoofing
1.627583813436218,12,226.29569006439007,0,0,1668.453727761958,Benign
3.081998622866509,1268,483.23450648825,1,0,198812.98767654927,DoS
7.518900339556727,698,488.64282578983676,0,0,45362.04458076563,DoS
0.3492132624458474,10,213.63738369760355,0,1,6117.6766942158265,Spoofing
1.0773958062412607,5,257.50438584004553,0,0,1195.0315025747495,Benign
0.004172431967917325,14,77.57548901790005,1,0,260293.48221888623,Mirai
0.17650171422035893,3185,77.89608553768826,1,0,1405646.5883826509,DDoS
12.597010900471012,45,153.206639912677,0,0,547.2964063095858,Benign
1.504171198128012,2008,45.29528803900308,1,0,60467.145292711335,DDoS
7.9354628866452135,11,158.43508479571193,0,0,219.61994626498836,Benign
0.08583451843932768,644,60.155482422037835,1,0,451335.09669744247,DDoS
0.23580694107789046,27,142.96081610539747,1,1,16369.077251083701,Mirai
0.35520515623738214,4923,67.74897305536436,0,0,938973.4031019055,DDoS
0.20732159937040473,1097,506.0251692046617,0,0,2677529.077063237,DoS
0.3246684430529317,4104,65.12256321458337,1,0,823187.4860381101,DDoS
6.88801581539232,22,214.27403486940634,0,0,684.3812345193408,Benign
2.0532065352510753,14,157.4327453540693,0,0,1073.4713712994528,Benign
0.3346780492772672,1268,72.65906909889598,1,0,275284.56024037814,DDoS
0.22173751474082692,42,200.53728499308974,0,0,37984.39781177444,Benign
0.8875076771478272,42,165.50127959592407,0,0,7832.10548146167,Benign
0.23927469394537249,1151,56.713912354905204,0,0,272814.94772447227,DDoS
0.8793893585191279,1,231.21580959929506,0,0,262.9276865354129,Benign
13.912089687310354,41,154.7290374413281,0,0,455.99839259812353,Benign
0.29539105720385256,826,48.793057266832825,1,0,136439.69348263083,DDoS
1.0248099027149675,24,249.63402826846237,0,0,5846.173678231373,Benign
0.828279144949465,24,206.55800743744146,1,0,5985.170831267345,Spoofing
0.09373725132943853,18,118.02389088405745,1,0,22663.668987335128,Mirai
0.8813777774211006,943,285.96351696769506,1,0,305956.88183739834,DoS
5.003925787169804,25,293.71079653511754,0,0,1467.401841211353,Benign
0.018016354139691267,10,127.16911248377629,0,0,70585.37565245456,Mirai
0.025169742662836527,70,123.42470065980622,1,0,343258.537122158,Mirai
0.22289106592486282,48,105.61234923564051,1,0,22743.813181904967,Mirai
0.9638927704591569,30,183.64419218546917,0,0,5715.704001949999,Benign
7.984522939901424,1420,456.7520426753621,1,0,81230.6390101024,DoS
0.07903924521420636,88,104.69279800313157,1,1,116561.9205915653,Mirai
0.0951040568749744,2555,54.03866844314081,1,0,1451765.5966425557,DDoS
1.327136922054956,888,370.01127487062126,0,0,247578.08077281853,DoS
0.11842993863586089,4821,37.71038906200507,1,0,1535099.8891160146,DDoS
0.21901086001213135,4370,86.11730350396213,0,0,1718328.562754691,DDoS
4.095269829048343,30,251.40808696330956,0,0,1841.6961332806611,Benign
0.09535820609491767,319,434.53745857879557,1,0,1453649.9265585882,DoS
2.8068534559706624,8,152.42042021733914,0,0,434.4235924198025,Benign
0.31764374858799,513,52.99473970195159,1,0,85587.3965344869,DDoS
7.187711597977024,12,177.8890025161961,0,0,296.98854789821473,Benign
0.6004481622561799,4473,74.07751432746839,0,0,551835.6827702255,DDoS
1.463175308552385,47,245.4305219446992,0,1,7883.699556694558,Benign
2.984377260988457,1386,538.4797113503655,1,0,250079.93784418976,DoS
0.31119993943035523,86,113.32419469658328,1,0,31317.10360145245,Mirai
16.137316250792836,37,241.83558043988452,0,0,554.4860333164823,Benign
6.793267313572747,18,200.09696171587635,0,0,530.1933730312061,Benign
5.201986636819797,7,178.98950022526984,1,0,240.85538642268753,Benign
0.31532448829962045,68,173.97711230717883,1,0,37518.31549995858,Mirai
0.05602683923154239,1523,55.94393561852698,1,0,1520746.397898681,DDoS
0.7620907493641621,3236,70.7296695221445,1,0,300333.2749605253,DDoS
9.909583191214224,4,267.590608404435,1,0,108.01286118337617,Benign
0.9516327458554842,828,502.1024248252263,1,0,436871.06141093443,DoS
0.031178031310882977,21,125.46576219650845,1,0,84507.61306429835,Mirai
0.06578150911250563,39,135.70096370847924,1,0,80453.27107925183,Mirai
3.3177242271947405,270,409.8154747072855,1,0,33351.228310053346,DoS
0.6413145415191034,14,257.66623773838677,0,0,5624.895577437893,Benign
0.41224932406890225,3,179.352360305328,0,0,1305.1739554242533,Benign
0.34662913914896853,9,195.1304550310977,0,0,5066.43526736262,Benign
2.0862616271018615,21,233.17934795995478,0,0,2347.1487197707856,Benign
6.7724565017974605,34,166.0154335370686,0,0,833.4530814280214,Benign
9.868359313892697,23,152.74965854141516,0,0,356.01076477896373,Benign
26.260385699292886,41,110.55585772295295,0,0,172.60942845798056,Benign
1.9642316692701525,25,137.07373609317256,1,1,1744.6228242530183,Spoofing
1.3035550644398766,551,505.17433482089723,1,0,213532.25964866992,DoS
0.022004278859324888,99,171.5841022381754,0,0,771978.3152257568,Mirai
1.4352771523576677,1103,575.1904226653133,1,0,442029.6352921675,DoS
2.4728419947401274,17,237.956831117128,0,0,1635.8773175138897,Benign
1.3616139801518603,453,418.2191202855646,1,0,139138.7458200386,DoS
3.611605459920553,24,161.76776911686062,0,0,1074.986318934754,Benign
0.8990806237224329,806,437.4887382128959,0,0,392196.1097767521,DoS
0.7173469897311857,16,154.2791798943895,0,0,3441.1057879189684,Benign
0.5868512623120977,7,312.58392577281523,0,0,3728.5213834064202,Spoofing
10.517126281803764,4,253.28888480759306,0,0,96.3338760116712,Benign
0.22153502774615125,34,220.78367150144717,0,0,33884.6859001042,Benign
0.48411925892301144,7,70.53420134342599,0,1,1019.8714475899426,Spoofing
3.711998120545532,17,287.70312262333624,0,0,1317.6065627635394,Benign
1.69945861438069,856,480.2160065772988,1,0,241879.91290389054,DoS
0.40701638550067326,771,510.180643722626,1,0,966421.230993645,DoS
0.3960819668465167,92,151.90440977935634,1,1,35283.6202338801,Mirai
1.8704492278515508,29,434.3327831264717,1,0,6734.024384685057,Spoofing
0.15799893125279096,9,398.8277549333806,1,1,22718.190344322473,Spoofing
0.9830760987847176,17,269.5759537497671,0,0,4661.685112079629,Benign
0.001545814325514749,14,146.48429385829328,1,0,1326666.5214356878,Mirai
0.0903386706884368,1153,466.5526581568395,1,0,5954650.547273226,DoS
0.2602171329985826,317,707.1635854612119,1,0,861476.1603434668,DoS
2.0902355141616074,36,321.3533697777456,0,0,5534.649676373455,Benign
1.2714078478267274,1415,250.07304603814183,0,0,278316.16797774815,DoS
2.3287288308501077,13,229.71152212586534,0,0,1282.3518771595714,Spoofing
2.0744095983862114,15,404.6345070990617,1,0,2925.9012353238777,Spoofing
0.7601530723078099,1975,66.62830685333174,1,0,173111.0625335273,DDoS
1.9053012810683208,3,230.47022177326255,0,0,362.8878394140936,Benign
2.0207164094834034,5,300.5141370386308,1,0,743.5831560239998,Benign
0.04089016884847546,89,146.21484707295437,1,0,318245.7239957843,Mirai
0.7743245022597146,361,529.5558725523795,1,0,246885.72999242268,DoS
1.7550681381549715,3902,68.88069922184174,1,0,153140.77130143536,DDoS
0.7447896356020799,41,195.71146895643366,0,0,10773.740454547447,Benign
0.7400642914732685,3113,51.36152648330296,1,0,216046.6783557782,DDoS
0.3059570895988963,1134,64.39356437595917,1,0,238668.4423559804,DDoS
0.2990736380389502,14,291.47763768264895,0,1,13644.422003605789,Spoofing
1.2899036312886947,443,463.24751321990993,1,0,159096.10871580677,DoS
11.114025143348387,20,207.29834057371852,0,1,373.0391786953697,Benign
1.7298075457403912,4264,75.9116536490244,1,0,187123.2970144639,DDoS
3.922666106536767,14,255.431008884184,0,1,911.633574527141,Benign
0.44178079271725945,19,413.48319780374584,1,0,17782.98397707648,Spoofing
1.7472636240419301,36,230.0020000092816,0,0,4738.879632359035,Benign
0.002069370963768255,3372,57.590701303095464,1,0,93842934.97595704,DDoS
4.870952422840389,41,198.98142710485416,0,0,1674.8754253981651,Benign
2.469106246713251,895,291.7599294097819,1,0,105756.94633203869,DoS
0.4938461402116135,487,611.1473851186638,1,0,602675.1093473264,DoS
0.38990560234828364,1116,540.8210654334905,1,0,1547954.9547088784,DoS
9.751327702374116,19,208.91114520167628,0,0,407.0534679975381,Benign
0.4089717125994257,22,236.6886712577921,0,0,12732.300565666894,Benign
1.2134504217182438,27,199.43417083070975,0,0,4437.52996913084,Benign
3.2509939243254364,870,510.0261960862199,1,0,136488.3481555818,DoS
1.723121692754751,14,219.18280682860478,0,0,1780.8140356556987,Benign
0.8582351384557365,4308,65.65807951097571,1,0,329577.5176978163,DDoS
0.031185117097949917,33,113.9918710933018,1,0,120625.86567379771,Mirai
0.011928589571099261,31,152.581788717407,1,0,396529.31489063945,Mirai
0.04587194233520261,1666,59.11075590020389,1,0,2146813.8107194607,DDoS
0.021917267483143245,2504,72.59409816869969,1,0,8293717.360260771,DDoS
10.972140568091737,10,145.23812870440136,0,0,132.36991250984403,Benign
1.8165109217922986,1474,450.29353933718136,1,0,365388.7620604668,DoS
0.11755930407363682,84,103.08195299781556,0,0,73655.4551768421,Mirai
8.008049795664668,15,189.51699936511355,0,0,354.98717702975455,Benign
0.024891897268462696,1562,48.589276298742234,1,0,3049042.375520083,DDoS
0.06572256612236264,36,129.84600588722296,1,1,71124.0672379879,Mirai
0.0019980646342471244,67,110.26670376969018,1,1,3697512.5959090954,Mirai
0.1975335114024127,7,224.18963303160038,0,1,7944.61365101838,Benign
0.15563637817159773,1267,72.28058224105625,1,0,588419.6148438175,DDoS
4.7188737684971045,27,121.22116254100058,1,0,693.5916384238037,Benign
2.2067687596244894,35,295.8943162796752,0,0,4692.970672446392,Benign
3.7938842059562368,13,318.97400000157245,0,1,1092.985914939196,Spoofing
0.19664400543110086,35,163.6276628685801,1,1,29123.5330964965,Mirai
0.002744161826768208,58,90.44350782773789,1,0,1911594.0622884738,Mirai
1.1375763255603608,32,263.16636295589547,0,1,7402.864691685966,Benign
0.025860884448749025,55,113.0108405427634,1,0,240347.3957810695,Mirai
0.3449514226551806,3296,48.43864819526057,1,0,462829.76084772235,DDoS
9.859032503482032,46,137.62856924889536,0,0,642.1435554871355,Benign
0.7648280491698737,4544,54.78837024445355,1,0,325508.9227716092,DDoS
5.664202402104647,23,177.94451740358792,1,0,722.5596138234378,Benign
0.04358655286385883,78,135.6285382593658,1,1,242713.06834641803,Mirai
1.2506310808958194,1608,72.11019465825349,1,0,92715.74549979603,DDoS
2.3856399307201492,23,168.54125953158456,0,0,1624.9094925470447,Benign
2.0591727717999224,5,268.6303651702439,0,0,652.2773825710462,Benign
18.857517162786724,45,254.55693165982422,0,0,607.453347426745,Benign
2.3724217427425724,8,263.9900586137916,0,1,890.196051933374,Benign
1.0530664610499878,2744,71.61558732117614,1,0,186610.4171747799,DDoS
0.03056822600476655,75,158.33043644735608,0,0,388468.1672956767,Mirai
9.278944240789182,1,188.21131156876038,1,0,20.2836989515903,Benign
2.2307758119736643,43,98.55185809604612,0,0,1899.666418913104,Benign
0.4054470985718806,560,73.21507638606158,1,0,101124.02560188904,DDoS
0.5289544712922131,23,152.24847666265924,1,0,6620.068745589055,Mirai
2.711356059952154,35,260.78919689291814,0,0,3366.4416216191116,Benign
4.887625759964372,34,210.7474799576826,0,0,1466.031703420239,Benign
0.0961321455314706,3243,59.87025772736099,1,0,2019711.9780944674,DDoS
2.063519040663853,35,89.39005995475175,0,0,1516.1731182329167,Benign
4.44181260216458,1,260.04767484191547,0,0,58.54539534495203,Benign
0.8324307196550629,300,378.7733846416153,1,0,136506.27338641547,DoS
1.0189264051910674,576,718.6183543296797,1,0,406235.59266410134,DoS
0.1164462202341657,3726,60.74173967524217,0,0,1943590.1103086916,DDoS
0.31489610739717755,952,615.5478438504172,1,0,1860936.142365441,DoS
1.4476867987687627,1089,365.73285751233385,0,0,275116.88451512146,DoS
15.454582122866379,12,159.9993454820554,0,0,124.23449113799536,Benign
5.106337208475278,12,225.8887704348109,0,1,530.8433686515426,Benign
2.5729338151356944,18,200.575485478019,0,0,1403.206999482781,Benign
5.033924239385445,34,178.0190466137905,0,0,1202.3716085182484,Benign
1.8079665193437207,981,472.1345269608407,1,0,256179.50664081436,DoS
0.03757743624121876,64,120.64056721028237,1,0,205468.94822454377,Mirai
0.04872596110944569,7,134.42597937720643,0,0,19311.714622249547,Spoofing
0.5308098023215879,1301,502.8005593422683,1,0,1232350.1277543893,DoS
0.8255670349251738,31,139.56165173126996,1,0,5240.532895140972,Benign
8.631100073835162,37,157.97458547490746,0,0,677.2091173280036,Benign
0.01970241183270388,46,102.39605504149165,1,0,239068.1187614889,Mirai
0.45102149537221997,1323,60.9865219661312,1,0,178894.28639006117,DDoS
2.1480446230465744,883,465.0320895213607,0,0,191161.4547676267,DoS
0.013837660035068075,63,102.00230170055835,1,0,464395.35231026955,Mirai
0.011700565131756073,942,307.5545403137047,1,0,24760887.505271118,DoS
0.032521981188254716,78,128.62159036474523,1,0,308483.17605181294,Mirai
0.9203696219629743,42,119.4978700312035,0,0,5453.146672318628,Benign
1.2320733032813145,1012,494.179394686692,1,0,405908.92286280164,DoS
0.024002077720112813,33,120.32668119371877,1,1,165434.86466862654,Mirai
3.247691635215724,47,141.17709214339231,0,0,2043.0890848104473,Benign
0.31583959275548773,817,494.1570246557203,0,0,1278263.708553711,DoS
5.38999023092832,25,177.10234998983216,0,1,821.4409600113956,Benign
0.014085092703506281,29,413.4163697280943,1,1,851188.9111762983,Spoofing
15.642543580185853,19,233.30420958402448,0,0,283.37974315835646,Benign
0.4039191527766129,1909,59.110825766586096,1,0,279369.1896329074,DDoS
0.41019284950558454,47,204.64759048451847,0,0,23448.57245650602,Benign
1.814896374183179,894,542.9974230226608,1,0,267475.15896092856,DoS
3.357137306868913,1,230.58347540492946,0,0,68.68455303664263,Benign
7.6215529251768155,40,239.37232626759595,0,0,1256.2916172994635,Benign
0.36084642328758076,4446,61.01849915097812,1,0,751810.8250973085,DDoS
0.645710496477863,22,329.0263113399991,1,1,11210.254268691668,Spoofing
0.6390101397297937,18,232.53369799665023,0,0,6550.1410755541265,Benign
6.648096735206592,15,205.58585217389404,0,0,463.86024533570213,Benign
0.07475566892265505,42,125.8265105344687,1,0,70693.14633403179,Mirai
0.44161613507960457,1413,70.85576934343246,1,0,226710.9241020436,DDoS
0.7402533425463234,24,255.38514647715724,0,1,8279.926834735257,Spoofing
0.31519263070116843,13,178.29194945546763,0,0,7353.583545925482,Benign
1.1888219207916355,669,349.74345989446635,1,0,196815.32665009404,DoS
6.709971020887897,16,261.56877623646915,1,0,623.7136355366424,Benign
1.0669846771255085,19,135.38906028011803,0,0,2410.898863376699,Benign
2.111292065004286,1010,499.31192046747583,0,0,238860.8606223918,DoS
0.11960397266300613,4468,84.280478497139,1,0,3148433.697818884,DDoS
0.05656880717870677,30,140.35423583003802,1,1,74433.72566791678,Mirai
14.825182125286414,21,368.3719342533965,1,0,521.802063134646,Benign
0.14209366049737535,4974,70.4313392467648,1,0,2465454.688035706,DDoS
0.03169585323818032,3977,37.460962134117814,1,0,4700370.275185554,DDoS
1.4500038793216226,27,272.13113402737514,0,0,5067.255835326897,Spoofing
7.392314197753462,7,212.79547143531028,0,0,201.50229822480415,Benign
1.8132832546795155,32,221.38487288167954,0,0,3906.8997708611423,Benign
7.080999962384649,37,229.8993533295927,0,0,1201.2817565854493,Benign
0.12781749968472408,913,43.41069846788302,1,0,310082.483219737,DDoS
4.534824001973207,1,220.34769315299326,0,0,48.590131184168314,Benign
0.48050500456092593,27,445.31216970640895,1,1,25022.48357030072,Spoofing
21.451228393165316,2,233.35111612564228,0,0,21.756433883291407,Benign
0.02942318361515448,90,120.00832009030296,1,0,367082.94212473714,Mirai
3.6108742495409443,19,136.84148265125572,1,0,720.043953539617,Benign
1.3572102181540444,1033,612.2542795506654,1,0,465999.04886956344,DoS
3.058255088142724,6,294.08642448253624,0,1,576.9690545881862,Spoofing
14.444669530814284,25,168.7002765086734,0,1,291.97669795904864,Benign
0.3648871204204072,5,156.45191574190162,0,1,2143.839930026092,Spoofing
0.11671427162492387,4951,63.459221506995064,1,0,2691929.6270023524,DDoS
0.4246769790799331,22,327.07902416834185,0,1,16944.0277815227,Spoofing
2.072069327221776,1296,563.9521639124317,1,0,352730.47809190623,DoS
0.6482193052366583,36,194.88758425120477,0,0,10823.42499886195,Benign
1.293890415374166,13,150.55200098764473,0,0,1512.628882310259,Benign
3.029795292180555,35,177.83125212954454,0,0,2054.2951666066374,Benign
4.119577575109716,7,235.19130767698664,0,0,399.6378569700948,Benign
10.362747015420648,6,249.4637022617108,0,0,144.43874885133505,Benign
10.906120090181528,32,238.26924626305254,0,0,699.1135085044505,Benign
0.20483473433440963,600,67.34738628909255,1,0,197273.3379656471,DDoS
0.022995914351177708,50,175.77649576224866,1,0,382190.7080490724,Mirai
2.4478248957529285,16,242.80259820918243,1,0,1587.0586078633607,Benign
3.786677523441371,31,188.33759682032277,0,0,1541.8438631985616,Benign
1.4292149825957436,1213,494.7315074874555,1,0,419887.3688634046,DoS
4.213474969929984,22,227.60042015014272,0,0,1188.3799664262265,Benign
3.999546659977673,24,228.75025400938262,0,0,1372.6570941557236,Benign
1.3226284752224742,25,189.98568529522544,1,0,3591.062963907319,Benign
0.6987437204339826,22,308.39356645231754,0,0,9709.795256173613,Spoofing
0.11248893004974943,36,117.38864340624427,1,1,37568.06257074189,Mirai
1.6695862517628655,32,180.61240427369356,0,0,3461.6941356912184,Benign
0.3928460206153263,823,600.3892242781392,1,0,1257796.4537020212,DoS
0.4541579805412647,4725,44.97307895150361,1,0,467894.00858397345,DDoS
0.2439853600424481,869,428.0991919756975,1,0,1524756.2303006956,DoS
0.15055670372179994,1455,543.522741725201,1,0,5252676.032755488,DoS
1.2491498808949617,667,443.6678845413992,1,0,236902.29932783946,DoS
6.812624138526257,29,138.91642581081163,0,0,591.3398811672913,Benign
3.5489585206958325,16,130.1453636802984,0,0,586.7427885509633,Benign
0.49104629656709714,2628,76.8628443636678,1,0,411357.45529468235,DDoS
0.00782054512577433,74,132.44908218656485,1,0,1253267.1219431595,Mirai
0.09865399602555149,3700,73.1431125897359,1,0,2743219.0026233657,DDoS
0.07368369820655388,21,154.6080286618981,1,0,44063.594538894526,Mirai
1.3204222477236685,9,331.84316433345845,0,1,2261.843500554335,Spoofing
0.16651460678039753,12,155.40704648092913,0,0,11199.525337921814,Benign
1.9139856811033842,1002,572.6210154761981,1,0,299775.62694010476,DoS
2.321250709973919,1431,419.0596527130407,1,0,258341.05745479732,DoS
1.2564948898279809,24,254.3680101158933,0,0,4858.620828626859,Spoofing
0.14340576692814894,28,337.6797113457677,1,0,65932.02017056107,Spoofing
0.4092737930284008,330,459.0308733272159,0,0,370119.44272588583,DoS
11.130535347962276,29,250.90872214191728,0,0,653.7289280921892,Benign
0.17752964199372945,24,104.33846631381553,1,0,14105.380731968251,Mirai
8.243066108528218,12,144.85427651173634,0,0,210.8743634049536,Benign
0.054574277349090844,82,135.36129875493882,1,0,203385.67979388722,Mirai
0.43492409103032137,18,278.9345790631983,0,0,11544.13500352073,Spoofing
10.653392940433648,17,180.07683269330445,1,0,287.35504011753505,Benign
0.7652820388688972,610,531.3447599809656,1,0,423530.52486041037,DoS
0.5369726585313793,3332,71.67896757092483,1,0,444779.2939765939,DDoS
0.16882454982282857,1821,62.55169552570363,1,0,674704.2279801404,DDoS
4.061925068422968,48,158.18593328480154,0,0,1869.2921877602255,Benign
0.10511275813924098,49,114.77932867048622,1,1,53506.22706906393,Mirai
3.5595437503239533,23,264.8695575490823,1,0,1711.4552456545762,Spoofing
0.5373205818866225,22,209.14508065527966,0,1,8563.215200617477,Spoofing
15.64570753834903,37,234.8241483958392,1,0,555.3276174535267,Benign
0.26464687763477346,91,113.19612428596204,1,0,38922.988255460376,Mirai
1.0133771524294144,1323,441.54946986242805,1,0,576458.5744088817,DoS
1.91547434505865,8,68.59232623113527,0,1,286.47661675274503,Benign
7.137619634161931,5,118.18670487126748,0,0,82.79140030494527,Benign
3.6199612587048784,9,193.8159356542658,0,0,481.8679804082958,Benign
1.623519874677138,23,320.3651803242541,1,0,4538.533381935447,Spoofing
0.9581567585797465,878,557.5302847309665,1,0,510888.8348492999,DoS
0.8747599159214728,936,465.3878414103385,0,0,497968.6558925283,DoS
11.96500426175281,43,308.3270810888536,0,0,1108.0701850814442,Benign
2.711841808028012,1104,551.8951683722764,1,0,224678.395354505,DoS
3.849420824972472,28,182.87226667068498,0,0,1330.1802269996804,Benign
11.122729209051382,46,124.32093176167265,0,0,514.151046344198,Benign
0.47643728072282787,337,348.7600424524589,1,0,246689.62539657793,DoS
5.153962878357477,2,191.51513606973668,0,0,74.31762338605391,Benign
0.15397694610143678,13,114.21612632506415,1,0,9643.064626360836,Mirai
2.9326655975326665,27,143.48633412809295,1,0,1321.0271995272574,Benign
0.6620289394454343,1141,544.8752374582801,1,0,939086.8116138291,DoS
0.7406531160309139,799,70.54951536862211,1,0,76107.23773310405,DDoS
0.12038759183917463,3800,55.915187968515035,1,0,1764946.9603495796,DDoS
4.197997545013774,36,237.16711739364735,0,0,2033.8306858498393,Benign
1.491034472144606,9,105.40947316458997,1,0,636.2597754811014,Benign
1.071362699801889,9,434.0161939270222,0,1,3645.9601832932062,Spoofing
11.653163951673235,20,246.5527386142679,0,0,423.1515829293147,Benign
0.048151417767682864,10,129.71031816416237,0,1,26938.00601884215,Mirai
0.2633248854367677,5,292.03294230336564,0,0,5545.107174716528,Spoofing
3.9828921851430517,41,187.36344533213327,1,0,1928.7243795532358,Benign
1.1951703261994604,7,232.30196836767144,0,0,1360.5707428702678,Benign
2.774512745749846,1449,619.2717860873246,1,0,323417.08266257046,DoS
0.23573330989511962,6,334.37916172723936,0,0,8510.782677492844,Spoofing
0.3935906443248726,8,95.07350448106513,1,0,1932.4342354558764,Spoofing
0.4510932222434843,2322,61.09145390984221,1,0,314467.9391837229,DDoS
0.08143774411950733,67,146.58138227891766,1,0,120594.6053500149,Mirai
36.10333271461069,11,213.695697990457,0,0,65.10902183121004,Benign
1.8312354493767138,26,370.88648895136856,0,0,5265.870489792957,Spoofing
1.277366154023858,17,328.73124410050053,0,0,4374.964165211576,Spoofing
5.640437966472428,39,196.64431822912476,0,0,1359.6689577160967,Benign
3.7916739785196008,20,237.66487725881387,0,0,1253.61451752034,Benign
0.043367440610617744,43,127.7927640888769,0,0,126710.01051596142,Benign
1.7252994725148627,31,170.69106830508406,0,0,3066.9592159236126,Benign
0.05791899733912777,33,150.33619288706697,1,0,85655.73634199798,Mirai
1.3579842860358557,40,269.9738666576154,0,0,7952.1941287172485,Benign
4.633643475153352,2,187.42937901936276,0,0,80.89935275530006,Benign
10.454603483587043,40,196.112967358435,0,0,750.3411015685784,Benign
1.4635908158362794,13,197.8075689096066,1,1,1756.9790463296672,Spoofing
0.02854329365853658,516,644.3227207556188,1,0,11647938.317394067,DoS
0.13459936949990337,789,57.21347313515037,1,0,335376.23891816265,DDoS
0.7319016110173999,1,239.63080236962494,0,0,327.4084914726715,Benign
0.7240981178444694,23,208.5499506741776,1,0,6624.307876652108,Spoofing
0.16564284071627478,83,108.488644026478,0,0,54361.28368277227,Mirai
8.738075626919375,7,188.486780245634,0,0,150.9951982625032,Benign
6.383359508209235,12,210.91328415762536,0,0,396.4933208973421,Benign
12.001315616168027,24,152.86850093339243,0,0,305.7034861627001,Benign
1.9917877174765906,40,229.31598544574553,0,0,4605.229431503223,Benign
0.09428250287944069,3398,71.44960810949405,0,0,2575088.281931926,DDoS
0.6070177289781707,27,310.3119930733071,0,0,13802.601494165901,Spoofing
0.45078380494447085,1596,54.8227664213847,1,0,194099.99704693956,DDoS
0.013734671956311615,77,116.51955312100667,1,0,653237.7051928443,Mirai
0.9871971556010571,3484,73.148105363497,0,0,258153.0929667831,DDoS
1.3061784741620097,395,450.3926430840918,0,0,136202.7452889643,DoS
0.2506747775938816,767,463.66459048920416,1,0,1418693.7525935583,DoS
5.840046861434578,37,81.49654606159935,0,0,516.3267137788797,Benign
1.392719954862621,42,170.500303894127,0,0,5141.746363689965,Benign
6.650443414548297,640,646.45450971224,1,0,62211.022698241315,DoS
2.3223274889843224,28,200.91877187016493,1,0,2422.4514583104938,Benign
3.6784459594264134,15,75.23706184898407,0,0,306.80236713624004,Benign
0.164382853196281,3443,76.21797914019032,0,0,1596386.1015743231,DDoS
0.43580008750523325,14,255.60425755879376,0,1,8211.241136522583,Spoofing
1.401849532641074,897,81.40104630164957,1,0,52086.002693182534,DDoS
0.03778957823164446,41,143.56721314877976,0,0,155763.99670348538,Mirai
0.24619761675432902,2527,71.61810674810862,1,0,735096.294344158,DDoS
0.04324751702233684,51,129.2068339393548,1,0,152368.25104904102,Mirai
0.3868342216958879,1080,62.66666233210439,1,0,174958.6554725238,DDoS
0.005088664675754279,84,148.0385976829004,1,0,2443714.2153644445,Mirai
0.21064198596528605,633,66.72059777072812,0,0,200501.99486740085,DDoS
0.02947854168714361,1287,626.2757779139735,1,0,27342496.610909678,DoS
0.09944978058671342,489,375.9539385134449,1,0,1848586.038586353,DoS
0.02375826449810282,3391,48.60468734122753,1,0,6937312.057758423,DDoS
8.494300401871321,46,197.22558191916661,0,0,1068.0546176919988,Benign
0.3613018956268454,21,168.33507227208455,0,0,9784.162664246802,Benign
0.7139716840819239,22,196.91696871135753,1,0,6067.710258314355,Benign
0.02694756554562873,73,143.54693543437028,1,0,388863.56056786206,Mirai
13.144853682888165,39,216.12690847444068,0,0,641.235698307993,Benign
3.0116584224564855,30,221.4167909525263,0,0,2205.596650352457,Benign
5.602463547842057,389,604.9438424155201,0,0,42003.51375606513,DoS
5.435752150083949,8,128.2156445423401,0,1,188.69976555551372,Benign
1.3786428783908367,1038,68.87655975992372,1,0,51858.14988885958,DDoS
0.8513312239615144,26,134.21545547682635,0,0,4098.994309358536,Benign
2.51252496645205,15,217.35319596356078,1,1,1297.6181263811663,Spoofing
0.08982804729825797,10,124.87192616776714,1,0,13901.217929535109,Mirai
0.050010157579004136,35,125.00822123551653,1,0,87487.98154317283,Mirai
0.9084361550246697,4986,68.97092615515298,1,0,378550.5848787514,DDoS
0.06617692102463531,19,134.11419920915037,1,0,38505.41465997284,Mirai
6.100490518208367,22,203.29430573354156,0,0,733.1336247124307,Benign
15.156850709390683,21,180.5465561630354,0,0,250.1494375130758,Benign
10.022430063016765,13,215.8458493494199,0,0,279.9716260327637,Benign
0.23670627077678447,2476,71.41373892477333,1,0,747003.5204284112,DDoS
0.46122915975405243,4060,66.94041087164018,1,0,589247.3673689301,DDoS
0.054807892274337425,3594,72.53823575335655,1,0,4756658.365781228,DDoS
0.693730318771741,5,241.52761857404636,0,0,1740.7889783574278,Benign
0.07955034114229348,2319,46.282546760773286,1,0,1349198.814198057,DDoS
0.03206705822715932,475,404.6320529145533,0,0,5993696.826596587,DoS
0.38440674630120336,4495,65.61175500332347,1,0,767220.7670071677,DDoS
0.28435191769369095,1454,607.9965992495014,1,0,3108918.914558069,DoS
1.397637473203928,1,175.69742022629418,0,0,125.71029583481862,Benign
0.17955711818914416,89,137.6151198008455,1,0,68210.86117774268,Mirai
0.4049704339307381,3651,60.02873780592058,1,0,541187.4630010637,DDoS
3.997591627339005,6,261.0011085493906,1,0,391.7375253106469,Benign
6.459456773254136,14,171.76326723112157,0,1,372.2736796060752,Benign
0.4731725875592898,367,493.4905973889864,1,0,382758.9636499479,DoS
0.14232837638783588,37,98.45131892436044,1,0,25593.622948913653,Mirai
0.22604486712890443,3127,70.2095655012665,0,0,971246.6118386238,DDoS
11.343623748193378,46,145.1314807861493,0,0,588.528698091394,Benign
0.001,28,134.73916933355557,1,0,3772696.741339556,Mirai
1.8046236498704513,1311,460.5084831887172,1,0,334544.336434773,DoS
1.399828819571403,3954,81.45232155901104,1,0,230072.7595699438,DDoS
0.03871228298317548,1516,61.0502114172849,1,0,2390768.856200691,DDoS
5.799589299222118,6,169.1251812168011,0,0,174.96947368961318,Benign
0.010204051309044957,968,328.3515839401002,1,0,31148837.22431669,DoS
4.03274719204599,43,255.44904276566086,0,0,2723.7781878785695,Benign
0.49753076624282644,12,445.44849663135926,0,1,10743.82193475735,Spoofing
0.3520820781355588,1392,38.036284688821304,0,0,150381.1513702034,DDoS
0.04689996382228498,1052,65.99202592630428,1,0,1480248.7169826939,DDoS
0.021180570416735794,3005,61.08984446159476,1,0,8667140.638575096,DDoS
3.143082623199172,7,306.31396809064984,0,0,682.1958038290725,Spoofing
0.06256089765597957,92,106.01026235848087,1,1,155895.20774799905,Mirai
0.35797684829669474,970,61.200839573992354,1,0,165834.22830062584,DDoS
0.3195750172983711,242,549.8791873404376,1,0,416399.14302858163,DoS
1.2664521208580388,1146,58.87269443598757,1,0,53273.31899285002,DDoS
0.001430295203676186,4571,64.69366125498577,0,0,206750833.5597333,DDoS
0.7534536071350033,44,284.25477473914816,0,0,16599.841012217075,Benign
0.3012786305104176,4970,54.64029218863527,1,0,901365.7945717701,DDoS
10.305953141584176,37,60.66375872012523,0,0,217.79247797934505,Benign
0.7520449201509595,29,357.76910982418366,0,1,13796.122953425003,Spoofing
5.9403733406321,8,107.64773430834703,0,0,144.97100183523818,Benign
1.5904581588099291,16,312.54100509685054,1,0,3144.160727429248,Spoofing
1.3837725625288633,1248,68.17693311341519,1,0,61487.570161131465,DDoS
0.7813829525100493,454,522.6783379592284,1,0,303687.154513955,DoS
0.3734166279356674,3033,65.47113716325596,1,0,531775.8882723505,DDoS
5.284682544567857,43,325.53717352738363,0,0,2648.805929897566,Benign
2.61044413781073,18,255.8101820871774,0,0,1763.9079920824752,Benign
0.8288124554233971,3,241.20114230184208,0,0,873.060512267368,Benign
3.0783618173273934,1347,615.9949328703832,1,0,269541.1468223003,DoS
0.22002712912286365,1790,65.47554193271627,1,0,532667.1330339301,DDoS
0.005808777811801471,41,129.08093488579334,1,1,911089.8198869522,Mirai
2.1780305503101967,7,198.99727875020375,0,0,639.5598771803438,Benign
6.219398109553974,27,107.53011515744952,1,0,466.8157686820516,Benign
0.4278625816873018,2040,59.46124283219668,1,0,283504.425414636,DDoS
0.1388368590931958,13,425.656779434565,0,1,39856.40534359032,Spoofing
3.2117612566232836,357,381.22071291529176,1,0,42374.19398160522,DoS
0.09390619082800591,3474,53.92450628948572,1,0,1994902.9259719937,DDoS
0.3987292077878921,3215,51.26819597972489,1,0,413381.4299415381,DDoS
1.3605497053427356,7,294.60656889006157,0,0,1515.7446832939713,Benign
0.09034792811692609,12,380.66695318684197,1,1,50560.13495218512,Spoofing
4.90931964294921,504,457.9992629953875,1,0,47019.066864223605,DoS
4.366439558580152,31,229.68197321878156,0,0,1630.6514894477336,Benign
0.7205566797370644,4658,79.88414790455735,0,0,516406.7885335681,DDoS
1.1803428793330304,36,192.75802552349393,0,0,5879.04501340062,Benign
0.36388191457191316,29,243.0684114811411,1,1,19371.62483396799,Spoofing
7.8326337802742065,36,119.95852435134559,0,1,551.3479881472587,Benign
1.314065792841731,833,546.4127080068423,0,0,346376.7097881684,DoS
8.363975435892083,28,228.46395086725335,0,0,764.8265676190147,Benign
1.1063706481627589,1252,546.608729825532,0,0,618557.7418182647,DoS
0.0851535036477481,25,124.79092273772477,1,1,36637.04879776397,Mirai
4.450734037141689,639,425.08703670979946,1,0,61030.5208513439,DoS
3.076506046694,1244,462.25805383681643,1,0,186916.2648293654,DoS
0.026245706599483727,69,141.9318796270938,1,1,373139.1135212231,Mirai
4.503881877061316,10,213.79007913711044,0,1,474.6795874597932,Benign
1.9659966228626171,1,205.0826192647663,0,0,104.3148380215185,Benign
2.5648186015582137,38,137.5945483216911,0,0,2038.5819227323582,Benign
0.7169154462546908,14,228.4157700287553,0,1,4460.527105544493,Spoofing
2.9863634090218505,48,255.1719084891988,0,0,4101.393544563058,Benign
0.9186703466205423,1304,461.5851702175521,1,0,655193.7418878138,DoS
4.271869080574368,1307,530.2500359590583,1,0,162232.6864252375,DoS
5.017258201759311,17,212.64958379107085,0,0,720.5216034487886,Benign
1.7461048845946114,7,274.2577781854581,0,0,1099.4783098289784,Benign
1.5023057101285777,46,199.71035553823873,0,0,6115.051212827197,Benign
0.08067315900581146,3942,43.19896550526833,0,0,2110867.1597885555,DDoS
0.9396747906317487,12,216.55238436934832,0,0,2765.4552812735424,Benign
0.41613797026750354,39,225.5886606310203,0,1,21141.92501817186,Benign
0.08994518274241384,83,151.70992821905296,0,0,139995.53570581216,Mirai
0.153086933600242,20,262.69455542614384,1,0,34319.65736698623,Spoofing
5.24276495125485,46,214.79059677042312,0,0,1884.571889700035,Benign
6.54171443404725,31,175.42259456273868,0,0,831.2959066420814,Benign
1.1799434522767918,13,126.52274075405285,0,0,1393.9614026663119,Benign
3.2576221672371304,769,444.07175215507766,1,0,104828.3563519835,DoS
0.30619164948464256,35,140.57618280216516,1,0,16068.911109617173,Mirai
2.544531197078877,8,234.51803122889555,0,0,737.3241294840398,Benign
5.262905664900428,44,232.5516929141,0,0,1944.2253271727584,Benign
0.33904819304762457,79,132.86162065342748,1,0,30957.451615577364,Mirai
0.4347839085479459,1124,303.9950017258963,1,0,785885.5289310401,DoS
0.11907527599736745,25,131.67643694052748,0,0,27645.629169786393,Benign
8.712360371753606,860,730.0057649682855,1,0,72059.11269558311,DoS
10.711349728783652,17,214.4462430720972,0,0,340.3479696334809,Benign
3.059147096930674,28,199.17823205844292,0,0,1823.0540477219774,Benign
0.008582104203444643,64,148.26342595294915,1,1,1105656.4958952786,Mirai
0.033769288052976486,32,131.1596755554567,1,0,124287.77329241543,Mirai
0.10255073046126521,2674,55.93009294080391,1,0,1458371.5576770015,DDoS
0.5327445201712326,8,431.7876643203144,0,0,6483.973431490665,Spoofing
0.06869960643682518,2495,56.63661763059193,1,0,2056902.0452580217,DDoS
0.015091131655430058,32,88.91624109698117,1,0,188542.50165391676,Mirai
0.7625278433132573,1019,68.43760314621548,1,0,91456.22447434255,DDoS
0.177424690937557,33,126.45573742158679,1,0,23520.0597665464,Mirai
0.5237367017664675,18,354.90518440353844,0,0,12197.528448392397,Spoofing
7.159211559879588,3,188.67178621610333,0,0,79.06113039322307,Benign
0.6588848044310037,11,208.87293023956434,0,0,3487.107635786743,Spoofing
0.014873239419035034,49,77.18678370748304,1,1,254292.44397331515,Mirai
0.09297610165652898,36,81.6017068220633,1,0,31595.876717293948,Mirai
0.7790949734484331,26,172.644706616769,0,0,5761.508577276294,Benign
0.370617869346021,30,126.82741539758587,1,0,10266.16031396821,Mirai
0.023794246833222253,38,146.21681575154966,0,1,233511.8668602318,Mirai
6.475875471640277,19,140.49109786640247,0,0,412.19613798187055,Benign
0.021366385198279464,24,299.05131522863053,0,0,335912.2986355728,Spoofing
0.060832031447782486,48,275.9844221626119,0,0,217767.7113278168,Benign
6.380349312906879,20,208.82522871311716,0,0,654.5887018777555,Benign
0.7685161435083565,3968,46.59773418799677,0,0,240593.26641322617,DDoS
0.10277609112622678,4960,55.290564493352605,1,0,2668336.5448313593,DDoS
1.0426682184476144,722,448.69316953382776,0,0,310699.47531895526,DoS
8.713324124835227,35,201.72211941063804,0,0,810.2848095881943,Benign
0.7873999074042961,20,307.75732483522927,1,0,7817.052604178401,Spoofing
8.05141436877897,14,213.43891035896561,0,0,371.1328976698393,Benign
8.87875146161017,38,317.3477507932995,0,0,1358.2106202980065,Benign
20.71875894760271,40,215.06268697567884,0,0,415.20380157820784,Benign
0.037089529054222595,3195,43.505615083514265,1,0,3747700.3277291018,DDoS
0.5086560108593693,22,458.1261333858894,0,1,19814.520460421918,Spoofing
0.6229166696200953,1073,429.9931829980623,0,0,740681.2305060148,DoS
0.053513821050742975,96,74.55033792695804,1,0,133738.01945859383,Mirai
0.47903487706641384,2,233.6274837283968,0,0,975.4090773478545,Benign
1.488755251444761,2834,57.455233276963114,0,0,109371.99445570188,DDoS
0.5115402324818974,942,59.02948674342494,1,0,108702.64542539984,DDoS
0.017738805462045187,4950,52.018303743567614,0,0,14515667.589996358,DDoS
0.249688939495622,45,183.9398005404171,0,0,33150.41123182753,Benign
2.2539896014859377,596,469.45947810401697,1,0,124134.48969131801,DoS
0.39118390967682337,2766,73.39998339205766,1,0,518999.7569945044,DDoS
0.11784851080418804,93,120.13838623865163,1,0,94807.05223979415,Mirai
0.0029963807524878276,4646,78.25573908166233,1,0,121338439.20587663,DDoS
4.151095778779433,45,193.1338534613199,0,0,2093.6696884201647,Benign
0.3212788820649357,839,605.6501585308172,1,0,1581618.0626047251,DoS
2.0240725249664013,22,211.52327435796016,0,0,2299.083643730785,Benign
0.06947441364235486,28,130.3475876845842,1,0,52533.476193936665,Mirai
1.1663171795825744,1188,471.0804807443484,1,0,479838.26434296597,DoS
0.22851949828360418,17,169.71858513465054,0,0,12625.688262751046,Benign
0.06886398840682822,13,337.2025830541689,0,0,63656.39982696,Spoofing
1.4733988409860328,4266,75.67264196585292,1,0,219098.50995287212,DDoS
6.587261952281308,46,167.95762168062592,0,0,1172.877388705196,Benign
4.720746030841997,694,260.1569713558441,1,0,38245.848630995504,DoS
2.609971553612503,18,157.939573055073,0,0,1089.2503066006193,Benign
0.0025050056692233792,20,133.79755092752606,1,0,1068241.5019763769,Mirai
0.12625912578870982,82,94.78820684805385,1,1,61560.95975626857,Mirai
0.11009712204820245,6,422.0883457383692,0,0,23002.690963360776,Spoofing
0.5448448607478007,2495,71.81863302507642,1,0,328878.0023576445,DDoS
1.2201258377120963,3704,62.53821770636348,1,0,189850.54756215157,DDoS
0.17830095506041788,73,159.79628278517768,1,0,65423.81469221633,Mirai
9.511691722454911,11,238.17808958015513,0,0,275.4461626627982,Benign
0.5405554774696921,3624,62.777898514861015,1,0,420876.5125881315,DDoS
0.15666639981087457,3513,74.0132126796747,1,0,1659631.0150585934,DDoS
5.079653562436658,9,190.1742598190478,0,0,336.94587974035153,Benign
0.4284587595525034,3623,65.13661645093647,1,0,550788.042350257,DDoS
0.12848877187862587,64,98.09628258324938,1,0,48861.56193677756,Mirai
0.07691869445231166,81,140.27804984598225,0,0,147721.20247788582,Mirai
4.338408542532617,25,176.72790596902738,0,0,1018.3913308096357,Benign
9.34034699412466,10,151.27344492690548,0,0,161.95698620411076,Benign
13.394491527887514,46,248.92798643946287,0,1,854.8803328872025,Benign
0.16013873475003482,72,129.97852672074472,1,0,58439.66444783956,Mirai
9.535079737434627,35,159.86733889680443,1,0,586.818046148145,Benign
0.023584750498741463,1390,480.03116185474295,1,0,28291302.679402877,DoS
1.2964083004476388,3,171.83444375882064,0,0,397.6396410748551,Benign
0.008232088431505807,1221,602.4536271607702,1,0,89357140.0360608,DoS
15.909455844664057,19,190.41972684637489,0,0,227.4103429687428,Benign
0.03761985882534173,63,150.1431181832936,1,0,251436.78740164897,Mirai
2.944823949170678,13,207.8252726922135,0,0,917.4499364417479,Benign
3.94088590273138,561,364.04130142010354,1,0,51822.65488963553,DoS
1.2715691920762566,32,264.05387723582476,0,0,6645.115440198286,Benign
0.7820344580794364,691,663.5642146003782,1,0,586320.548348889,DoS
0.18245095456835456,42,124.3663536470016,1,1,28628.99164069402,Mirai
4.915274642948331,30,210.86681041988848,0,0,1287.009327479232,Benign
0.006675274612875092,43,102.41377453484651,1,0,659717.0244508717,Mirai
0.21033927095073335,4014,69.12325054205166,1,0,1319110.4372553595,DDoS
1.7486939155474972,6,223.1820814767924,0,0,765.767226016509,Benign
0.17971337602107149,1322,74.6686558764159,1,0,549274.4349594088,DDoS
6.48320396495964,23,192.8558513606014,0,0,684.1809397433398,Benign
0.23889799000721004,1253,569.7139277451943,1,0,2988101.9570034225,DoS
0.09260152486450678,13,106.68088953171045,1,1,14976.552124184318,Mirai
0.042185080064615854,46,137.87033227553562,0,0,150338.34888923756,Benign
0.9668418458319458,3666,68.00910707409494,1,0,257871.94421554706,DDoS
0.19023094980798472,23,127.25905194903602,1,1,15386.340644265514,Mirai
0.8148241760507443,20,301.83380925852464,0,0,7408.562930016144,Spoofing
0.05551016531612357,3399,73.12325218455574,1,0,4477485.029271061,DDoS
0.6472616892225393,28,397.63077225225106,1,1,17201.175055542477,Spoofing
0.6882524783025701,3878,56.71395684643881,1,0,319558.20223548973,DDoS
1.851972223190862,6,273.2044675334401,0,0,885.1249412241881,Benign
0.015355577061022117,15,93.85028143335904,1,0,91677.06403387233,Mirai
0.4322578219252194,2737,60.41500473168606,1,0,382539.90920083644,DDoS
0.5411563250683574,742,65.83664093128141,1,0,90271.12002218602,DDoS
1.2557656336426193,4914,50.647027050911035,1,0,198189.442568394,DDoS
0.15886987034881636,58,98.55174328829847,1,0,35979.13876414199,Mirai
0.10871114859123068,26,154.4165150032973,1,0,36931.1652219043,Mirai
0.8243655019478443,632,67.32889229363741,1,0,51617.71062597304,DDoS
4.510055230264837,30,253.4572432006619,0,0,1685.947711902711,Benign
0.03162834207247474,4940,70.25085806595713,1,0,10972413.225157533,DDoS
0.4662589995911733,3176,67.07503140762425,1,0,456892.62821179756,DDoS
1.970532813956227,47,157.52133686644748,0,0,3757.107103362092,Benign
0.1674585149805886,36,156.40866768838305,1,0,33624.51910811754,Mirai
0.30561752386337143,4406,63.9413649667869,1,0,921824.2805003898,DDoS
12.37093264339568,20,251.3148292634556,0,0,406.2989210399137,Benign
2.0598722970329844,19,234.84342843483884,0,0,2166.16590586173,Benign
2.231098025059089,26,193.73976924502597,0,0,2257.7376447802053,Benign
0.36424741865036186,20,464.3157751819186,0,0,25494.526599657886,Spoofing
3.6236791351502413,24,138.58456601812904,0,0,917.859849171551,Benign
7.189498993312641,14,172.25944739195543,0,0,335.43815302437224,Benign
0.18348581319315763,2816,61.06120914803549,1,0,937120.7613738285,DDoS
5.125867121475601,8,182.9403493903608,0,0,285.51711553177705,Benign
0.5265243860936238,35,220.13661234682576,0,0,14633.285058840327,Benign
9.759621078086097,46,179.97859697456965,0,0,848.2927149107877,Benign
0.3449320691996928,3712,74.13286498231345,1,0,797783.7359478334,DDoS
0.7273626122434551,4484,59.46058452778473,1,0,366558.9302153271,DDoS
0.28906089638410476,24,183.13605152342774,1,0,15205.326253198313,Benign
0.12528815750060737,1177,67.16178563975964,1,0,630940.8907830246,DDoS
1.10074287836523,5,284.0503044216134,1,0,1290.266373757835,Spoofing
1.217679055439964,29,224.04946762260408,0,0,5335.917154876173,Benign
0.4681873340084045,3,240.5033567484039,1,0,1541.0713144842566,Benign
6.093021922349707,19,201.0296833019809,0,0,626.875141992705,Benign
0.6189174304055539,4201,86.37283383226095,1,0,586269.2777800173,DDoS
0.03328205271217506,52,121.3243624914974,1,0,189557.624468577,Mirai
5.600991276212337,48,176.68205956282702,0,0,1514.149628304864,Benign
0.15090441078727634,1001,459.46024359213055,1,0,3047755.207659585,DoS
0.5017206742643894,25,190.2353296090333,0,0,9479.145437247114,Benign
0.07100912880632648,2504,71.4714714948659,1,0,2520303.623372993,DDoS
0.15833791761704327,80,125.76693046968073,1,0,63543.55664768114,Mirai
1.7737828329307714,4,281.8940325024679,0,0,635.6900681842824,Benign
0.3164001640821755,3291,79.28559693841949,1,0,824680.0385873696,DDoS
3.3129529535594955,33,176.33588956293235,0,0,1756.4645309329371,Benign
1.903347075191984,622,388.88098236265495,1,0,127083.48056025113,DoS
0.32503182713928686,15,232.80374827427477,0,0,10743.736251458417,Benign
0.002970223749770849,14,133.4629112214013,1,0,629070.7079706606,Mirai
2.9636054642982264,37,120.51949037293596,0,0,1504.6608590508056,Benign
0.14118866827924823,68,109.46761160437731,1,1,52722.344362474156,Mirai
6.625237182390224,38,275.9503293190204,0,0,1582.7527717792045,Benign
6.667036395160967,625,620.8580909043012,1,0,58202.21816950493,DoS
22.9082211181369,20,216.05032996691398,1,0,188.6225288753325,Benign
0.4320526657601835,16,288.18655568354353,0,0,10672.27506355923,Spoofing
8.94867734366742,10,168.6247907510922,0,0,188.43543495332352,Benign
0.26408289220020803,19,135.60223875556937,0,0,9756.18872881228,Benign
0.04787107517878856,1644,63.86696006190379,0,0,2193334.533423925,DDoS
0.8890558884760507,8,203.86815068368108,0,1,1834.4687061969591,Benign
3.4543247833048243,44,264.53506377686773,0,0,3369.5565809091026,Benign
0.3872419628662977,22,274.16804206133634,1,1,15576.041606399851,Spoofing
1.001270292072105,13,346.1207962204864,0,1,4493.861833805704,Spoofing
3.915269428209303,11,207.42209894220548,0,0,582.755064549363,Benign
1.523772370855762,7,167.2306119355871,1,1,768.23435438174,Spoofing
0.920149633542612,3731,64.96050437147127,1,0,263400.24814967805,DDoS
3.637458020137533,41,158.53129229806535,0,0,1786.9025424449906,Benign
0.9896053708496046,947,521.3798391390014,0,0,498932.93044755666,DoS
0.7370934680593412,781,490.51285703602736,1,0,519731.2931747428,DoS
0.07147494693544934,29,239.39000268579298,1,1,97129.27921664293,Spoofing
8.702171883143752,43,271.53602488177904,0,0,1341.7396515154103,Benign
1.2941707786117316,1025,667.2971446299003,1,0,528507.9717062989,DoS
2.9922912944993523,13,205.2426345220553,0,1,891.6759720858443,Benign
0.4913054912178461,42,222.5752554355697,1,0,19027.18551979084,Benign
0.3529710843186292,4,209.32705344432242,0,0,2372.1722570947095,Benign
0.07910638736594187,19,373.8407585369619,0,1,89790.1503116847,Spoofing
0.0073376293758793155,96,124.98516862734786,1,0,1635211.5340777247,Mirai
0.07198539909029741,65,121.32875045592327,1,0,109555.11644441212,Mirai
0.3441309912459432,2225,58.64610217008878,1,0,379179.9653266067,DDoS
14.860103226569631,29,188.50398953315334,0,0,367.8719866957064,Benign
9.520720929000749,14,149.87086171996415,0,0,220.38163703425712,Benign
1.9681796184445508,19,227.82523123418088,0,0,2199.331480157479,Benign
1.567906624901352,45,257.50811841297656,0,0,7390.660352183293,Benign
0.269640689886688,97,126.60377101734645,1,0,45544.186205143254,Mirai
0.2932806793067238,4751,65.75362058169843,0,0,1065175.6949080662,DDoS
0.7296926663978482,2,190.74356209366957,0,0,522.8052051976387,Benign
4.330075631377338,23,172.4709457636324,0,0,916.111423971075,Benign
5.776354488142424,24,222.83476038150778,0,0,925.849384786636,Benign
0.49197548303063826,1824,31.931083265244368,0,0,118384.54940279743,DDoS
0.7024624239701702,15,285.43376673219234,0,0,6094.9971911447,Spoofing
6.331873555028169,659,459.74169288904926,1,0,47848.36162328191,DoS
0.1398191111378986,61,107.75240052344796,1,1,47010.00012400102,Mirai
0.44642054392274666,3682,62.242548077347706,1,0,513365.8500726469,DDoS
14.562758632018157,9,163.88922518115066,0,0,101.28596263261318,Benign
0.5131495335013038,42,251.066916535018,0,0,20549.196298634,Benign
0.006697572286201979,86,115.29275132838957,1,0,1480413.5275506142,Mirai
0.013568395788435751,51,87.07469137307058,1,1,327290.6634851756,Mirai
3.59644615755337,6,193.03670018125274,0,0,322.04575026237654,Benign
1.4452145681160644,3713,73.99712985033189,0,0,190111.10820204322,DDoS
0.08342019452883857,4092,100.4023160017793,1,0,4925021.805568318,DDoS
0.8756202457001108,363,455.2325634043604,1,0,188722.70408007302,DoS
0.7699988179279295,29,275.40541236405465,1,1,10372.427557811045,Spoofing
0.26135379872293124,3303,67.65269200059092,1,0,854997.4891118568,DDoS
1.6365651311583895,2712,49.492553455314635,1,0,82015.5595492905,DDoS
5.041069457665438,6,196.49034343509865,0,0,233.86745025262354,Benign
1.738102178053735,39,290.8851286962156,0,0,6526.958059425251,Benign
3.046369430159227,17,149.03033405381944,0,0,831.6508345419253,Benign
0.7851883775659173,4,274.3025402914669,0,0,1397.3846181564957,Benign
0.337889508044754,409,426.75899636405074,1,0,516572.5047898737,DoS
0.037733293475011136,236,424.52821630578933,1,0,2655179.281249759,DoS
1.8208468562550872,18,152.91570118526988,0,0,1511.6497095180505,Benign
0.010451012622086362,87,163.0914519512612,1,0,1357663.3033409491,Mirai
2.7206437575386895,1,297.6184324527018,0,0,109.39265077539997,Benign
2.058685517528901,49,160.28734201773545,0,0,3815.094482374614,Benign
1.9881508919867517,41,189.32895228257908,0,0,3904.3752035484176,Benign
2.636006743526249,34,211.30490633980193,1,0,2725.4736101101803,Benign
1.3069429111486686,18,229.12617474641323,0,0,3155.662814537651,Benign
2.7729679639409324,3099,55.552918253435976,1,0,62084.5591821144,DDoS
0.28799213251822026,2037,81.88975978128802,1,0,579215.2695835545,DDoS
0.4412586944283584,9,325.366650845454,1,1,6636.242853872009,Spoofing
0.24168001565771688,23,155.94300426750357,0,0,14840.652374138734,Benign
0.9699525106050548,9,295.2194491443162,0,0,2739.2836383725926,Benign
1.0903911252907148,36,184.6617462121467,0,0,6096.7323646043715,Benign
1.4496753061501924,414,494.4227357963402,0,0,141197.83357783014,DoS
3.83147666958981,28,222.933384201281,0,0,1629.1720649584793,Benign
0.021528585944313682,71,165.1674902424553,1,0,544712.5899279852,Mirai
0.24002404351761591,1996,75.41604149066288,1,0,627147.2499558793,DDoS
0.36307470139548176,4672,80.64373219709967,1,0,1037713.493605419,DDoS
0.8745102181072147,2091,82.76593466788799,1,0,197897.7098348052,DDoS
1.9809876650470948,13,204.15595081640964,0,0,1339.749564038921,Benign
1.7888629594842156,5,126.22538944909466,1,0,352.8089974133327,Benign
4.190467793490847,27,181.2139496811619,0,0,1167.5967654473893,Benign
0.34521910793335314,1636,53.92821885993114,1,0,255566.86761348124,DDoS
1.9818462684094562,3,179.879089614899,0,0,272.29017580550607,Benign
7.739605265857997,6,239.86312192094223,0,0,185.9498878934246,Benign
2.626484627788449,26,244.19891098566262,0,1,2417.3648756411544,Spoofing
2.155832487006923,19,180.78025676396678,0,0,1593.2707662663304,Benign
0.12753573625001896,46,125.78313735219908,1,0,45367.866986382,Mirai
0.194452188611489,82,101.29370480740825,1,0,42715.30114172611,Mirai
3.7543785991883647,18,211.46642471953317,0,0,1013.8550346985458,Benign
0.3258846398549905,5,146.00424722208288,0,0,2240.121646835682,Benign
3.007890336186738,6,221.10166068700988,0,0,441.0433279970815,Benign
0.9468161214980253,1216,445.1241311743849,0,0,571674.8281088293,DoS
1.3660289656518445,216,632.3812574993638,1,0,99993.74468218703,DoS
0.034815316314346804,71,120.38552981778383,1,0,245506.1025408643,Mirai
0.19347476239997033,6,225.6877150869651,0,1,6998.98154014737,Spoofing
3.798854107806614,1347,379.28351889245107,1,0,134486.5808082092,DoS
13.851232565628006,10,157.88516010281634,0,0,113.98636139762046,Benign
0.6090395027903148,32,217.75243032980782,1,0,11441.093293012354,Benign
0.155064589010008,10,136.21540678385793,1,0,8784.430259255805,Mirai
0.3898202047984741,11,201.47183453711935,1,0,5685.159857360446,Benign
1.8555027101428023,23,179.5349055883019,0,0,2225.436161294071,Benign
0.8344664207814162,1062,419.940132150978,1,0,534445.0168848193,DoS
0.4401135368911919,4305,63.205790388352376,0,0,618251.666476525,DDoS
0.06063378122556467,28,371.51434251445767,1,1,171561.15584655158,Spoofing
1.9030902037404052,1461,536.1037419844762,1,0,411566.1808882708,DoS
2.0449388537167605,29,180.9434581084425,0,0,2566.0230747768032,Benign
1.7173376911206588,11,377.2545226810623,0,0,2416.4145298550507,Spoofing
2.0816441125154777,25,182.00080374582774,0,0,2185.7819337559135,Benign
1.480229254089749,13,185.95889561808852,0,0,1633.1697514799794,Benign
0.14060623501684122,3760,55.59159982554333,1,0,1486594.2134003292,DDoS
6.418699115939832,35,244.91505335719245,1,0,1335.477284830886,Benign
0.3384521014082971,3817,50.09837728915937,1,0,565000.2033287226,DDoS
6.151041535968656,46,168.64718778948134,0,0,1261.212526846392,Benign
0.9314002938638155,3983,61.261567743101764,1,0,261976.32310007777,DDoS
0.4025157062360978,40,198.718609446778,0,0,19747.662649488615,Benign
0.03936963303875077,67,124.03674428573203,1,0,211088.1211151808,Mirai
0.014082333129371325,30,138.55638087506844,1,0,295170.65020870016,Mirai
14.6929070934158,6,192.2512680595146,0,0,78.5077861735067,Benign
4.30006220381927,6,196.06637519883088,0,0,273.5770310829738,Benign
1.1167106717389637,5,269.97208396019516,1,1,1208.7825915543071,Benign
3.5827024861711365,11,170.69957758280327,0,0,524.1002736505606,Benign
0.07303930091513718,98,124.0537249322787,1,1,166448.26676926416,Mirai
2.735643219746666,875,543.9300036738925,0,0,173976.90962739295,DoS
1.1326656945418534,15,165.89814363981603,0,0,2197.0049650031915,Benign
0.7019600399851654,15,266.11419706677333,0,0,5686.524486616015,Benign
4.132939668838698,45,198.3019689049374,0,0,2159.1383653634593,Benign
0.5128697806003691,1182,581.684489659858,1,0,1340595.7862697619,DoS
11.238599913991026,10,206.0956581762233,0,0,183.3819690650729,Benign
2.1918785703208212,9,317.55109077124337,0,0,1303.886016150464,Spoofing
0.0061478366002569425,17,115.39585852078271,1,0,319092.6698948566,Mirai
4.829689128880918,5,118.39261825337698,0,0,122.56753498419226,Benign
0.28997776242300966,4524,54.13561515380762,1,0,844580.3599193238,DDoS
1.7398792054769512,20,270.78737917994226,0,1,3112.7147025785807,Spoofing
0.4329641293530966,1562,73.51612319549116,1,0,265223.3213936939,DDoS
5.223936731156591,47,171.61295785373022,0,1,1544.0097065148666,Benign
3.17661000090881,24,155.11183044181237,0,0,1171.904618300156,Benign
0.11395447405687625,95,172.56171218068764,1,1,143858.8769141541,Mirai
1.0561974950931055,1412,408.98349839149563,1,0,546758.2553562918,DoS
0.765654552076957,837,501.69036905566344,1,0,548439.028750637,DoS
0.08725004250741207,32,126.1865260281978,1,0,46280.42252884056,Mirai
0.0909563762159189,51,114.05775725940046,1,0,63953.13734158375,Mirai
0.6083762446544588,23,349.21305629465905,0,0,13202.192500693482,Spoofing
0.8539084794640026,19,180.82172177969463,0,0,4023.396882029709,Benign
0.9152603360004412,1362,83.18842422255995,0,0,123792.79351953915,DDoS
3.723606933607973,565,398.294720527118,0,0,60435.08917837724,DoS
0.1133043669047103,48,135.1357428614442,1,1,57248.5936292687,Mirai
0.455076464483003,661,513.6616436763292,1,0,746095.157559472,DoS
12.442191519306931,29,200.70782484784385,0,0,467.80560414582766,Benign
0.01825886792428422,56,112.78409516502407,0,0,345909.1415432834,Mirai
0.23524042469432369,731,493.8241076303645,1,0,1534538.2204052235,DoS
2.357345057452677,24,202.15720098202308,0,0,2058.151312312051,Benign
2.1614095725863125,3162,51.734018834289124,0,0,75683.46584043352,DDoS
0.16731878812689852,3,233.1463820188612,0,0,4180.278580108484,Benign
6.368163055065953,36,106.85442420268353,0,0,604.0610515204164,Benign
8.06292810685289,32,144.13544653772732,0,0,572.042095388043,Benign
0.4681114432330149,1740,62.03796758285852,1,0,230599.07027404328,DDoS
0.3164846961701945,4090,68.54386027669153,1,0,885807.0924886329,DDoS
0.6211356414427609,1339,504.9413485699647,1,0,1088516.614768255,DoS
1.8521983331705223,1301,458.9307004135785,1,0,322356.8613281419,DoS
0.2574487675905508,48,117.59695027009586,1,0,21925.34718962771,Mirai
18.76089862338325,32,234.48920740677465,0,0,399.9624318455816,Benign
1.3873888383805033,6,259.36282449665487,0,0,1121.6588341567256,Benign
0.07021586890452397,50,121.55060551698931,1,0,86554.93937009292,Mirai
8.559950482869127,38,155.1457857102301,0,0,688.7352758391979,Benign
2.378634256353353,10,217.457823556378,1,0,914.2129479365996,Spoofing
0.01845944130403072,61,135.6075985534208,1,1,448121.01165555953,Mirai
0.20139641688158752,2157,54.66437647816253,1,0,585467.5166972968,DDoS
0.8160917778530946,17,150.12794016671708,0,0,3127.313682228532,Spoofing
1.7172037634559825,25,207.2551143180611,0,1,3017.3343246835616,Benign
2.367325200513333,41,104.08519869757457,0,0,1802.6645201407857,Benign
1.529403980122875,966,313.96602078118883,1,0,198306.77833744194,DoS
0.3242824090919354,17,138.3907661035719,0,0,7254.920272575558,Benign
1.594606444111617,21,354.3293865239557,1,0,4666.303177489373,Spoofing
1.6776254020134744,20,200.12616888219608,0,0,2385.826640941488,Benign
0.29650953500987637,3821,52.96892200717487,1,0,682589.3507359676,DDoS
0.14138389992947387,1970,70.98278827797027,1,0,989052.4520638877,DDoS
1.8220483024756202,676,636.8926817421652,1,0,236294.20376656807,DoS
1.41150232342534,46,212.57706317924087,0,0,6927.75686157934,Benign
0.8768600838674755,6,242.65589658851394,0,0,1660.3964604130922,Benign
0.04883555948248112,10,160.585864194448,1,1,32882.97828389891,Mirai
6.241843318047076,9,192.02611280964197,0,0,276.8789486096074,Benign
0.0026093895462877227,10,119.05140962129757,1,0,456242.3797193002,Mirai
1.5086088167047602,4895,62.18539701157309,1,0,201773.65729344127,DDoS
0.031043175861248003,69,125.86625940784178,1,1,279764.2850061133,Mirai
0.18924572625436892,1486,652.1742713046385,1,0,5121019.038792267,DoS
5.083884681951496,49,284.9149198029626,0,0,2746.095150408914,Benign
1.096710923359636,1840,61.93298923177663,1,0,103907.691406389,DDoS
0.008634542186469743,47,126.13968651845956,1,0,686610.2612432207,Mirai
0.1736524242086666,3831,69.46350928121369,1,0,1532456.0268537179,DDoS
1.0486621807320455,6,296.85359462939755,1,0,1698.47029911294,Spoofing
0.10351830435337128,4004,60.19381322526979,1,0,2328245.518118662,DDoS
1.1165775273465588,46,99.85129555325996,0,0,4113.6056233956,Benign
12.264469318078133,17,183.13557568917665,0,0,253.84749278363918,Benign
0.4936035778487707,16,301.71845784349387,0,0,9780.106024626386,Spoofing
5.421133855266396,25,182.40937323654305,0,0,841.1956709911353,Benign
0.0481306689211415,62,164.0246421941639,0,1,211289.97464589935,Mirai
0.015086359990072937,70,147.7652092003761,1,0,685623.6130406907,Mirai
16.25859548229762,16,136.32885991547286,0,0,134.16052825857724,Benign
3.605163997819074,21,254.79279794775252,0,0,1484.1623737892787,Benign
0.42887488086501924,1370,423.52832240699496,1,0,1352920.927724376,DoS
13.064036268362953,1,259.1397292116106,0,0,19.836115262414474,Benign
0.015296102214984723,55,140.99421441571303,1,0,506971.10177960206,Mirai
0.03813682046525255,508,61.67032335334849,1,0,821477.0891046167,DDoS
0.3274835594346823,1823,49.12812297130883,1,0,273481.1125520307,DDoS
0.02525018458315605,66,110.23525116201039,1,0,288137.5600535633,Mirai
0.6101188886376048,6,195.88053562239278,0,0,1926.3183547042177,Benign
0.24053390174380868,4525,65.30778681979774,1,0,1228590.7858192027,DDoS
9.805430370515648,46,231.316497393935,1,0,1085.170000504674,Benign
8.113644064614613,40,247.46178419433903,0,0,1219.978506444838,Benign
0.5602895686276815,4256,48.550999570853875,1,0,368796.89671835385,DDoS
0.029280082073171017,17,123.90158713479363,1,0,71937.19525880337,Mirai
1.2150140392015645,27,242.84228470887427,0,0,5396.432860519299,Benign
0.18239931490175246,1430,62.50021467206284,1,0,489998.0409969794,DDoS
0.27917384627331726,278,551.9870381041935,1,0,549666.0902924716,DoS
1.1520844719355656,28,231.53196632634572,0,0,5627.100455790414,Benign
3.133691203571691,20,298.19034476126603,0,0,1903.1252627661415,Benign
0.22659719387695962,7,332.4155573378954,1,0,10268.9219648005,Spoofing
1.3988238348862843,438,610.8852279203784,1,0,191280.50520448657,DoS
0.06889451864878403,604,79.63645052998092,1,0,698174.7904404212,DDoS
0.027118165436109717,416,442.610468836141,1,0,6789764.428188722,DoS
12.306976037138943,6,168.27535170917423,0,0,82.03900838095429,Benign
3.1942460166964675,787,399.0214945989924,1,0,98311.12400483823,DoS
0.7668180425770894,4219,65.84486527815443,1,0,362275.62626841286,DDoS
0.002350357212726888,2565,58.38070140489364,1,0,63712229.90815769,DDoS
1.5326171182160233,40,161.62316783232967,0,0,4218.226872487504,Benign
0.7799617242103075,48,206.2756521555143,0,1,12694.509225423139,Benign
7.565184489297834,4,176.56961894154946,0,0,93.35905512487395,Benign
0.2164327574898955,22,267.713603340501,0,1,27212.60562309285,Spoofing
0.22272703121132145,4043,55.18464675467864,0,0,1001726.3087275629,DDoS
0.751173514449086,3408,75.08495917177116,1,0,340653.0394579562,DDoS
4.649776582782288,42,183.64423284542346,0,1,1658.801803094918,Benign
8.104167786191827,44,161.64812366255907,0,0,877.6369923227852,Benign
4.911287877578742,858,433.1854820232346,1,0,75677.32799225967,DoS
0.15408772106967772,4008,55.65124393671597,1,0,1447553.2777689367,DDoS
0.5384247188309682,615,89.51494214678286,1,0,102245.84328111848,DDoS
2.024703831306054,4,196.25502118091296,0,0,387.72094594065516,Benign
0.9144529460592593,1043,709.2390289003299,1,0,808938.6231745017,DoS
2.7625905066366223,15,227.95690939396707,1,0,1237.734522251897,Benign
15.38864472345205,35,247.27486251105725,0,0,562.4030149125153,Benign
0.06285462409366885,3789,67.4545902912456,1,0,4066294.9830492088,DDoS
6.308104152974391,24,212.62018614839366,0,0,808.9410611832305,Benign
5.418068697516473,5,192.680312052099,0,0,177.8127251694128,Benign
1.0863181796607948,1003,466.9413098977483,0,0,431127.9536661003,DoS
0.028535120526368505,1324,551.031667571443,1,0,25567297.926441878,DoS
0.005734862276803417,25,93.49468993671991,1,1,407571.64437448955,Mirai
0.3754692407400591,4832,67.7820339196381,1,0,872302.5813090196,DDoS
5.810522476870698,18,195.27990499983198,1,0,604.9435836431059,Benign
0.3213616480344691,33,125.96851687997936,1,0,12935.460975086376,Benign
1.36847324362614,15,236.28259640870255,1,1,2589.9219898075016,Spoofing
0.24976444856141966,3832,63.52421505563919,0,0,974617.4585505459,DDoS
0.04695209849953095,1365,300.8931697077802,1,0,8747621.294396948,DoS
0.6665340178778979,18,180.33891152298997,0,0,4870.119634326708,Benign
0.15780546322193922,3695,55.78907036322511,1,0,1306295.8074030587,DDoS
8.345380816347111,22,153.72775410857264,0,0,405.2553939496497,Benign
0.15508351210935997,2869,78.19947386425633,1,0,1446667.588739826,DDoS
1.8715305452128888,24,349.5362758553759,0,0,4482.358378807426,Spoofing
1.913079585797456,13,367.6104825232002,1,1,2498.033175556327,Spoofing
0.34916158527099916,2864,61.58867795240661,1,0,505181.5007621436,DDoS
0.5996894585079746,4244,71.04404036884243,1,0,502778.4014671951,DDoS
1.78926170991369,28,292.2127392828563,0,1,4572.811598541756,Spoofing
1.3363173478667925,400,517.4900081576372,1,0,154900.33381179214,DoS
7.293020336779631,49,177.21650975243102,0,0,1190.673901466663,Benign
0.24326698534956123,4486,60.89021870747761,1,0,1122854.877858736,DDoS
3.856277088262292,44,276.7410737488879,0,0,3157.606926642833,Benign
0.1261456719610394,3242,64.32845545660554,1,0,1653269.9802394137,DDoS
0.17289210695928278,2603,83.44330315814773,1,0,1256291.69509636,DDoS
0.45110037216005494,3922,59.48352363644058,0,0,517167.3403526804,DDoS
4.359585867283241,8,132.21832574935587,0,0,242.62547824387778,Benign
6.084534546133607,47,198.09434290349782,0,0,1530.1801716913046,Benign
2.1245814597704955,1938,62.33725786811866,0,0,56862.778874792704,DDoS
0.049212599942370226,79,133.49990664070793,1,0,214304.72352540324,Mirai
0.2841795183984291,334,488.8552184121815,1,0,574558.095776445,DoS
5.001337701599571,10,196.3345108942928,0,0,392.563995091752,Benign
0.2098151995198682,28,352.2194523121696,1,0,47003.9572314534,Spoofing
0.3142195795975644,29,327.13453367766715,1,0,30191.9488556463,Spoofing
2.109847035320341,20,230.89199767315137,0,0,2188.708411632265,Benign
1.6139228823410807,47,172.61453464508165,0,0,5026.809655583215,Benign
2.366680272600376,1495,473.4135346125991,1,0,299048.94312918576,DoS
0.035256875453507266,28,125.73800813879254,1,0,99857.52233004424,Mirai
0.24577151248678808,5,288.9134413414111,1,1,5877.6836749324675,Spoofing
0.09944521032983587,52,135.24185474716478,1,0,70718.10118885768,Mirai
3.0432750394720194,1264,453.5060414154612,1,0,188360.11497948391,DoS
1.168957520980692,2378,47.99202038544549,1,0,97629.74481813905,DDoS
1.2024306949094985,36,132.0147598548836,0,0,3952.436822259857,Benign
4.919037068607612,41,225.33100304351325,0,0,1878.1259413032076,Benign
0.038455844418574504,1377,59.42696168457153,1,0,2127919.11026481,DDoS
1.1022825384601145,1440,589.2179468607757,0,0,769742.6148697161,DoS
0.10808155822562639,2617,41.79938498615274,1,0,1012096.71940893,DDoS
1.8084489113315152,1497,453.52350851563574,1,0,375418.2316093362,DoS
9.660818635970115,35,178.2814193142136,0,0,645.8924353226807,Benign
0.2974666334414804,4004,57.62918821662182,1,0,775708.0750528879,DDoS
1.8690139814162503,38,206.21206144715154,0,0,4192.616220588123,Benign
0.3141140965015084,4976,69.93514848821277,1,0,1107869.092005795,DDoS
0.10344041412936439,64,109.64591323621713,1,0,67839.427231429,Mirai
0.10337447325877583,903,539.7587623837705,1,0,4714917.977985126,DoS
0.620491850842574,19,287.4497178672971,1,0,8801.960303044016,Spoofing
7.480855926029115,32,152.9979944390191,0,0,654.4619854278366,Benign
0.3517544338039316,4887,69.02854075187878,1,0,959028.3625037879,DDoS
28.630862662149706,22,273.53340847523395,0,0,210.18350223902453,Benign
0.96903230162469,2326,60.05964958416143,1,0,144163.14574709124,DDoS
0.09900831461585527,25,116.59833988095282,1,0,29441.552543679165,Mirai
1.3298361000726666,1180,729.3272291271712,0,0,647152.0289778836,DoS
0.028782243876129696,44,112.2065295496028,1,1,171532.39759312352,Mirai
10.415473106593724,6,263.18858009707765,0,0,151.61399433528996,Benign
0.15247340819747715,74,126.64487747544962,1,0,61464.62549748617,Mirai
0.11110888906784773,7,214.06134854500317,0,1,13486.13465930722,Benign
0.02797404852187579,83,149.51307599343642,1,0,443610.6306797491,Mirai
3.4945721659526234,27,227.22592250733146,0,0,1755.608302347225,Benign
5.273360353855033,38,184.3943737865304,0,0,1328.7516372299067,Benign
0.1027881895721409,1266,79.23130007210715,1,0,975859.4475573311,DDoS
1.3207739603121644,23,219.90970677659362,1,1,3829.514669312692,Spoofing
1.699219736666696,33,156.05955354170453,0,0,3030.782397207067,Benign
2.9145260071658043,14,113.40981505370262,0,0,544.7669387228467,Benign
0.07132378716050344,86,135.19000014265313,1,0,163007.8894451418,Mirai
2.573992009351047,35,179.38709644682598,0,0,2439.226055414932,Benign
10.1020334098868,12,256.0635795091455,0,0,304.17271745532446,Benign
0.4704689424925426,565,65.44531195971147,1,0,78595.20133536358,DDoS
5.9900944281846344,42,208.66031104147507,0,0,1463.0375478734984,Benign
0.04343192870142651,26,373.4535949102129,0,0,223563.487921885,Spoofing
0.2083246972718456,35,150.48801265730592,1,1,25283.03418644898,Mirai
0.5341117654882576,4499,68.726528758597,1,0,578906.2755475392,DDoS
1.5026697504645457,17,210.574275615332,0,0,2382.268415501125,Spoofing
0.7093469051596576,4888,69.58618392943907,1,0,479507.64932221867,DDoS
0.30633766973446475,48,230.95122595847982,0,0,36187.7102989526,Benign
0.18154453085541655,47,142.93596966625032,0,0,37004.64311791372,Benign
0.7750605810351251,3642,45.33135423446946,1,0,213011.46795705214,DDoS
1.2628994260486073,8,204.06311199178927,0,0,1292.6642155837683,Benign
0.2858448568823214,21,327.67255312504363,0,0,24072.931347016627,Spoofing
0.03256316744791767,20,145.93549360806372,1,0,89632.24713411344,Mirai
7.430261548776333,23,144.346894452371,1,0,446.81853399242596,Benign
1.3467454387662212,2819,71.97554500464766,1,0,150658.8071714439,DDoS
0.40915823987328404,394,494.254259899663,0,0,475943.43562719604,DoS
1.5096695956449322,26,281.4447647614837,1,1,4847.129401630764,Spoofing
0.02539367094388792,32,133.85940390952703,1,1,168683.80056471803,Mirai
0.0399818515298156,2166,42.24023980614043,1,0,2288347.2355418988,DDoS
0.015592857994880548,80,102.83347117242609,1,1,527592.6771407187,Mirai
1.285323177213349,1920,65.14674227970679,1,0,97315.40471262728,DDoS
0.1984297213101367,3441,70.87395222925578,1,0,1229035.9932507286,DDoS
4.427835485324485,3,258.22891173434715,0,0,174.9583374925842,Benign
0.5563532475315248,9,244.45784871854846,0,0,3954.5390419281593,Benign
1.1287014401621986,1323,50.532644113732246,1,0,59231.50780498738,DDoS
4.868920731463717,33,85.93020306741823,0,0,582.4076541029086,Benign
0.6255676290009883,31,223.46513806580649,0,0,11073.813539717314,Benign
1.3366113960554946,776,430.5276237200661,1,0,249952.55688580128,DoS
9.103502076958904,32,187.89305653120354,0,0,660.4686590028288,Benign
0.35623961394068776,1633,78.40742694478705,0,0,359419.11901508854,DDoS
0.08904632436733659,4256,66.66319348515931,1,0,3186190.485554841,DDoS
1.9958514506391576,16,333.80157952460155,0,0,2675.9633191554726,Spoofing
0.15130225740599487,2390,78.41448903408923,1,0,1238650.5793405809,DDoS
7.129420712350712,37,275.50480992858905,0,0,1429.8045211020708,Benign
1.4313885601490546,572,82.26770000102191,1,0,32875.15752933245,DDoS
0.17087354553144643,39,80.45725785177314,1,0,18363.48070416603,Mirai
0.912862928896966,25,268.04620659952946,1,1,7340.812024304024,Spoofing
0.17853519001891688,1434,66.22374316411528,1,0,531911.0909579182,DDoS
0.08053701261579636,30,274.63116884394765,0,0,102299.98354449097,Benign
0.3562629852959937,19,381.81714789630155,0,0,20362.838996598137,Spoofing
3.207182626889144,10,271.31137674490196,0,0,845.9492592352453,Benign
6.995598221284652,1014,568.3309506650905,0,0,82378.59947716865,DoS
1.1567717672920288,3818,63.437481968505644,1,0,209379.51029246525,DDoS
11.117305174256384,2,211.33976599883894,0,0,38.01996305511602,Benign
2.181055719188099,35,235.04012653231118,0,0,3771.7534477721556,Benign
2.336342175918315,43,271.6628398199651,0,0,4999.910643511371,Benign
0.8636097662855878,1293,434.57469922005674,1,0,650646.9797212976,DoS
0.06241976604908934,19,297.2991664952896,1,1,90495.11910967686,Spoofing
2.32689452812965,12,189.05663556125813,0,0,974.9817189001061,Benign
0.13125119621279166,35,92.54330429402826,1,1,24677.989563155817,Mirai
17.520279256616373,14,258.81526608842034,0,0,206.81255544882575,Benign
0.29058845897082497,3938,69.02799196811105,0,0,935454.3306130174,DDoS
16.573013780848328,19,170.64695407978812,0,0,195.63684495711618,Benign
0.24061661121649572,12,434.4998511249199,1,0,21669.319450300645,Spoofing
0.013666003249182716,30,113.75305895491745,1,1,249713.95853075117,Mirai
0.708650007229618,1241,444.20469356690626,1,0,777898.8486454797,DoS
0.3026183600528954,24,131.6904778270584,1,1,10444.083654729202,Mirai
0.09956830229794932,1218,550.7943078545026,0,0,6737761.430934844,DoS
0.05215167218770781,22,309.04800625984143,0,1,130370.81751175477,Spoofing
2.4687504330137666,970,510.17284445422337,1,0,200452.6875227639,DoS
0.025427187817509665,18,332.00406058217675,0,0,235026.8985060133,Spoofing
0.17315061058964112,4491,61.316051791249976,1,0,1590351.8194753504,DDoS
3.5549698853228895,39,247.97117785309223,0,0,2720.381957720076,Benign
0.4598159426304436,685,45.064353029774445,1,0,67133.56141764995,DDoS
11.054946846061009,35,201.53822242680025,0,0,638.0707101682143,Benign
1.2324525810315359,776,70.2740039350184,1,0,44247.24155142072,DDoS
1.3887528386554668,1388,60.582588632480196,1,0,60549.746996948474,DDoS
1.0611934002024297,765,574.6497203264389,1,0,414257.22772669693,DoS
2.6277194256037766,22,115.95513571778865,0,0,970.8087404366617,Benign
7.897620175126482,10,182.38733313823693,0,0,230.9396110396205,Benign
0.7177656175167226,1147,76.81474052815304,1,0,122751.0836902672,DDoS
4.518146885529136,10,257.99739535929183,0,1,571.0248070632986,Spoofing
3.7401137647004528,43,103.49716350798566,0,0,1189.904455005212,Benign
2.4551817905952515,2637,65.40078455536866,0,0,70244.03224768717,DDoS
1.072899387708897,1064,485.9469472155622,0,0,481916.1589247224,DoS
0.543977677046522,948,558.9133351620017,1,0,974028.6487679967,DoS
0.5878022109364727,35,203.87598793607543,0,0,12139.558928154209,Benign
0.6793148015641662,4675,64.64870638994837,1,0,444908.1658122248,DDoS
2.7766534226048964,18,202.98357810558903,0,0,1315.8662064756022,Benign
0.0864765002298881,23,175.99666371233636,1,1,46809.51766806919,Spoofing
9.63820150970094,29,216.47841744950034,0,0,651.3532737115706,Benign
12.67546521397145,46,191.05710872021186,0,0,693.3573523946512,Benign
8.225013238774611,10,251.2322821053605,0,0,305.44909146284834,Benign
2.490306287411027,15,242.79724828799533,0,0,1462.4541337468108,Benign
0.11409049333686985,44,140.67527104646243,1,0,54252.65282856008,Mirai
7.4850898796455745,5,302.8651625593426,0,0,202.3123084887282,Benign
10.776074524350303,22,223.29770354564596,0,0,455.87560357934626,Benign
0.03633469197074413,2531,69.8139911223753,1,0,4863099.202079546,DDoS
9.277331185603499,45,213.21830087969718,0,0,1034.222380082276,Benign
2.7528511179733783,6,189.38477292117003,0,0,412.77518791628637,Benign
0.08380214529290884,67,109.27137606517313,1,0,87362.70617866989,Mirai
0.08864744584545421,34,120.88330129301075,1,0,46363.79767926641,Mirai
0.22339260313818216,8,421.828937736239,0,0,15106.281293488011,Spoofing
0.10592490853751753,47,121.37766082590642,1,0,53856.5493006495,Mirai
2.331524415776316,428,456.4869309968217,1,0,83797.70983508496,DoS
4.7319888390132325,15,232.7789716425462,1,0,737.8894358014416,Benign
0.2897031350201413,94,128.40061595042997,1,0,41662.158397082196,Mirai
0.09289609629590412,30,144.2103201664529,1,0,46571.489841864735,Mirai
0.08590655838580366,82,93.91402099600134,1,0,89643.32719613078,Mirai
0.8875758344022937,1979,45.384484380171656,1,0,101192.361381541,DDoS
1.5113499577173921,1,228.62380005463746,1,0,151.27125182835246,Benign
0.06053579086476571,59,132.25358987973888,1,0,128898.32100048164,Mirai
3.2305919588273775,1187,409.35456528385566,1,0,150407.06941160944,DoS
2.6223301880744305,18,223.27642580704304,1,1,1532.5971087866312,Spoofing
1.4361540324335278,18,163.76038403180993,0,0,2052.486603806554,Benign
1.2508449324990703,6,194.53056799126918,0,0,933.1159903375814,Benign
2.1837633578181954,42,158.62916024769146,0,0,3050.891346148188,Benign
0.011039554092086411,72,130.59673729954613,1,0,851752.2544056139,Mirai
0.017573369540243102,32,280.31006716892585,0,0,510426.9917538843,Benign
7.215063857590817,28,239.0378001194052,0,0,927.6506120318977,Benign
0.5493496026950647,27,185.72150986825787,1,0,9128.032025220962,Spoofing
4.543738286652269,25,248.60935349090465,0,0,1367.8679195785878,Benign
0.09488608981103869,67,120.8644034152189,1,1,85343.54239853591,Mirai
9.100770718057685,5,202.7675356366289,0,0,111.40129881214291,Benign
0.002152428173985785,77,107.33858314065054,1,1,3839882.3253298835,Mirai
0.8774858878641997,3006,71.15341973692608,1,0,243749.9938030925,DDoS
3.414682863463997,17,345.5314063965677,0,1,1720.2282447930716,Spoofing
0.4108641811476405,10,340.0605567138069,0,0,8276.714601013346,Spoofing
5.649519820189202,13,223.70443964225464,0,0,514.7619280769098,Benign
7.383094754831334,8,179.33798640056355,0,1,194.32283328961338,Benign
0.9351173557811127,19,281.7908513631644,0,0,5725.51257101613,Benign
2.228890026672019,1480,644.9799144942004,1,0,428271.5890100223,DoS
0.051765321206037586,75,161.18426503573787,1,1,233531.24439359945,Mirai
0.6612747595856552,3153,58.216588985860184,1,0,277580.3891069896,DDoS
5.835390075425194,245,516.0412746914868,1,0,21666.09441104106,DoS
0.37306235511495206,22,244.75332570413502,1,0,14433.440125128189,Benign
0.028551873937185657,44,154.12744017014404,1,0,237518.81863887206,Mirai
0.4841141456362561,27,274.1893850181336,0,0,15292.082378134037,Spoofing
2.756270622651545,19,105.89518534086851,0,0,729.9749541795501,Benign
0.4242995405036929,1829,54.78415653170772,1,0,236154.44451706007,DDoS
20.959110449832224,36,251.19263417185837,0,0,431.4560416021516,Benign
0.8425992458272146,4235,37.674510205702276,1,0,189356.38918654714,DDoS
0.0925516917351444,2417,63.65463941042395,1,0,1662349.5537529155,DDoS
16.04493003265458,41,281.23921722711293,0,0,718.6574128303566,Benign
1.0924329857706379,4572,55.8802183788377,1,0,233867.3051398379,DDoS
0.16122656768211455,21,143.4195635499725,1,0,18680.611253151015,Benign
0.23380682920087995,2074,52.17092845617215,1,0,462785.9074430056,DDoS
0.29728110959850973,2040,61.719982825245516,1,0,423534.36157967045,DDoS
11.429983388756025,8,233.45849447212134,0,0,163.4007585360312,Benign
0.047243594661221994,37,103.10808928884742,1,0,80751.67292083181,Mirai
0.7242491725608632,789,452.2625201758317,1,0,492696.6325097791,DoS
4.425339081577943,1,184.3064842560271,0,0,41.64799145522402,Benign
7.917527022417738,46,231.75022382720843,0,0,1346.4444473466713,Benign
0.05135650541902066,52,124.26992523584727,1,0,125827.0215144106,Mirai
0.9179382240727876,11,320.41199565814406,0,0,3839.61780848567,Spoofing
1.0544218313957265,37,172.9443543390506,0,0,6068.6728214595705,Benign
0.8743014677545414,38,184.05371510621504,1,1,7999.576155349354,Benign
1.4696520002641353,45,239.09932073820482,0,0,7321.100118453523,Benign
0.23469591723427446,1621,56.9620674240001,1,0,393426.15066513687,DDoS
4.225219028948724,11,198.4367774481479,1,0,516.6133487931228,Benign
0.4806307516885275,1,233.17224144315472,0,0,485.137999647309,Benign
1.8072657971534976,600,508.94384727211116,1,0,168965.90907891278,DoS
0.037118045950783954,3661,56.94225348631593,1,0,5616286.759540468,DDoS
7.8855812773633,48,282.3359361155801,0,0,1718.5955552130542,Benign
0.2588391290683167,3199,45.92084574715684,1,0,567537.010628646,DDoS
0.6821552066839324,739,66.99766036890969,1,0,72580.65397361199,DDoS
19.7218449724602,22,337.96853861790305,0,0,377.00873625041737,Benign
2.8124180417111115,27,142.1532485257315,0,0,1364.710954513568,Benign
0.03805222469074566,51,118.95344734048267,1,1,159428.93914005577,Mirai
2.8527182700662577,17,131.72057281897747,0,0,784.952990773466,Benign
0.08755814452507543,935,474.86940879211477,0,0,5070949.134760057,DoS
0.37406042549103197,14,335.6913037417159,1,0,12563.9547306153,Spoofing
0.31985640192052023,37,99.92130266463921,0,0,11558.587467354568,Benign
8.856182451362343,40,237.19343595164804,0,0,1071.3123278762653,Benign
0.971309001342375,3309,60.68902010092961,1,0,206751.88558577912,DDoS
0.008343624657620641,82,132.5260861689122,1,0,1302448.2178647993,Mirai
1.4999635840811034,6,276.9761533536278,0,1,1107.9315109772092,Spoofing
0.20389957126914263,688,505.03073751478183,1,0,1704079.8332603131,DoS
0.6907636339726593,18,260.2422604138168,0,0,6781.423423390745,Benign
4.1987916071700795,508,755.2552903119681,1,0,91376.21567674496,DoS
0.24737407785877055,1625,93.29783515915425,1,0,612873.3594317082,DDoS
0.2730854220721508,3103,85.90780069502173,1,0,976148.4283339832,DDoS
7.18009663413449,8,178.2192213009223,0,0,198.57027600844302,Benign
12.356320371384005,11,137.7719510613409,0,0,122.64909100159589,Benign
0.057965325530469285,35,129.75542640985557,1,0,78347.52729815607,Mirai
0.7961485205180558,2760,60.675580347241315,1,0,210343.4189005544,DDoS
25.705362703323335,30,260.0219937775363,0,0,303.46429666668644,Benign
2.2135082553257446,8,237.72362588685417,1,0,859.1741198701615,Benign
0.15070758976099574,49,96.55018551495631,1,1,31391.644559743778,Mirai
5.967341472703606,1007,449.6986947468491,1,0,75887.49322986325,DoS
11.849374005379751,2,148.59840677684323,1,0,25.08122483253172,Benign
1.4419787026892892,27,318.34863300295115,0,1,5960.846075638456,Benign
1.6308441206252722,16,144.83706387179407,0,0,1420.9776352262334,Benign
0.20539141544521333,29,174.81680830335367,0,0,24683.054205590975,Spoofing
0.14457033922626852,2791,67.67305005940646,1,0,1306460.811579009,DDoS
0.774989223606915,2822,64.23579832834284,1,0,233904.4432629786,DDoS
0.3660478974032763,1404,77.30257779156227,1,0,296498.955435284,DDoS
4.996249468794547,28,197.25960336404086,1,0,1105.4830085427564,Benign
0.08658484537560386,13,125.7919526389357,1,0,18886.623602690233,Mirai
0.09117349947555739,1505,64.70814866343014,1,0,1068136.7316011644,DDoS
3.2963601450179603,22,281.8319442789093,0,0,1880.9542954543342,Benign
3.385447692331167,2,73.5101142760836,0,0,43.42711567666589,Benign
0.8804726693477896,3933,65.01568984631643,1,0,290419.8132066693,DDoS
0.6934674360025078,22,370.8466587370748,1,1,11764.974198710812,Spoofing
2.1373453872076382,44,210.21906710351388,0,0,4327.629501490594,Benign
0.04502721590796495,90,105.61131989527456,1,1,211094.96998443888,Mirai
0.009224579449510214,56,91.31628318457834,1,0,554357.1808694112,Mirai
4.386039646546264,27,284.5586605640168,0,0,1751.7132662670774,Benign
4.512652998668155,38,161.10985500837387,0,0,1356.6685699354855,Benign
14.58724501358346,49,336.05667718163966,0,0,1128.847645087656,Benign
0.9335788418913505,361,545.3142497670822,1,0,210864.29483245182,DoS
0.8114828677658315,16,184.08141906204503,0,0,3629.53159208611,Benign
0.43732470597768747,6,252.14352492302993,0,0,3459.3544084275145,Benign
1.1351738814499934,3703,45.62426961255551,1,0,148828.8914465616,DDoS
3.802324111643016,817,479.5323213685049,1,0,103036.43115493853,DoS
1.9494862193057572,7,197.53901249058927,0,0,709.3012885859497,Benign
0.3180759346396362,3559,51.53946224829578,1,0,576682.8802986944,DDoS
0.8765405094870661,1899,79.38272269314785,1,0,171980.40337291698,DDoS
0.228390087757323,3822,60.462741396739936,1,0,1011815.3545432513,DDoS
0.0039397209951809445,21,106.72493942293144,0,0,568878.7938595192,Mirai
1.1482110002082524,31,146.5663616466604,0,0,3957.075145789757,Benign
0.07960419907821692,88,137.48883897932768,1,1,151989.6936378026,Mirai
2.2210852977857507,351,516.0779624127332,1,0,81556.23963989821,DoS
0.09697420291627552,920,71.41415094662105,1,0,677510.2748471731,DDoS
0.717639558769357,492,623.3913877590928,1,0,427385.2507565669,DoS
0.16676264407043997,536,68.38770071037084,1,0,219808.26572451968,DDoS
0.967672256729139,29,135.0392012909953,0,0,4046.9661191651057,Benign
5.70724518986168,1198,458.81477757409607,1,0,96309.17986670353,DoS
1.0981656356390497,630,69.0109588477305,1,0,39590.47948970825,DDoS
1.28416057928542,1168,483.94871479084117,1,0,440172.44260078506,DoS
5.750307282888017,39,239.52664150888887,0,0,1624.5286659107023,Benign
1.5015803453192949,5,229.66965056103015,0,0,764.7597788455116,Spoofing
0.34076073449344463,4104,59.49733408068522,0,0,716564.5403074734,DDoS
3.228456190576895,36,243.5807204770377,0,1,2716.1297597185094,Benign
1.7395404462417836,4029,50.691432703179586,1,0,117407.89517274797,DDoS
0.018232514850814254,36,140.3390592213664,1,0,277098.6983040116,Mirai
0.051437105344279345,44,121.4549820190307,1,0,103894.24469103983,Mirai
0.5102628993952537,556,57.91821297944428,1,0,63109.67631535893,DDoS
0.1843522906568056,18,120.657334548985,1,1,11780.878958129475,Mirai
0.48265010361713034,16,215.4969340510542,0,0,7143.789919398852,Benign
0.7680658286880175,585,86.0812054073328,1,0,65564.04839583681,DDoS
0.01857490159014118,40,112.29911865244952,1,1,241829.80051329787,Mirai
0.0708515460789671,56,111.34937424798474,1,0,88008.87634741717,Mirai
3.105679752085652,974,426.7727690381398,1,0,133844.02456949922,DoS
0.027232472788309172,14,105.57835884133229,1,0,54277.003607736835,Mirai
2.0271429529625893,15,306.6322013171818,0,1,2268.9485282899086,Benign
0.11478822429160662,11,106.4727206682567,1,0,10203.136554979032,Mirai
16.558369328523913,44,100.23094251254486,0,0,266.340325128206,Benign
5.609729369665541,14,242.8359709030231,0,0,606.0370061746879,Benign
1.7557054541964892,45,121.71963076902246,0,0,3119.7621283877443,Benign
0.06265527712788498,3008,62.377231254411285,1,0,2994651.3719873624,DDoS
9.606357974839659,34,104.49498685245764,0,0,369.8414698149806,Benign
10.247514087009888,21,73.85220840715596,0,0,151.34366865777196,Benign
0.4018230557443154,3,141.8933490631232,0,0,1059.3718829818333,Benign
1.28964410144044,6,163.39538283697604,0,1,760.188253431199,Benign
0.17474732894573095,3770,68.06746305597413,1,0,1468487.886305352,DDoS
0.1088247550345948,3786,51.900670905656405,1,0,1805618.0322790542,DDoS
0.5416289918214996,13,291.5503490238566,0,0,6997.695091180103,Benign
2.0816320050223056,241,539.3310693552443,1,0,62440.80961525238,DoS
0.5553214665178108,68,111.07521180589154,1,1,13601.336988038754,Mirai
0.1541302148474898,67,115.97556978399787,1,0,50414.275897925334,Mirai
17.726154985606666,15,199.50122714598697,0,0,168.8193750770925,Benign
0.6661019462136467,483,366.1142321669478,1,0,265474.6396431005,DoS
0.4078147918177874,13,171.19188444489816,1,0,5457.120591099188,Benign
2.675122338321154,8,289.8229918899804,0,0,866.720711014261,Benign
17.855043876745764,27,199.01327436907147,0,0,300.94344461192503,Benign
0.0023199201257951755,70,162.2387687417985,0,1,4895303.80190709,Mirai
8.932080694264346,1,155.58611649495447,0,0,17.418798801813633,Benign
4.356237664314562,32,148.4619904862402,0,0,1090.5703640729173,Benign
12.64142713916397,2,174.83720701036023,0,0,27.660991925302977,Benign
0.06570049570210237,19,149.91773947207895,1,1,43354.87913036175,Mirai
10.593687028299737,886,465.75695208231303,0,0,38953.450148428674,DoS
5.948339310069903,2,273.0119339568674,0,0,91.79433778926744,Benign
0.16451252259305188,3517,70.99830372076264,1,0,1517823.872919375,DDoS
0.2571638017245127,2096,49.478663777377946,1,0,403273.23900927877,DDoS
0.08472404064872387,202,413.03104280283236,0,0,984753.2059063665,DoS
5.272644624764029,12,236.30699425718078,0,0,537.8105548338709,Benign
0.25582052263119537,22,104.16700162635124,1,0,8958.132100619338,Mirai
0.22689222693581954,45,170.35183355475345,0,0,33786.22799683799,Benign
0.9527664682136326,255,685.8444063634385,1,0,183560.53603626852,DoS
0.6380784520999977,6,200.19033369486604,0,0,1882.436239957774,Benign
2.891162999398334,23,232.9739575796319,0,0,1853.37216388237,Benign
5.481028465476065,1,146.8861977246563,0,0,26.799021141718928,Benign
0.2933275287994663,2474,56.2782461481318,1,0,474665.23698041466,DDoS
0.06379782072098819,16,214.46089363143645,0,0,53785.1333999271,Benign
0.0717996351981836,74,130.0515463125669,1,1,134037.09365048996,Mirai
0.04991854742038399,37,82.85528929188753,0,0,61412.95895457081,Benign
0.49521483806221933,202,515.6470679092474,1,0,210334.38360863717,DoS
0.23484628958546808,63,135.07446752381756,1,0,36235.15393418024,Mirai
1.1407128025394058,1960,65.28569072874853,1,0,112175.43411758699,DDoS
2.8901142345038235,1038,476.28071948275294,0,0,171058.77024545116,DoS
1.3940655210727868,924,393.44944268428753,0,0,260782.06479170226,DoS
3.0110237111597216,28,195.95807768073328,0,0,1822.2460868457372,Benign
0.04929823709929367,96,110.24213973113677,1,0,214677.96896819994,Mirai
4.022694153295046,2,207.3212863360402,0,0,103.07583844832965,Benign
0.14943057540599045,829,61.70696691806306,1,0,342333.39084782475,DDoS
0.6767489854782169,404,307.4866622080061,1,0,183560.8389486577,DoS
5.491807790524216,43,204.1345815200608,0,0,1598.3419923232123,Benign
3.5354188214766764,32,110.84498862064959,0,0,1003.2869696550567,Benign
0.682703399384045,3975,59.82452544149727,0,0,348324.7466535307,DDoS
0.03589195076903759,60,146.72878445353786,1,0,245284.16200790237,Mirai
1.2162716489524619,14,255.08045934166807,1,0,2936.1256869376643,Spoofing
0.5544758596691651,3114,65.40716798701557,1,0,367334.1545168322,DDoS
0.8229684395766563,251,538.3898065583751,1,0,164205.37525797158,DoS
0.33119235471076774,27,242.67477964493975,0,0,19783.72675944004,Spoofing
1.5072726637255456,9,150.71575789979266,0,0,899.931282337065,Benign
5.301547768241629,36,282.6477963819728,0,0,1919.3113246484777,Benign
0.9434926204895796,704,560.6249525966393,1,0,418318.02184444654,DoS
0.019146237651457232,63,121.4867813289115,1,0,399747.8440960906,Mirai
0.09518640903656916,91,149.74253727186658,1,0,143156.68622927816,Mirai
0.5190987516244607,1377,54.3153084184508,1,0,144080.83136041666,DDoS
4.406461100887551,21,134.3496468414309,1,0,640.2740246820227,Benign
0.5870434149052651,1731,60.18958229922391,1,0,177479.49183071931,DDoS
3.7140111452807028,44,175.71602636355234,0,0,2081.712966806932,Benign
7.823366893210395,23,318.43620062251506,0,0,936.1739918747896,Benign
0.15094605455332002,99,159.0262895059856,1,0,104299.53076733994,Mirai
4.446505629232107,16,158.786537344687,1,0,571.3665537299096,Benign
0.191183122045421,86,167.60420448086387,1,1,75393.4836461654,Mirai
0.04007672476647247,1859,60.30811338124981,1,0,2797453.719809337,DDoS
1.3231353855759564,4724,74.38232046508033,1,0,265567.74590688164,DDoS
1.0459197282197927,26,262.401128030618,0,0,6522.899554068247,Benign
5.764353850108485,5,68.33168845689153,1,0,59.270900289722434,Benign
2.493847044696866,23,186.40887190138824,0,0,1719.1928682430785,Benign
1.0597844336605489,14,327.0487916783719,1,1,4320.390956944145,Spoofing
0.06818318515122712,16,146.19472577831021,1,1,34306.34117876591,Mirai
0.9763145953729848,2639,77.2356596752966,1,0,208769.70071848595,DDoS
8.200129930428638,40,168.3538465097183,0,0,821.2252631997898,Benign
3.4221044589963667,9,313.35465507731163,1,0,824.110406180561,Spoofing
7.368196064098543,20,177.285799064433,0,0,481.219005363487,Benign
23.721631799615743,30,251.00088466077338,0,0,317.4329069531033,Benign
0.4653381068723451,4132,58.01443901622665,1,0,515142.9863035246,DDoS
0.32985682863632687,17,118.01049247977863,0,1,6081.9670778078225,Spoofing
4.411934286358254,9,180.75588340078306,1,0,368.7278288883719,Benign
1.1800581962618004,7,126.61727181694131,0,0,751.0823665530098,Benign
0.1156590174170133,27,230.11716700933198,1,0,53719.66361126992,Spoofing
9.953325766802502,45,175.89902325148216,0,0,795.2574076011109,Benign
0.20798562969753331,39,124.44856558040776,0,0,23335.71826425787,Benign
0.45585687993267754,2165,69.10547215893668,1,0,328202.45522277366,DDoS
0.09964095170791239,27,91.38454470232675,1,0,24762.737254815784,Mirai
1.950835596376092,3225,49.023342756324936,1,0,81042.33933543037,DDoS
1.2403773479648597,22,267.59814176044875,0,1,4746.264617286979,Spoofing
0.2219944256129313,1361,662.0405984550316,1,0,4058828.2881856835,DoS
2.2826614249138584,24,161.60555107412,0,0,1699.1276864133479,Benign
0.19312704609018738,20,257.2514528442043,0,0,26640.644907298156,Spoofing
0.8712768117135973,932,58.12315672258373,1,0,62174.02017035987,DDoS
10.006979302032406,10,200.06124309846578,0,0,199.92171169758848,Benign
0.3612861829607233,2722,66.28853033936646,1,0,499430.6123336344,DDoS
2.0330297006826967,42,206.29987046136912,0,0,4261.912433678617,Benign
14.162212423953335,16,170.14922028119864,0,0,192.2289712230734,Benign
6.289343145135261,27,197.2380527613391,0,0,846.7382525749634,Benign
0.11211350948862671,779,79.57714384287212,1,0,552927.076641785,DDoS
0.14306227193391527,63,125.72354745021153,1,0,55364.586220342426,Mirai
0.1612082600792303,1357,55.402393643048754,0,0,466359.7767054079,DDoS
0.2894326204788841,18,304.62054339215535,0,1,18944.54665126051,Spoofing
9.513532704053409,24,199.70124968461505,1,1,503.79077273668184,Benign
11.780200021415313,40,208.45321259951677,0,0,707.8087374427197,Benign
0.5030624959074205,14,171.7688740207336,0,0,4780.249483620468,Benign
3.1359094699708456,34,131.61508222436726,0,0,1426.9904276509901,Benign
5.274368090629661,49,250.0003245326098,0,0,2322.556122668234,Benign
0.05166122840814683,24,128.47153498178068,1,0,59683.38219144061,Mirai
0.1770030700553406,12,254.50799457786363,1,0,17254.48001540024,Spoofing
0.618833986554559,11,410.26303794513956,0,0,7292.575255154736,Spoofing
4.706718371442112,26,99.88021144200461,0,0,551.7401494103945,Benign
0.04058226641861951,25,135.2112600347109,1,0,83294.5470812066,Mirai
4.47519696720527,45,149.8300880747193,0,0,1506.6049634845285,Benign
4.781784840029558,15,248.05129042873673,0,0,778.1130855749778,Benign
0.11096564372367075,35,105.1599092937396,1,1,33168.79623071799,Mirai
0.5312277909121936,748,528.066588345116,1,0,743548.8407033191,DoS
12.636069307877777,2,130.1950515005987,0,0,20.606891008334443,Benign
0.35500796386636935,1412,60.87148684553324,1,0,242108.7642367541,DDoS
6.221624716645265,44,216.6724777934522,0,0,1532.331096314093,Benign
1.8958556776209026,239,414.60972966951886,1,0,52267.54681841847,DoS
0.8159796205138821,2224,52.35152949203291,1,0,142687.14397175363,DDoS
4.104258343716452,9,348.9036178570105,0,0,765.0913509186337,Spoofing
10.385244491500147,35,231.93077613191227,0,0,781.6452632637391,Benign
2.4611847332866574,6,262.0584547989358,0,0,638.8592889953056,Benign
0.07732144174298423,3855,50.32750172157284,1,0,2509168.4112869897,DDoS
0.03933148686007076,599,86.03245761924893,1,0,1310233.765056229,DDoS
11.246307065966183,19,188.23491613672292,0,0,318.01224932057085,Benign
3.32700465793276,1376,477.1482078043608,1,0,197341.45318171952,DoS
0.0704231725289474,69,113.64279285883995,1,1,111346.20076987831,Mirai
0.519944041178236,26,330.01538599258026,0,0,16502.545189984663,Spoofing
0.11641898392387316,63,132.3790904203613,1,1,71636.79337672492,Mirai
0.039669186767373,24,125.4141688286471,1,1,75876.02109260121,Mirai
0.7509792226876472,2788,49.86390756350398,1,0,185119.06866013462,DDoS
0.06109600033645033,50,112.91150144592223,1,1,92404.98627089208,Mirai
0.413760415303681,21,228.14848289018408,0,0,11579.450240974373,Benign
2.063537316953476,1,199.6633111943367,0,0,96.75779039901813,Benign
4.09023580052555,45,170.565049080206,0,0,1876.5243821940687,Benign
0.3921624906448743,1848,65.31494523456138,1,0,307785.73084587033,DDoS
14.560193504228831,40,241.9832872016267,0,0,664.7804155386963,Benign
0.26213875340307613,9,193.53596957265512,0,1,6644.663192838149,Spoofing
9.290223818068442,7,164.35253497705622,0,0,123.83638622374878,Benign
3.195143787281491,27,175.04659632532815,0,1,1479.2004414940836,Benign
1.5895699674318116,906,52.42785523833997,1,0,29882.06736358941,DDoS
5.059653465900208,27,189.25990335965457,0,0,1009.9540265257089,Benign
17.746960377551463,20,219.26006871718278,0,0,247.09591282406856,Benign
6.002477875776348,6,242.80980847057057,0,0,242.70957444137122,Benign
0.5889233584883161,2072,81.8591505057405,1,0,288003.7909911826,DDoS
0.6699004908801525,3805,67.67012846798349,1,0,384362.81556142657,DDoS
0.05009042574293374,54,119.05731821108867,1,1,128349.78118160117,Mirai
0.9251359138011663,1396,464.60867450633754,0,0,701079.3764841837,DoS
0.6254276539743941,2679,68.03443928572479,1,0,291423.41514358245,DDoS
0.8986039062266351,3,242.2662845710365,0,0,808.8089186759054,Benign
6.5795388704425575,44,205.36786902518867,0,0,1373.3768300544293,Benign
0.08167308985928091,39,90.7964969247642,1,0,43356.54970525663,Mirai
1.3938896731491606,34,188.26310914930622,0,0,4592.1465912112,Benign
0.03933014681718269,7,229.72445649418245,0,0,40886.47832752908,Benign
0.09231289227422224,53,149.01806985766166,1,0,85556.38879772722,Mirai
0.22314788243551437,1934,50.1825046358952,1,0,434926.6634599046,DDoS
1.4700856674693084,37,187.06315490856028,0,0,4708.1179585483105,Benign
1.8696233995995726,24,92.64429584225864,0,0,1189.2572058578314,Benign
0.1376945286323181,17,421.6655747929724,1,1,52059.54690198246,Spoofing
0.027057735954245356,17,142.0842940382781,1,0,89269.59013626367,Mirai
4.202915743449136,675,415.37329781327804,1,0,66710.11106063012,DoS
0.8213329194121028,3180,48.52515310891072,1,0,187877.513781852,DDoS
0.13500744129036002,2605,87.44998508580215,1,0,1687367.8144789846,DDoS
0.47833556017291456,7,166.12200345200418,1,1,2431.042391545522,Spoofing
0.3376350869931425,28,388.15747075388117,0,1,32189.809648928505,Spoofing
2.0716212874106255,20,234.3352890743693,0,0,2262.3371414306253,Benign
0.09615805667882357,73,133.17657663353762,1,1,101103.22972437163,Mirai
13.347014343071667,14,183.3265674480925,0,1,192.29558598665798,Benign
3.3598430064164617,32,213.4819743769167,0,0,2033.2566631878396,Benign
1.2483956161213006,433,265.1394885301452,1,0,91962.35316032844,DoS
1.9701351165864704,3970,47.11396216868661,1,0,94938.88425975703,DDoS
2.9146577256090165,11,444.1292405433852,0,1,1676.156209716333,Spoofing
0.44018074726625284,19,204.81127788889478,0,0,8840.491784469607,Benign
0.1302056157143304,3365,59.31439490625609,1,0,1532905.7641988064,DDoS
2.1956184407177317,20,328.06043503837844,0,1,2988.3191810972207,Spoofing
3.171731188554201,17,353.67495510481774,0,0,1895.6443277661947,Spoofing
0.19595591409530455,19,143.2255932036382,0,0,13887.237256567867,Benign
4.043851438339022,19,224.2646233575724,0,0,1053.7053372920288,Benign
13.381336936561953,1153,651.3112153899134,1,0,56120.08986132844,DoS
6.8818780190213875,18,197.60622665563793,0,0,516.851950873038,Benign
0.37068727399958057,25,324.1238441621533,1,0,21859.655489718814,Spoofing
1.5135377153768061,18,363.4786951771541,1,0,4322.731073510079,Spoofing
3.340624890934844,5,185.35421412848916,0,0,277.42446425438004,Benign
2.4133303915026647,44,222.39493730797696,0,0,4054.719269274234,Benign
4.639302237087802,22,162.1002604516568,0,0,768.6944173257917,Benign
0.07671529490143916,15,249.75017230233703,0,1,48833.19016563901,Spoofing
0.4442739731979139,39,103.64098094923168,0,0,9097.985704463983,Benign
0.11894934119037338,1881,65.09070583050415,1,0,1029308.9179134273,DDoS
0.264027038196403,4239,56.44048611354608,1,0,906161.8168717589,DDoS
0.8026045514902703,859,65.25412186663279,1,0,69839.23848844144,DDoS
2.621535628617372,42,191.37560933913633,0,0,3066.056209384017,Benign
10.557845673187815,44,178.88448465364579,0,0,745.5041083569737,Benign
0.3689553951660888,21,341.3499928285455,0,0,19428.77091192163,Spoofing
0.6706786357732254,17,346.79050966050585,1,0,8790.25862726602,Spoofing
0.09323444000829922,20,105.30965449317546,1,0,22590.290558682256,Mirai
9.313926579678986,24,245.0050100121011,0,0,631.3255950631609,Benign
1.0656213608672773,15,152.2970328989854,0,0,2143.7778721191653,Benign
4.275928323580937,980,405.0046475206237,1,0,92823.01398303559,DoS
7.130806923874577,9,221.15989133889917,0,0,279.13236794926047,Benign
1.5183924235093391,10,328.7574555854924,0,0,2165.167913744337,Spoofing
0.9637788926649554,484,590.5419605270563,1,0,296564.192337482,DoS
5.903571201559071,4,195.37040123064293,0,0,132.37438462945795,Benign
0.5316394457543766,12,233.7241515163886,0,0,5275.548758833936,Spoofing
1.237615734194752,8,382.03055909110793,1,1,2469.46155279562,Spoofing
5.973339719565294,32,200.79784938907682,0,0,1075.7016145262992,Benign
0.8499123525110762,4275,62.758817117967325,1,0,315672.48362332024,DDoS
2.4210123282556477,2,155.5685657046717,0,0,128.5153023708555,Benign
0.6999680237708139,40,158.65123330681777,1,0,9066.198907324026,Benign
2.6563019008154876,19,229.33451082769233,0,0,1640.384214003853,Benign
0.8890014705385777,1088,80.37733398522374,1,0,98369.39788518444,DDoS
0.1379788526272139,25,395.219923372697,1,0,71608.78566668608,Spoofing
0.35481281632662437,4466,70.84706007763322,1,0,891746.1707906399,DDoS
4.789956267842396,32,253.05785208130212,0,0,1690.5898120546497,Benign
5.863584513422222,651,421.9481146686826,0,0,46846.46772303335,DoS
1.3496083116699442,3,156.4893858006434,0,0,347.85511717916995,Benign
0.006128685153459933,66,116.38069183236318,1,0,1253307.2704182903,Mirai
0.7772447534349798,3070,67.07787103521743,1,0,264947.512566702,DDoS
3.5083093376814545,39,162.49928784957882,0,0,1806.4177403244137,Benign
9.028003450426768,19,170.1403192352465,0,0,358.0709824957887,Benign
0.047748758977580574,34,87.73042956223952,1,0,62469.363999945446,Mirai
0.15756483157085843,16,250.41131281882667,1,0,25428.14259474792,Benign
0.001665758197203517,90,114.46325267920983,1,1,6184386.640524067,Mirai
16.6647241491483,39,187.29730343115426,1,0,438.326777475542,Benign
12.863642160090347,33,274.02324831754936,0,0,702.9709845734404,Benign
0.13789602570782744,2402,59.081636045941735,1,0,1029138.3602529491,DDoS
0.9265650517270543,8,349.7496057992803,1,0,3019.752192443441,Spoofing
0.27799622524367434,17,300.06671133649814,0,0,18349.652367578477,Spoofing
6.1758360372317656,27,289.7591381563009,0,0,1266.7915215130777,Benign
6.542092577208807,22,221.99576056245635,0,0,746.5358636758647,Benign
3.7544124513281334,20,240.58245782139988,0,0,1281.5984441788926,Benign
0.16516465756399418,3412,58.09911252995584,1,0,1200221.4933627802,DDoS
0.04572983579052471,1782,76.77011263085343,1,0,2991577.344271306,DDoS
0.5107536661466684,28,281.14873346901436,1,1,15412.840002741803,Spoofing
5.687679412918782,10,412.02362665251997,0,1,724.4142940206245,Spoofing
7.693808896691778,14,180.18646507200773,0,0,327.87537939664617,Benign
0.43139730611821697,1627,72.53745957565161,1,0,273572.51669356565,DDoS
0.027900620904448278,73,167.50915054315752,1,0,438275.83735603985,Mirai
0.14268628419956148,61,140.61310883768735,1,0,60113.694089212884,Mirai
0.461657658557924,1,230.34945844720815,0,0,498.9616313671666,Benign
0.13588206830744531,4,201.11051473120494,1,0,5920.148765359516,Benign
0.7692252344214233,1256,87.30579679364952,1,0,142553.93071614738,DDoS
12.344494927438856,16,180.57486409245203,0,0,234.04747156218096,Benign
2.3784150135924733,39,162.47700912472556,0,0,2664.2126456699343,Benign
6.249877164081511,8,233.0819250859824,0,0,298.35072781976686,Benign
0.16265968423224442,788,475.7179628105779,1,0,2304601.5148996883,DoS
7.37420585855741,10,238.64124438557823,1,0,323.61619537464713,Benign
0.5185887259199102,40,192.956999076718,0,0,14883.239024098482,Benign
1.3816132398474443,48,159.13681734207913,1,0,5528.730481233111,Benign
0.008305733221396897,47,155.56645858465154,1,0,880310.4263742437,Mirai
0.022364261477686696,10,120.20741799403531,1,0,53749.7820413023,Mirai
0.061273184260658746,703,63.61575091094317,1,0,729876.7548972857,DDoS
1.8337902797203354,2120,75.26549052585051,1,0,87012.58899634772,DDoS
1.3137428372724724,5,328.95423191341246,0,1,1251.973455460929,Spoofing
1.3373545943876939,1,164.3807766448803,0,0,122.91487787510974,Benign
1.1635342057840052,12,153.77950606424423,0,0,1585.990393404469,Benign
1.7195033228971903,49,132.8679458100629,0,0,3786.2848288792457,Benign
1.2462162901590483,20,179.85244621914413,0,0,2886.3761072516627,Benign
0.4337674322168094,2,140.2525930461017,0,0,646.671845921339,Benign
2.3610541695144636,12,339.55814292397355,1,0,1725.7959464460826,Spoofing
6.034444259535642,1308,521.1604275822905,0,0,112964.4769193861,DoS
1.073074884240317,2219,42.711894940003155,1,0,88323.46769439566,DDoS
3.0769052841925877,10,341.3349696260875,0,1,1109.3450662250639,Spoofing
8.27147077179283,46,302.4336716900822,0,0,1681.9196103776335,Benign
12.283970223200484,6,114.74082792766377,0,0,56.044174241462315,Benign
0.2831983821862911,1478,72.85869415020221,1,0,380246.3457688906,DDoS
3.8035556492722953,1254,556.8085668449726,1,0,183575.05639681756,DoS
0.7330085038289005,4,271.5980274442874,0,0,1482.100281377822,Benign
0.5545236025885287,3875,50.533396108877525,1,0,353126.37551913504,DDoS
5.699719352250318,708,605.423730251754,1,0,75203.70294179654,DoS
6.665128986861494,507,670.1628008884534,1,0,50977.63910049092,DoS
3.4508765897380123,1160,540.1715377414336,1,0,181576.7581035501,DoS
1.784429261859829,7,202.9500748551042,0,0,796.1372043994897,Benign
1.6417849839015188,38,144.5883818619661,0,0,3346.5761744866136,Benign
1.292506597282962,1543,46.807646766538625,1,0,55879.172386891434,DDoS
3.86139455569655,18,112.6233603344423,0,0,524.996981473776,Benign
0.09277142837398954,26,378.42091760680387,0,0,106055.75477520037,Spoofing
0.23437100833103358,4605,42.49269700550763,1,0,834910.7302298207,DDoS
8.328364808240536,23,131.7735508481984,0,0,363.9119730333779,Benign
0.0194889935044876,45,96.15735331724035,1,1,222026.9044822375,Mirai
0.35622806621344355,4345,64.0160029009869,1,0,780818.6916921008,DDoS
0.9477875532843041,23,285.8757464370942,0,0,6937.358636193071,Benign
0.037219784790232295,45,118.67337333720388,1,0,143480.19018034858,Mirai
0.05562668112064254,69,135.30531747219464,1,1,167834.33268890282,Mirai
3.429228494690493,1031,532.3911570197284,1,0,160063.78219975712,DoS
2.4232369155305196,14,242.27928010960954,0,0,1399.7434174907914,Benign
0.041665718741025086,2848,82.22848450920755,1,0,5620609.243244306,DDoS
0.06692666260756663,78,142.1867916227809,1,0,165712.27840252453,Mirai
1.1197265032494914,38,168.44214325391113,0,0,5716.39719616642,Benign
9.907912709993468,24,116.37803485896981,0,0,281.9032543351017,Benign
0.056392736482068044,62,105.46811654078908,1,0,115955.06147512852,Mirai
2.2966341891395206,7,237.3440046986179,0,0,723.4099538998872,Benign
0.08694514640666741,44,167.1380835097172,1,0,84582.93508450068,Mirai
0.1805827938375132,1691,53.70276402313921,1,0,502879.4384742971,DDoS
0.1504777869415143,766,62.20396241911106,1,0,316646.3049563478,DDoS
9.664410112760336,45,161.80547039158793,0,0,753.408235232869,Benign
0.03256462933179144,76,86.48901796267215,1,0,201849.84444905032,Mirai
0.13084377093425398,33,187.51389248261262,0,0,47292.72481022826,Benign
0.2842503945577068,1581,65.14582423554009,1,0,362340.9152224742,DDoS
3.6711499798005462,1285,515.827175313147,1,0,180553.21191574034,DoS
2.6563966447581873,1299,332.74889611300796,1,0,162716.97109079294,DoS
0.28246059643263927,13,251.64530407987925,1,0,11581.753328976582,Spoofing
1.810707383825913,2426,75.07144999785282,1,0,100581.31939020184,DDoS
5.399040750709129,39,125.92257027429999,0,0,909.6023659485575,Benign
3.9746910215171614,6,295.5367927487051,0,0,446.1279497935371,Spoofing
0.7479808566569259,1108,489.487979917594,1,0,725088.9871336017,DoS
1.6185736706557294,14,198.7349205718521,0,0,1718.9757491104783,Benign
0.5421624547391762,31,168.98093623077628,0,0,9662.065267271524,Benign
0.05098857160156284,60,123.58494009535346,1,1,145426.63527946192,Mirai
2.7934523546921413,11,120.21557400911983,0,0,473.3824480231928,Benign
1.124993694147574,1475,486.7684439267545,0,0,638211.0926728266,DoS
0.5275251792369995,3226,82.3669030431885,1,0,503702.2680161944,DDoS
2.7266917653601173,38,130.6516848488816,0,0,1820.8013415120274,Benign
0.20671541458671525,1360,418.0991883540906,1,0,2750713.5706274793,DoS
3.8692398374473664,21,179.56140075789259,0,0,974.5556166927682,Benign
1.6291983706286526,3666,82.06234538346511,1,0,184655.57270334053,DDoS
0.17078241532510577,2692,61.49558774739505,1,0,969339.389543412,DDoS
0.7144426630981765,1208,58.65296480377564,1,0,99172.10315479802,DDoS
9.523157696389534,402,314.72653883180215,1,0,13285.516489803731,DoS
0.06358885818104039,93,152.64327048221227,1,0,223243.89147591832,Mirai
0.06713232490267536,13,139.28231231018134,1,0,26971.657285180638,Mirai
9.990591797470463,26,217.05365456646507,0,0,564.8709438971326,Benign
2.755414026988266,16,249.2903441245482,0,0,1447.5666694462093,Benign
0.1395579461343055,622,90.42878374890572,1,0,403034.76118579134,DDoS
0.1150158600158808,18,203.87306801396025,1,1,31906.166886415394,Spoofing
0.02674475649347768,59,124.25615351486718,1,0,274114.03275124315,Mirai
0.04351357474192971,50,108.20769832736775,1,0,124337.86349331893,Mirai
3.8100853846868814,38,267.36079667467106,0,0,2666.5308642348027,Benign
1.3592274293277282,3407,65.63669153598137,1,0,164523.02479923668,DDoS
0.0025023100721715667,783,55.33147482449768,1,0,17313819.446038343,DDoS
0.3596313665259451,12,82.42190628815662,0,0,2750.2130445747007,Benign
6.285367215634121,33,136.5860960371218,1,0,717.1166002860631,Benign
2.787939282011578,28,467.07144912521693,1,0,4690.920157367962,Spoofing
6.965900135708748,1,197.0813944118043,0,0,28.292308326603965,Benign
0.9709707112882505,22,209.94927150696844,1,0,4756.975590978568,Benign
7.292036449791243,44,204.73751636719805,0,0,1235.3820201234196,Benign
1.2098391794805627,13,162.52064519090592,0,1,1746.3216792077124,Spoofing
0.7329635045620223,2959,53.467335757228454,1,0,215849.55529290138,DDoS
8.33744026173276,1435,407.4066260424596,1,0,70120.86324075524,DoS
1.0895421947559418,29,363.419047886952,1,0,9673.009856293253,Spoofing
0.5765325974755154,3,146.88099836220502,0,0,764.298492428832,Benign
6.238277139102711,1482,483.25287716422224,0,0,114804.25572442426,DoS
9.129613029868285,2,205.54555367048027,0,0,45.028316752971016,Benign
1.9891419943857216,28,227.81538117241627,0,0,3206.825199423503,Benign
0.02351616445301381,21,170.34647400421034,0,0,152119.87317217272,Mirai
0.06233922574793437,93,133.15937896751583,1,1,198652.1663591453,Mirai
7.600404641193306,20,251.7005627183914,0,0,662.3346376960083,Benign
2.0225960563827625,4,212.22063796049986,0,0,419.6994991477202,Benign
0.06730914462385805,2663,78.52641276613886,1,0,3106796.8307252214,DDoS
13.731750906599478,2,253.8468035679899,0,0,36.9722412377858,Benign
1.7261776841390954,5,206.13979256255408,0,0,597.0989964030357,Benign
0.20781433242884112,38,180.04175644926005,1,0,32921.63088613991,Benign
3.4704580795589917,30,230.68405140583167,0,1,1994.1233645600971,Benign
0.029684417769663008,84,121.35644336801712,1,1,343410.51665603096,Mirai
1.292518618726054,27,141.5077124829997,0,0,2956.017949518436,Benign
2.9763013639779907,2,262.86259145305655,0,0,176.63708025972628,Benign
0.3446866410084388,4173,55.67897788061,0,0,674085.8131780542,DDoS
0.49542809193910115,54,137.8845988205915,1,0,15028.958707547788,Mirai
1.7882248983823281,10,167.85085449131537,0,0,938.6451035502155,Benign
2.0975875604786056,13,245.212166437446,0,0,1519.7259097777298,Benign
0.30414913699943047,47,226.55642366997554,0,0,35009.64039397814,Benign
0.7855967527812356,958,374.0842034070283,1,0,456178.90552015667,DoS
0.643737879641505,2454,58.998445245427106,1,0,224908.5989982549,DDoS
0.14422040361886876,92,137.423916660647,1,0,87664.43592954558,Mirai
1.9792847350953715,19,479.7498494701239,1,0,4605.323821432461,Spoofing
0.01194423435712121,56,116.7481861663875,1,0,547368.5654384178,Mirai
0.17947950399530324,906,368.18564070705565,1,0,1858575.3974967622,DoS
0.8790336593603287,3297,50.73637878232823,1,0,190297.42384047498,DDoS
2.8369506660531707,34,233.8192252803882,0,0,2802.253051017349,Benign
1.5786506449105497,23,345.4660351879397,1,0,5033.234449267804,Spoofing
18.616084062755704,5,209.85699198095287,0,0,56.364429617290874,Benign
22.878130717713724,30,234.3624654606666,0,0,307.3185502160036,Benign
2.0440522107972448,903,604.4564181157054,1,0,267030.43233205547,DoS
3.3021988642164626,33,252.1026209034926,0,0,2519.347511128546,Benign
0.08102369044415018,3433,57.654448848511265,1,0,2442837.6665139836,DDoS
0.09316104075331663,637,67.03300644061451,1,0,458346.3726616996,DDoS
0.08385736891800617,3176,67.19286084838807,1,0,2544851.2016057,DDoS
0.032772420032517076,31,99.36960758664605,1,0,93995.43372535722,Mirai
11.460753648559855,30,237.2962693527489,0,0,621.1535732187227,Benign
2.573895164104786,1351,64.5340064872561,1,0,33872.957989960145,DDoS
0.2030341229848936,1786,58.99148858768477,1,0,518921.63282052864,DDoS
1.3070623546169002,1248,492.58827275878946,0,0,470329.6382391431,DoS
0.10609549308155933,12,103.9684645142951,1,0,11759.421045458084,Mirai
2.500236970510696,46,111.86841548470638,0,0,2058.1837533765397,Benign
0.30356712725471185,910,397.49442247546006,1,0,1191564.8697665571,DoS
2.6392207047666054,39,286.48935969741746,0,0,4233.478847759855,Benign
0.27234424528639045,19,284.6197836327034,1,1,19856.398593385667,Spoofing
8.901199240127166,10,180.14340332285417,0,0,202.38104828701773,Benign
5.037781027646293,836,505.1021610882609,1,0,83819.72228496664,DoS
12.542671086901585,44,271.95140938632557,0,0,954.0122618294897,Benign
3.1007453404291825,9,209.69297107690798,0,0,608.6397083582989,Benign
0.10890138358099946,1792,79.23596917102464,1,0,1303848.0511945484,DDoS
0.02751081626185275,37,135.5414943385065,1,0,182293.22033889362,Mirai
0.1786204874760961,1582,59.11058577840235,1,0,523528.6725658886,DDoS
0.5611579632274074,14,267.0540310978516,0,1,6662.573963785672,Spoofing
0.1172904354263013,883,57.94416945676605,0,0,436222.2839770549,DDoS
0.3229128089113835,2783,76.38484681909317,1,0,658317.1148093852,DDoS
3.038582031359223,10,114.67998475116516,0,0,377.4128312733632,Benign
0.016760783521490418,89,138.14992814655142,1,0,733578.0925323793,Mirai
0.36237065687140513,20,204.0360541053703,0,0,11261.179691918422,Benign
0.020411854835943714,69,136.04089063860434,1,0,459871.06656932645,Mirai
0.6078954419427212,9,452.72661692061206,1,0,6702.697982508366,Spoofing
0.4662942947725066,17,312.42011634989825,0,0,11390.107143685822,Spoofing
0.1449813261497601,1114,71.22461803983978,1,0,547272.0287743955,DDoS
1.161586183168591,1135,444.69424778527855,1,0,434516.16294151085,DoS
0.02514205033508836,94,154.8331981586095,1,0,578883.6006981187,Mirai
5.688602469329184,39,143.87053620194462,0,0,986.3496249084002,Benign
0.06110602526915149,1411,374.7680267089394,0,0,8653773.230334284,DoS
5.876338235600627,48,155.17898085266816,0,0,1267.556560274605,Benign
0.0478606460449309,3248,39.42599732046152,1,0,2675593.6218797,DDoS
6.560956046336597,23,237.87092748901603,0,0,833.8771504653192,Benign
2.4815026022414703,5,123.55385758792087,0,0,248.94968370437778,Benign
3.0563080010278454,9,232.70467244256417,0,0,685.2522884731329,Benign
0.2341173666391058,3229,56.30431285595315,0,0,776561.8963762283,DDoS
0.4711546671968377,815,380.15575340521593,1,0,657590.7246522347,DoS
0.7712548171693757,9,253.25972574552102,1,0,2955.362457346082,Benign
0.9466315289755988,3172,64.83040172529358,1,0,217235.56418532523,DDoS
4.190106027942672,6,258.07158339897717,0,0,369.54422873020627,Benign
0.07098521746820004,962,59.258209056184036,1,0,803074.2053806734,DDoS
0.5670882867117952,502,646.4187512749606,1,0,572225.2085678297,DoS
0.4264611947368438,4356,60.500931337112746,1,0,617974.2967401451,DDoS
0.04769800227654771,1261,462.4355378938692,0,0,12225485.040300833,DoS
4.487008686484711,20,181.27650190441318,0,0,808.0060216974169,Benign
0.13162711370881142,95,134.55548525285548,1,0,97113.5105742698,Mirai
0.26438855781474496,3957,52.533138911871745,1,0,786242.916079341,DDoS
1.8707166436028593,1353,67.59775775100869,1,0,48890.22960792722,DDoS
1.0274530004866325,1167,590.3873266010288,1,0,670572.7754136473,DoS
4.386976707639681,48,326.2794159396866,1,0,3569.9783720828655,Benign
1.160116323247766,916,489.63152959292694,1,0,386601.3020586854,DoS
4.785786720055492,568,321.7232328013624,1,0,38183.64814825157,DoS
0.2716188761082592,20,205.279966209827,0,0,15115.294573857858,Benign
4.773024589703436,19,146.9282065948749,0,0,584.8777589214299,Benign
8.549972105975616,5,136.92253985778473,0,0,80.07192196690848,Benign
1.7094246798264305,13,289.99676295393925,1,0,2205.395746821673,Spoofing
0.8974775671845612,320,333.64407720868167,1,0,118962.42158086419,DoS
4.162768369164704,31,148.69915225480386,1,0,1107.3577271425004,Benign
0.4822773205953818,6,248.1405616411982,0,0,3087.1104782807943,Benign
0.5974703481481979,2761,67.0185332403261,1,0,309702.683739952,DDoS
0.25190244424332575,15,114.12155562154885,1,0,6795.580485394946,Mirai
1.150163727669238,33,180.29998434857583,0,0,5173.089135370528,Benign
2.4071444649076863,15,234.42845600773626,0,0,1460.829165585996,Benign
0.03354296538493072,82,130.74065151301562,1,1,319611.9752991071,Mirai
4.113636583126418,16,202.23458913311418,1,0,786.5919511223842,Benign
2.5718091795344145,29,203.733452304673,0,0,2297.3205647804384,Benign
1.057073847510577,21,354.99820232522484,0,0,7052.451696148058,Spoofing
1.8726954252070587,759,488.32675324990157,1,0,197917.93194330824,DoS
1.4151637907258128,2,184.10605401096944,0,0,260.19045317227153,Benign
6.786565190950088,34,239.9458804109618,0,0,1202.1044084055422,Benign
10.491877447556242,33,150.9193123131224,0,0,474.6850438567651,Benign
2.0263609036820536,42,248.4156398566235,0,0,5148.864081921336,Benign
0.03065088858419361,67,119.34559700490738,1,0,260878.40740292077,Mirai
0.6941972112265041,3073,40.1965746193121,1,0,177938.01503020214,DDoS
0.1536633702900392,575,498.1870315030337,0,0,1864188.8601919673,DoS
0.15846168490495166,28,458.16204691350435,0,0,80956.71405534356,Spoofing
0.9996347427610122,1478,72.53669660356245,1,0,107248.41083849399,DDoS
1.734293029895795,40,222.40223936284073,0,0,5129.519303348726,Benign
0.11166603338281807,921,65.96103833159,0,0,544033.9775939597,DDoS
0.4080329015671188,27,336.29840263975973,1,0,22253.246824949732,Spoofing
0.4377099537465977,23,100.4667613990672,1,1,5279.147737902012,Mirai
6.222766888507506,25,202.12940636423156,0,0,812.055995290188,Benign
0.2854566939903645,1342,399.74449594192845,1,0,1879294.2146670276,DoS
0.7489098641199047,1745,61.252605106407735,1,0,142721.8428165455,DDoS
2.0599666702811392,29,318.56080833278355,1,1,4484.666463263654,Spoofing
5.829682635852521,5,161.0157507321048,0,0,138.0999282378244,Benign
0.34072314884642496,3072,67.49546986164594,1,0,608547.0978915906,DDoS
0.05804161133693946,35,166.82222951012045,1,0,100596.4151987324,Mirai
1.7036461950212651,1348,64.51376085680181,1,0,51046.13263546973,DDoS
0.35743354120937176,2177,52.30670153184955,1,0,318581.4315286503,DDoS
17.263758136081908,6,166.14119414856478,0,0,57.74218782687533,Benign
10.672037004893678,12,187.65670188121632,0,0,211.00755381020443,Benign
7.107527346426803,14,152.51139209562095,0,0,300.40819897965093,Benign
1.9014128403344084,13,211.016169569115,1,0,1442.7220360603208,Spoofing
3.9506359606787655,15,218.5087726409914,0,0,829.646573928248,Benign
0.33403706907920094,2582,70.78346885319031,1,0,547133.637241931,DDoS
1.5885536130514726,810,355.15825252244883,1,0,181094.41329498406,DoS
7.260922819691297,33,174.8053154784241,0,0,794.468630783938,Benign
0.7509018901947813,4524,49.17872400545019,1,0,296289.768751208,DDoS
0.8507661501858489,697,424.818231371193,1,0,348037.2452536331,DoS
0.05344478342988995,58,120.41117017406123,1,0,130674.07933754876,Mirai
0.4356243764972098,1331,546.7037504367516,1,0,1670390.2056224283,DoS
1.2764575595458245,1145,338.17328109497026,1,0,303346.0877395041,DoS
4.2770663687257375,45,289.4107819991489,0,0,3044.957470192771,Benign
0.4895458438171524,15,308.60335233280773,0,0,9455.805505155278,Spoofing
3.2424080581358874,6,215.97311480317032,0,0,399.65317923741543,Benign
0.3448429719048185,36,129.9389388282046,1,1,13565.01996249616,Mirai
4.974497384398155,37,188.08416021460923,0,0,1398.9582042533325,Benign
0.1628099890151648,29,247.2827524892847,0,0,44046.43637388429,Spoofing
0.35380641063580903,559,448.89738731514126,1,0,709239.9458173265,DoS
0.13349180756202492,73,129.56578308972703,1,0,70853.05336925204,Mirai
0.7117991785243348,34,157.69357517853305,0,0,7532.435717593095,Benign
1.3586316803137117,3691,66.69963794021582,1,0,181203.167278192,DDoS
0.19911781348899255,514,631.4047623484098,1,0,1629899.6165153435,DoS
0.15390954744051055,20,129.38638039704583,1,1,16813.301390163146,Mirai
6.618887930351628,16,154.42562874025703,0,0,373.2968567897857,Benign
1.2100653112011803,11,483.7408656417766,1,1,4397.406877796921,Spoofing
0.008669558828765559,15,98.7126094972271,1,0,170791.7521183992,Mirai
3.658458248488014,11,93.64275318789312,0,0,281.5585733396129,Benign
0.047702034676754525,24,165.40793439753637,1,1,83220.56810451682,Mirai
0.18612794212296455,3119,70.3137427796238,1,0,1178267.8152899873,DDoS
0.06601726120628924,3713,71.59698945883302,1,0,4026819.910477009,DDoS
4.653963782273381,36,187.21281428564228,0,0,1448.1550844796031,Benign
0.7958006318120204,2697,70.95573513415701,1,0,240471.80915285478,DDoS
0.09988685381538183,417,654.8031114568969,1,0,2733621.9637291036,DoS
0.802754026436263,4885,65.458058882322,1,0,398332.00097381446,DDoS
0.23668813588784257,952,479.90859787382396,0,0,1930274.128283198,DoS
0.319661614100773,458,388.91779918254514,1,0,557227.843970819,DoS
1.1443600354721195,1415,929.885757229876,1,0,1149802.7768310087,DoS
3.4153137097498947,12,142.34788871660197,0,0,500.1516141029148,Benign
0.20251816652065946,55,113.99089352771824,1,0,30957.712346190598,Mirai
0.8197357508234882,3944,75.50572001290502,0,0,363281.16643898917,DDoS
9.383211993999419,43,149.21107749015357,0,0,683.7825188410638,Benign
1.5986037238823612,46,261.2684155844476,0,1,7518.0277246551705,Benign
0.908258624347013,3422,53.07037208694726,1,0,199950.55198303086,DDoS
0.18722530540013624,48,107.73294767006273,1,1,27620.09909457062,Mirai
3.011469977746224,25,176.2677401307421,0,0,1463.3031495690054,Benign
3.9870435231936607,623,359.6512138879948,1,0,56197.707636947074,DoS
0.26932898978943354,36,216.66228086740915,0,0,28960.276861858772,Benign
0.9015616769452772,2225,73.64518581136095,1,0,181751.88966048305,DDoS
0.01182617427428586,17,317.1220020672559,0,1,455859.51213871303,Spoofing
0.0636046736512037,66,149.88261764725553,1,0,155527.1365586459,Mirai
3.2609182785384028,34,164.47389674851792,0,1,1714.8888784652663,Benign
0.0656570358794927,3196,59.83144859334304,1,0,2912426.781728207,DDoS
6.649056229922498,32,165.59937604227213,0,0,796.9822859227761,Benign
0.33353568878309736,3939,59.53891369188111,1,0,703144.4877397621,DDoS
0.276278095759703,73,122.99082792008144,1,0,32497.438544585097,Mirai
0.03964400889749187,77,117.50377831549439,1,1,228225.93329771672,Mirai
3.686151006222979,15,216.61867478968668,0,0,881.4831829623498,Benign
0.7242183165076103,11,168.6253316025581,1,1,2561.2147681833003,Spoofing
0.26586190613249666,606,67.32973887630295,1,0,153469.98128684645,DDoS
1.4245839274870145,35,142.6461676525959,0,0,3504.613362196146,Benign
0.26320344121671096,580,49.61898376788725,1,0,109341.31579867585,DDoS
0.7160179470065464,1192,431.5322390518678,1,0,718398.7930753968,DoS
0.18430088782019172,3494,75.16199674179349,1,0,1424930.8276368198,DDoS
0.5935029343938967,4385,74.11617595530717,1,0,547595.3238477603,DDoS
0.323834452439053,4336,62.06604198839301,1,0,831036.8338968543,DDoS
2.384916909540617,14,251.81998445205434,0,0,1478.2400880405678,Benign
0.029529110358703693,85,188.05158401007415,1,1,541309.3874717737,Mirai
0.08667555755824861,4897,55.411766658214574,1,0,3130656.77302301,DDoS
1.3134071595357515,39,239.34211244238625,0,0,7106.967795540617,Benign
0.009467009326547402,12,119.21139079435336,1,0,151107.5610246551,Mirai
1.6250687946794735,13,242.86270596474338,1,0,1942.819398094706,Spoofing
1.4055690840738613,19,269.71609597266144,0,0,3645.9295253048367,Spoofing
7.030456040600065,43,181.8514098424647,0,0,1112.2479933120471,Benign
1.1608120409721956,34,188.7484438480325,0,0,5528.411891263987,Benign
0.04678039874756673,1596,68.69652079112706,1,0,2343709.1200156063,DDoS
14.492137960246968,30,251.17320297915325,1,0,519.9506180554043,Benign
0.2489424781918392,9,218.3518472755088,1,0,7894.059060363291,Spoofing
1.8150376542810127,26,196.66813789091444,0,0,2817.2261732990464,Benign
2.3175748160576406,48,212.54461396851403,0,0,4402.076429119661,Benign
0.14623741668379278,1060,74.69868408540145,1,0,541452.4334885969,DDoS
3.6864981963156658,1,177.9355495796275,0,0,48.266821277020725,Benign
0.142830829322729,32,132.55294002504854,1,0,29697.32865736825,Mirai
0.11659205131422411,2249,68.80026999403937,1,0,1327121.4072697032,DDoS
2.890030727549917,24,168.9328647317868,0,1,1402.8877668716257,Benign
4.671827084351316,23,318.2070734133789,0,0,1566.5739669652023,Benign
0.23185077718597122,3666,50.92898098783662,1,0,805283.6680881577,DDoS
4.888444148680899,1,133.43140882017718,0,0,27.295271207339535,Benign
7.176679741870277,1253,519.8726935710067,1,0,90766.2747222873,DoS
0.1983694022851147,2148,60.731284110939576,1,0,657615.5231984939,DDoS
1.755732666864154,1326,450.7853936244959,1,0,340451.2789601872,DoS
0.2907060528172486,9,233.9104266785884,0,0,7241.658093134783,Spoofing
1.4491482486162943,21,256.50132385411587,1,1,3717.0301976210567,Spoofing
0.358762522453039,6,191.5285579391033,0,0,3203.1532719113466,Spoofing
0.9107439341471435,24,194.8346491666751,0,0,5134.298900798085,Benign
7.750030802368995,17,212.19235542438673,0,0,465.4523490554283,Benign
0.07828498276946785,28,258.0254898071717,0,0,92287.35140526261,Benign
0.10276955106968817,24,139.35048500607664,1,1,32542.82621005116,Mirai
10.488583089138872,26,257.79570414883113,0,0,639.0461181368121,Spoofing
0.01399770957563245,64,152.98578712549713,0,1,699478.0341118366,Mirai
4.551590631359299,2,150.1790668801664,0,0,65.9897073543789,Benign
1.426025306632659,13,310.73223227602807,1,0,2832.712014856926,Spoofing
0.42546875864959927,3859,63.84924912189389,1,0,579112.4432811998,DDoS
5.042870425030054,18,178.2204407811815,1,0,636.1392745962036,Benign
0.10576750164974716,694,69.44957897889854,1,0,455697.70543474687,DDoS
20.22962293566943,45,191.5912176631187,0,0,426.18712282760794,Benign
0.03917234332063257,4019,65.97065476722074,1,0,6768450.3666087715,DDoS
1.2395152161523972,24,160.01928931115305,0,0,3098.358853059446,Benign
0.1483291009062385,1086,63.58755170637185,1,0,465559.89843672974,DDoS
1.4174684185224167,906,627.2073142844995,0,0,400890.6437112058,DoS
0.016414148755751475,76,113.06525647566242,1,0,523509.29798533686,Mirai
0.16747704999324678,308,530.0743807621966,1,0,974837.5032957641,DoS
0.14627701539471047,2124,50.4342090195359,0,0,732324.6216668972,DDoS
0.23118924205484942,60,154.35005423697245,1,1,40058.10638896936,Mirai
0.28367819035930897,14,411.62533066281037,0,0,20314.40845692154,Spoofing
32.4244932038361,36,151.91563799560367,0,0,168.66764681443675,Benign
0.8857878789790201,3867,61.764922485029416,1,0,269641.2548847553,DDoS
0.8477019967374699,17,207.46188648184295,1,0,4160.485741174422,Benign
17.47816754595214,13,193.40085913328033,0,0,143.84867075581522,Benign
2.3349660252879185,1281,539.4002162131688,1,0,295923.65348607907,DoS
0.05419715956041182,60,130.4675803267454,1,0,144436.6251496823,Mirai
0.9372368369089488,39,264.23689345195453,0,0,10995.34124012175,Benign
0.08551649115938881,18,122.70783407274725,1,1,25828.2464980084,Mirai
0.11411858203920311,20,124.00147778125616,1,0,21732.039702115817,Mirai
0.014017288429161685,6,261.27527536753513,1,1,111837.01185343771,Spoofing
0.44168240544801757,16,154.24967745057052,0,0,5587.713725444269,Benign
0.18357300173086633,29,303.69450590063116,1,1,47976.230644364165,Spoofing
10.191939859842282,39,200.65933372634632,0,0,767.833613909159,Benign
0.2550731062153405,2275,66.24791540134619,1,0,590865.9277110351,DDoS
0.36914494266937026,36,163.6188743574994,0,0,15956.549300868219,Benign
3.1110149783083174,20,168.9340812378319,1,0,1086.0383663578084,Benign
1.7997986469116072,592,466.00088892049394,0,0,153279.66087446516,DoS
0.646100000560853,3055,55.25845305442378,1,0,261282.42367237833,DDoS
6.099895854995867,18,271.60307914255065,0,1,801.4653923250013,Benign
1.3680074806812121,45,222.45670297864135,0,0,7317.614688081978,Benign
1.0002691219507909,616,312.4544761193541,1,0,192420.17279724742,DoS
0.6173609484830959,5,121.37552379263335,0,0,983.0191243134385,Benign
0.009688514775547497,99,136.67093957396125,1,0,1396542.5383848436,Mirai
3.199526311249526,31,138.18786078751276,0,0,1338.8930946906057,Benign
8.059292129954338,17,133.76260676159228,0,0,282.15434783599943,Benign
0.475803908887493,3,233.91023185947125,0,0,1474.8317163244294,Benign
0.40922398444474445,4504,77.2866140478759,1,0,850631.7393491758,DDoS
15.322123498843368,22,132.99389990361573,0,0,190.95693871025207,Benign
10.385873505431091,19,245.89366515725627,0,1,449.83983634546945,Benign
2.631922462187973,15,380.8480682306855,0,0,2170.5506547146438,Spoofing
2.8601210337274083,1219,398.8558106175553,1,0,169994.63568475647,DoS
1.7247328309884247,20,236.12875700866215,0,0,2738.1488050336407,Benign
0.5104949048805054,4678,55.13248662216538,1,0,505215.17443716724,DDoS
0.021566240131381715,53,155.94413378248817,1,0,383239.6857366507,Mirai
0.6138857451832123,3,197.43459377956844,0,0,964.8436797663938,Benign
6.6883438705300975,31,161.1093605919598,0,0,746.7304724502621,Benign
0.19544056950500255,78,126.69272157380735,1,0,50562.850424481745,Mirai
0.3063834621788038,1163,686.560478009512,1,0,2606112.7132869842,DoS
0.39850515228091044,995,69.23211252331102,1,0,172860.88163832834,DDoS
1.978043721477873,41,276.7552898594428,0,0,5736.459088861493,Benign
0.2922234054705664,9,275.4517968326554,0,0,8483.462053636213,Benign
2.217999715756907,1416,378.1435288386653,1,0,241411.7698174834,DoS
3.087558008479563,10,254.23089953681213,1,1,823.4044472641524,Benign
0.08920065988218115,1562,79.47033063875352,1,0,1391611.4143291211,DDoS
0.576631540106011,4871,68.58170949332202,1,0,579332.6998390618,DDoS
5.483682307981839,36,240.7828079570911,0,0,1580.7226968342432,Benign
2.607022727296998,6,444.87681206607635,0,1,1023.873265256874,Spoofing
0.002019657673258018,93,128.0691192240929,1,0,5897250.927988845,Mirai
1.8633256795341377,983,430.6410319376673,1,0,227185.26291150777,DoS
3.5768208758861384,40,193.39847537414724,0,0,2162.797434760932,Benign
1.5943357353230279,18,127.05367727412245,0,0,1434.4319958875176,Benign
1.262226411999083,4483,36.95295479575074,1,0,131244.35899497796,DDoS
1.0008472315782466,37,243.13440701576408,1,0,8988.357838985503,Benign
0.5788241051131154,27,274.90870550581974,0,0,12823.47259398708,Spoofing
1.918850360492221,12,213.58580424422868,0,0,1335.7110610090926,Benign
0.38227418235840954,1556,75.27163515214286,1,0,306383.92468504026,DDoS
1.1025643963588074,10,297.2417868378369,0,0,2695.9131622558357,Benign
2.1337217852882477,1067,624.1977908456078,0,0,312139.58981174766,DoS
3.57946270031035,37,174.40100074950547,0,0,1802.7390052625,Benign
0.2349633462236768,756,54.22601755139361,1,0,174473.46544778906,DDoS
2.8326941567221975,19,166.65097404440428,0,0,1117.7939910419377,Benign
0.03653754680431747,76,99.12810836999498,1,0,206191.6273817648,Mirai
1.4006317774330364,14,214.57885831465032,0,0,2144.820690781971,Benign
1.82356312297222,27,403.9571761549992,0,0,5981.061811783047,Spoofing
0.12769698696933682,41,80.85082171502188,1,0,25958.981249196444,Mirai
4.516791976837187,49,244.32673165170578,0,0,2650.5559504019484,Benign
0.10627174578727212,76,107.66750247948349,1,1,76998.17225944893,Mirai
4.445375011035865,14,185.220218278881,0,0,583.3215531798501,Benign
0.727767191298587,26,292.8810854699205,0,0,10463.38487536147,Spoofing
1.0749693960098567,3583,65.20735044100572,1,0,217343.80299323532,DDoS
2.911109105918064,12,203.66708437066856,0,0,839.5442848499034,Benign
10.784465092506323,19,200.23155526259455,0,0,352.76664325547455,Benign
3.325592481354947,22,214.73141886864727,0,0,1420.5261894221937,Benign
0.7141074041270088,18,372.0582470657576,0,0,9378.208947953328,Spoofing
4.409585219250323,6,296.71510831688556,0,0,403.7319977691648,Benign
4.920932162640962,1366,413.00081886011594,1,0,114644.7664623253,DoS
0.4099753068778221,3324,55.82726476327966,1,0,452636.59776573756,DDoS
0.5564101826020128,18,279.22355950039616,1,0,9032.947685290887,Spoofing
2.609372696855068,46,184.5160955772438,0,1,3252.789609848764,Benign
0.23397016326490885,3536,80.2578612583464,1,0,1212940.1178738943,DDoS
0.49601082386766776,1431,58.32980561342895,1,0,168282.5208973384,DDoS
1.3773839821730507,644,523.3642619744357,1,0,244700.52583288358,DoS
11.474940211708537,49,190.36942463018053,0,0,812.910711060686,Benign
2.3650875083179774,36,189.39402516113483,0,0,2882.8467791662674,Benign
6.690158278580113,25,201.76218105659467,0,0,753.9514487369337,Benign
5.406626104041745,1314,506.224203198683,1,0,123030.25772501867,DoS
13.791096046107958,28,143.02416432712351,0,1,290.38131470990913,Benign
0.3208810926931481,4495,66.78242914692406,1,0,935508.5913475315,DDoS
2.665701911102321,47,91.3800817686303,0,0,1611.1568308662133,Benign
0.0018464823638309953,77,127.59916982893,1,1,5321001.851565415,Mirai
0.8118668870280817,27,387.5859424102017,0,0,12889.822965169753,Spoofing
0.19109062358707338,4439,70.99243762137436,1,0,1649141.253954224,DDoS
0.9783805085924706,15,144.2715321382943,0,0,2211.8929834239225,Benign
0.9000349047077721,1,255.62284803312738,0,0,284.0143717716418,Benign
0.44080822050664376,31,131.92021812527224,0,0,9277.337789170842,Benign
1.3633719633371473,11,280.6986448058275,0,0,2264.741520213109,Benign
0.05540634198756817,254,520.0068163462817,1,0,2383873.878221223,DoS
0.7170845694302415,4854,55.193928744588334,1,0,373611.90234382026,DDoS
0.048677488523601146,17,289.4717089395264,1,0,101094.34979551187,Spoofing
1.788713634197375,39,301.5440777461415,0,0,6574.679595024455,Benign
2.3361504898315464,975,457.35399715833773,0,0,190878.1772280147,DoS
2.8734104622446672,4251,50.99849724107705,1,0,75448.5356757773,DDoS
0.18244669050869425,3973,76.77870523687155,1,0,1671950.2834256908,DDoS
18.26069195723249,18,187.5224193801892,0,0,184.8453255084079,Benign
0.018830832256459963,4327,62.78963817419332,1,0,14427974.328459665,DDoS
0.3080127796550742,2549,45.1967881297948,0,0,374031.9251423925,DDoS
2.758152402444934,573,706.500042320604,1,0,146773.8054977868,DoS
1.5379491066917492,23,245.98244019746093,1,0,3678.662772340718,Spoofing
0.08247518853055331,49,235.161118131637,0,0,139713.4701205503,Benign
0.5049223711023328,39,119.07963263056877,1,0,9197.662726754008,Benign
0.7175314334450847,3034,60.15074685398226,1,0,254340.58697436753,DDoS
0.1655510918766902,2638,55.26995518696673,1,0,880707.823369828,DDoS
4.839971070156623,6,274.06461075600004,0,0,339.7515482427847,Benign
0.001,54,128.11091489181769,1,1,6917989.4041581545,Mirai
0.29462045152752475,27,213.74203646473808,0,0,19588.03251650292,Spoofing
1.507076626070449,18,289.8756925312533,0,0,3462.1746335269972,Spoofing
13.890747091791322,22,102.09616559751696,0,0,161.69869253992147,Benign
0.004082909201815375,59,112.43502688805738,1,0,1624740.1689574367,Mirai
0.10948513240107273,353,256.37706793888924,1,0,826606.3436896495,DoS
0.06754127791820248,3295,61.080214404144996,1,0,2979797.135396191,DDoS
0.25078357534759793,2169,69.83845830082515,1,0,604025.2669838199,DDoS
0.004880398337718554,46,147.62619514885927,1,0,1391444.8180109072,Mirai
1.5687157930305515,1116,81.99527761467272,1,0,58332.25509969262,DDoS
7.0399283706998075,9,191.5117036747927,0,0,244.83279407313037,Benign
0.3834753298133751,949,59.86786562831732,1,0,148157.13049630323,DDoS
0.941785370424438,3457,69.17420683010289,1,0,253916.91198589516,DDoS
4.079024222622213,47,236.94428194674367,0,1,2730.158156388171,Benign
0.5139102723051033,6,436.13082551488174,1,1,5091.910191543577,Spoofing
1.6465338441365363,1478,400.52230456527536,1,0,359526.1453358797,DoS
3.1847124723116407,321,519.6033874993054,1,0,52372.91869749538,DoS
2.506140054226362,26,176.23640267443773,0,0,1828.3680761608018,Benign
0.5173101687671818,1270,585.9940446133542,1,0,1438619.3846382643,DoS
7.80052642797579,23,178.48741316682109,0,0,526.2735202221695,Benign
1.7056563832039149,13,260.5987534949989,0,0,1986.205327635425,Benign
0.2679197441022052,3422,59.38128395680272,1,0,758446.3563187853,DDoS
0.00974978624319212,3216,61.47914777015418,1,0,20279105.02826393,DDoS
0.6744482410780689,1860,63.81753301567265,1,0,175996.6209110645,DDoS
1.8529796796280842,11,256.0108683511011,0,0,1519.7789715790852,Benign
1.5592508831918932,3709,51.50336246963623,1,0,122511.37610955688,DDoS
6.637866393143687,41,211.9477701684406,0,0,1309.134300425495,Benign
0.7811635315231852,22,262.117644993779,1,0,7382.049925729263,Spoofing
0.14318343328646121,1426,58.686669992828584,1,0,584475.3788124638,DDoS
4.446377734204276,260,543.6607255588602,1,0,31790.32396594168,DoS
19.09956238125182,34,261.57821830084487,0,0,465.6472878644992,Benign
5.082213979372892,10,258.4941277068713,0,1,508.62503774146,Benign
0.7072530453968602,14,334.5863346253612,0,0,6623.101470176931,Spoofing
0.8232765706992589,39,287.52327300840307,0,0,13620.462486626446,Benign
0.4379531286928907,1278,69.13404889198428,1,0,201741.4848654103,DDoS
0.3803999702522894,1406,422.9974479440399,1,0,1563444.948260326,DoS
0.8147281670206183,1,308.7391847429916,1,0,378.9474787302626,Benign
0.04396521530380585,38,117.18120588186258,1,0,101282.02017755873,Mirai
0.3510804135185135,1326,54.07415129715686,1,0,204233.3376032922,DDoS
3.139474780239685,3,197.45869417674757,0,0,188.6863644386458,Benign
20.002725505818177,32,92.30367696395301,1,0,147.66575994793064,Benign
5.961803757016996,12,238.06830947560252,0,0,479.18714371380906,Benign
0.09630778268024837,38,158.4866048200536,1,1,62533.793381551724,Mirai
0.35846770106789405,570,545.5918855839578,1,0,867546.4312584043,DoS
0.2645389229535116,4,268.2116082925258,0,0,4055.5333831106523,Benign
8.055291802097077,21,247.05311204183673,0,0,644.062993661871,Benign
2.6950657872214525,1404,492.42347458640126,1,0,256529.01001429188,DoS
0.032743219246163455,2183,67.16959141018764,1,0,4478216.297122967,DDoS
0.11072574518242988,883,54.8435702676466,1,0,437358.7413346791,DDoS
1.7746050192725225,25,218.1061156776793,0,0,3072.6008507387355,Benign
1.0598653655793546,35,117.6371652225349,0,0,3884.7394362566793,Benign
2.7329054504769665,290,489.78831989339074,0,0,51973.48219430486,DoS
0.261870879879606,13,301.26701414593754,1,1,14955.733855164684,Spoofing
0.9279981532189828,6,179.95243803317862,0,0,1163.4879061491924,Benign
0.18765152959248266,3206,64.36829614708485,1,0,1099723.2897366215,DDoS
0.2441359553733844,4185,72.54560034657553,1,0,1243583.0559496412,DDoS
0.8812990089621012,3760,64.81544875414677,1,0,276530.5359898255,DDoS
4.940212659965675,28,235.3975312111816,0,0,1334.1795844794424,Benign
0.13187512133500923,81,117.68404864751015,1,0,72283.59560127078,Mirai
0.46174073068694643,1400,78.58529261066934,1,0,238270.96537759984,DDoS
1.6802794325416532,3035,58.201012753385776,1,0,105125.41562169422,DDoS
2.06565218249622,27,132.77304575459448,0,0,1735.467503073021,Benign
1.552763313404155,1,137.38624177705157,0,0,88.47854698206186,Benign
3.0499595755726734,46,165.9606137835297,1,0,2503.0457108956725,Benign
1.363834052283339,777,666.3535054538378,0,0,379633.19134817075,DoS
2.9623779559438472,27,181.65312475627007,0,0,1655.6409888813864,Benign
0.33381437313891626,1283,383.1434795883923,0,0,1472594.1237627298,DoS
5.73409218537448,31,256.03342020388607,0,0,1384.1835411305162,Benign
0.6281680745389915,1243,62.641694809120516,1,0,123953.49239115728,DDoS
0.03804880006829427,1606,73.97256445754573,1,0,3122304.46967008,DDoS
4.551547854069665,44,109.15885808438026,0,0,1055.2431633599645,Benign
12.402446930784624,30,232.5683267196413,1,0,562.5542959809984,Benign
1.079857121819139,2,279.39577162695457,1,0,517.4680353198605,Benign
6.889588962060684,465,541.0422274905068,1,0,36516.63940599388,DoS
3.1149347127243385,727,565.8331979323465,1,0,132060.78869532314,DoS
11.21738091498168,44,233.46506511513053,0,0,915.7630415622308,Benign
0.403629660928397,3017,52.527331573693964,1,0,392624.6624029639,DDoS
1.9553859784551033,4,96.13785329312094,0,1,196.66266272212263,Benign
7.461268595711655,9,195.4116951927588,0,0,235.71129147470185,Benign
18.713377239922448,31,211.01225392658432,0,1,349.5563514729436,Benign
0.06368059375500705,68,155.15199630432184,0,0,165675.83821977695,Mirai
4.806431646626429,18,262.28002981864336,0,0,982.2339905840993,Benign
17.115788630353677,3,243.3320917142457,0,0,42.6504609812801,Benign
0.17593277617321354,30,141.38562149246064,0,0,24109.030375316812,Benign
0.8133473665678431,39,179.27475287668403,1,0,8596.223027922575,Benign
0.27564273833430836,370,497.8572725518913,1,0,668282.4004628317,DoS
10.433415551162435,26,138.97154097934583,0,0,346.31612703861117,Benign
1.637773251756429,17,237.12050693842318,0,0,2461.298359605091,Benign
2.255129353426123,929,535.5883358676757,0,0,220635.48739017846,DoS
1.2328818054841313,13,198.58339639749767,0,0,2093.942940583608,Benign
1.004888726987558,1195,437.17408598056136,1,0,519881.474153744,DoS
0.05433072656025467,3069,69.31615342062463,0,0,3915487.392055591,DDoS
8.09169873417896,39,221.4394233842774,0,0,1067.2836193849105,Benign
3.6456455775506056,759,529.7580320189712,1,0,110292.22060926403,DoS
1.2167946462198282,44,232.5276435921404,0,0,8408.334430003555,Benign
0.11795030779277559,3874,52.995724117283444,1,0,1740609.5759500081,DDoS
0.01778715448951735,4916,58.99719334856951,1,0,16305598.665176805,DDoS
3.884023770479754,45,197.95981332246023,0,0,2293.5471371768595,Benign
5.07631739184681,1209,456.59945239649096,1,0,108745.9067933742,DoS
0.024539902756385124,11,132.4725442904144,1,1,59380.756381172076,Mirai
0.4474634458420024,8,267.78102062368123,0,1,4787.5378087216295,Spoofing
1.327326700720943,474,478.0104962251164,1,0,170701.7383795858,DoS
0.016251739664340705,4572,68.88361033145588,0,0,19378594.103771135,DDoS
10.880140483910804,12,181.67190421301197,0,0,200.37083655123288,Benign
2.1697288139538875,15,233.58016116212178,0,0,1614.8112127649008,Benign
0.30709113228875434,4313,68.46021548232088,1,0,961502.5584575067,DDoS
7.424909219318019,26,145.38016371517327,0,0,509.08154496489436,Benign
0.9625247228242607,6,456.8821584109164,0,1,2848.0234174369443,Spoofing
3.282985747869281,25,223.8385537147121,0,0,1704.5349180999908,Benign
2.04743651279333,10,159.8432176184491,0,0,780.6992628082717,Benign
3.4170979559012418,21,123.36943130309031,0,0,758.1749457579122,Benign
0.0923066322278503,22,114.01452810075584,1,0,27173.77459969589,Mirai
0.4954985562592741,1070,493.38633862949945,1,0,1065438.790213798,DoS
0.32902426964463516,582,581.1650304655833,0,0,1028003.3387697684,DoS
5.448499464568503,3,194.02932756122834,1,1,106.83454893755484,Benign
0.024970603386269694,12,130.0190392277896,1,1,62482.60991528064,Mirai
10.597912479416504,36,231.72148825744083,0,0,787.133654242742,Benign
0.17196039354734838,47,156.84048135489422,1,0,42867.444483082814,Mirai
0.6331804162406498,1015,64.78777344336793,1,0,103856.00747958937,DDoS
2.290695692382662,1,196.47826520862225,0,0,85.77231181862302,Benign
0.7995879489680389,1897,61.79856834343981,1,0,146615.3714532675,DDoS
1.839339318720265,1363,741.205262788377,1,0,549253.0730455195,DoS
0.16502366227952148,46,206.65085976249946,1,0,57603.494055134724,Benign
0.03806605919005783,58,121.81310475885377,1,0,185602.6136232881,Mirai
2.3108984909754966,2727,62.81379286508121,1,0,74124.07503488769,DDoS
3.4750560115524456,41,170.95394312753712,0,0,2016.9780414842216,Benign
4.12673734994133,27,168.5385139310964,1,0,1102.6967529698245,Benign
1.0705658327603893,2074,66.21126762507171,1,0,128270.64422588736,DDoS
0.7460442804889656,1192,49.40976736171277,1,0,78944.96913314615,DDoS
0.5105150591859621,904,55.60363537844235,1,0,98460.7319170225,DDoS
0.5825784509488375,274,340.31281797812017,0,0,160056.91932843882,DoS
0.10539619870340863,1242,47.97869541394833,1,0,565386.0427339742,DDoS
1.7716574290792308,11,316.85062038329204,0,0,1967.2859814821134,Spoofing
0.5324455948065332,1615,61.85707302299181,1,0,187623.24997435775,DDoS
0.10094759542611627,17,112.54492920725728,1,1,18953.039826725693,Mirai
3.0626481387134734,19,204.38056056465953,0,0,1267.9323496690547,Benign
5.904989547593709,33,179.76621168418714,0,0,1004.6224362912869,Benign
19.555712425130224,49,122.9006894722928,1,0,307.9475527776506,Benign
0.25205133466992646,1516,63.021890669065286,1,0,379054.47467445006,DDoS
0.03268839233517445,15,119.04457184402683,1,1,54626.99295061165,Mirai
4.900055762177743,15,145.49620957529675,0,0,445.39149135305,Benign
3.1447894952619624,7,206.95856258471235,0,0,460.66992410005753,Benign
0.30906523618989395,15,126.38220162805983,1,0,6133.763369155284,Mirai
11.46025015242113,29,203.40632280479505,0,0,514.7168066041613,Benign
1.2277151025286934,620,501.00083468085387,1,0,253007.00208244752,DoS
0.11359851515757007,1387,69.89594551344663,1,0,853406.1936696902,DDoS
0.012413446442086789,99,126.84765246483022,1,0,1011638.2789103263,Mirai
0.13168399049852136,29,227.0556959666224,0,0,50003.1564816984,Benign
5.5077252734798074,28,205.39252625987902,1,0,1044.1680457389823,Benign
0.03794116183346127,2920,65.98745242899474,1,0,5078478.143037051,DDoS
0.4068063577482835,16,412.49963793603587,0,0,16223.920991570152,Spoofing
0.133707686425217,4885,70.19309914728439,1,0,2564499.457750061,DDoS
8.42827326221754,7,106.64107994275368,0,0,88.56945383411424,Benign
0.8509490484553086,1023,471.2088277933854,1,0,566481.191450501,DoS
0.7316965697062033,18,240.92626196254997,1,1,5926.873098594948,Spoofing
0.14833785455999435,45,107.36733622696623,1,1,32571.120463788273,Mirai
1.7799492088957014,10,347.9885628576531,0,0,1955.047712139768,Spoofing
6.5340156035081804,19,170.39975618511826,0,0,495.4985668811303,Benign
9.594912629416863,42,149.73709541025804,1,1,655.4471364282817,Benign
0.18240743462954478,239,630.217973561921,1,0,825745.3759338307,DoS
0.15442017466606273,38,109.03220890024339,1,0,26830.846080630774,Mirai
3.9595209953373187,22,171.8975107267747,0,1,955.1017005446816,Benign
5.749696110195269,23,246.78094425845845,0,0,987.1759496784568,Benign
0.00859145527995329,30,151.3614612872654,1,0,528530.2304038357,Mirai
5.255673543139442,4,235.7570529368392,0,0,179.43051523402747,Benign
0.561164144348489,23,275.4743747088344,0,0,11290.654761378555,Benign
0.6262123371995678,3992,63.35988350482484,0,0,403908.7701184232,DDoS
0.1280940850215273,1626,71.51448948985418,0,0,907790.2378627447,DDoS
1.838386697508308,720,356.72179609642075,1,0,139709.2861570068,DoS
1.4939014167810516,32,206.65880429968428,0,0,4426.718967734349,Benign
0.3740425491786919,573,377.63210297009545,1,0,578498.8779404656,DoS
0.19285428433701277,3674,61.017369334474374,1,0,1162420.714196363,DDoS
0.4726227062423495,3183,69.77642807408986,1,0,469927.42334715795,DDoS
3.629976814263534,588,527.7150171092486,1,0,85481.65620258721,DoS
0.09469671213028388,35,115.26913657512436,0,0,42603.588755846045,Benign
0.5316752677250719,23,265.1556974426285,0,0,11470.499779451877,Benign
1.7129708526519047,40,191.18880543649365,0,0,4464.496407291652,Benign
6.370803543664385,31,180.1061546725299,0,0,876.3872181242943,Benign
0.1398476562167976,3851,60.891076205986536,0,0,1676764.1361520975,DDoS
0.01945915707449267,34,127.1604510769971,1,1,222181.01843091374,Mirai
2.6604097426502493,1215,463.154281872829,0,0,211520.97116999127,DoS
0.007133926263960002,33,145.600810076969,1,1,673517.8574543949,Mirai
9.76151189168792,43,241.2920819567472,1,0,1062.9049720233481,Benign
0.31931253319309044,4169,74.90106968788199,1,0,977921.4000972293,DDoS
5.37822131093607,34,236.301658271394,0,0,1493.8500884838165,Benign
1.1270622157436716,30,179.0086754924435,0,0,4764.8303614098495,Benign
6.5262913773701445,28,293.1209560954634,0,0,1257.5881608859838,Benign
0.339701680828594,2633,62.86803916212765,1,0,487285.0399507022,DDoS
1.1566289308529656,13,325.9526839548802,0,1,3663.5646734934667,Spoofing
3.2224332200158683,10,218.2415545903881,0,1,677.2570281202396,Benign
0.6978991445824017,14,251.14355722464586,1,0,5037.991274869521,Benign
0.05396312371080958,25,134.86479642221033,1,0,62480.07303327911,Mirai
3.283935600949153,49,245.3517708774455,0,0,3660.923426610452,Benign
0.00743142179780614,47,127.79644196640174,1,0,808248.130148401,Mirai
0.7057377222618723,587,546.407462153764,0,0,454476.4579910675,DoS
0.7852604118997896,22,252.56897046795942,1,0,7076.018688949518,Spoofing
1.1515834194533776,736,71.17615285672804,1,0,45490.103120291315,DDoS
0.788269865686308,1129,376.4691760109601,0,0,539198.208910749,DoS
0.2934212208909152,1217,82.75626224180135,1,0,343241.60618810414,DDoS
1.6908164105044003,491,596.9881207014836,1,0,173360.7300256716,DoS
0.8657025580869437,1730,56.65432341899472,1,0,113216.6915752805,DDoS
6.728976156794503,40,196.07902359546634,0,0,1165.5801359764241,Benign
0.7016877423963418,4262,78.01928253102732,1,0,473883.4128862673,DDoS
0.7910769635539101,3372,57.537015309200996,0,0,245254.03287060081,DDoS
0.009873313676590839,40,101.70667235456332,1,0,412046.75830650475,Mirai
1.1459945146702113,1249,482.8778381253739,1,0,526280.3722862088,DoS
1.370068450543113,438,531.7155712429637,1,0,169985.24424972848,DoS
0.043774446437641015,35,266.74574343548795,0,0,213277.4205047194,Benign
0.3609827952882891,981,549.1651574697783,0,0,1492400.8194008516,DoS
0.11601940763489921,1237,54.17439060723937,1,0,577607.8549895736,DDoS
0.01612809473562444,24,159.17342167909726,1,0,236863.81949755005,Mirai
0.2698663259185321,23,503.09146985530447,0,0,42877.16804713573,Spoofing
2.199690538294954,15,133.8528376884141,0,0,912.7613772810569,Benign
0.00966468290336672,91,159.70454537804304,1,1,1503734.1395173206,Mirai
0.6703159635823142,20,216.7466335570381,0,0,6466.999007414265,Benign
4.058829287985681,29,135.1326295029228,0,0,965.5114757313702,Benign
1.189797979329362,2731,65.02749611308015,0,0,149260.71061653827,DDoS
11.46010524175703,2,311.9493412617877,0,0,54.44092086085599,Benign
3.044249338670742,689,339.80214591583933,0,0,76906.8668462756,DoS
3.422413817977534,32,249.27235358048924,0,0,2330.727883540826,Benign
13.065208646223073,28,237.7943087407738,0,0,509.6160976094667,Benign
0.21375003949643145,545,87.21832681975604,1,0,222381.18986434443,DDoS
3.5114155886080187,1018,300.9187903489382,1,0,87239.8384198822,DoS
0.3606088030048554,8,310.78907041655395,1,0,6894.763917615607,Spoofing
0.5856279874203432,630,295.88490543395943,1,0,318303.58935628826,DoS
5.119245577472743,382,465.20580073521944,1,0,34713.829057715295,DoS
4.70874061984106,44,197.78610405157013,0,1,1848.1775236459796,Benign
9.088828596334386,45,230.21498987296758,0,0,1139.8250538536618,Benign
0.1058169746573003,31,180.23553096597328,0,0,52801.56116766947,Benign
1.2936972221341234,4366,68.32151200582459,1,0,230573.05551399328,DDoS
1.5019318303822693,606,540.979309319703,1,0,218274.52805517835,DoS
0.6224177965522621,988,64.4168545444279,1,0,102252.62298481022,DDoS
0.050048907226460784,476,531.05221087754,1,0,5050676.755716739,DoS
0.16080824687243905,2016,49.98580880384987,1,0,626655.6131819416,DDoS
4.181613896604674,45,187.99860766823468,0,0,2023.1273269729036,Benign
1.4971324348034996,34,143.86637956757738,0,0,3267.217242501089,Benign
0.21235524933758168,81,151.1102102984924,1,0,57638.9190865729,Mirai
0.49518631100851274,347,544.4063863643653,1,0,381490.7881514261,DoS
0.09429754755205544,11,118.70345062172007,1,0,13846.998047516658,Mirai
6.53375542590688,32,216.70314821893336,0,0,1061.3346063597667,Benign
1.1955262855514464,21,428.53277214177183,1,1,7527.386326622052,Spoofing
4.7161366216361085,21,158.68959696671672,0,0,706.6125949389813,Benign
0.11194298206664856,37,179.13767950861674,0,0,59209.554895300076,Benign
2.1169875175008164,23,173.18389118635267,1,0,1881.5554954185388,Spoofing
7.826811345837533,29,179.06714708218266,0,0,663.4818492392842,Benign
7.5345980925833755,1257,578.7348420849846,1,0,96550.56415244032,DoS
5.388278055329881,17,211.68924831266742,0,0,667.8789001535715,Benign
0.32850366467770487,670,52.79036023082075,1,0,107668.63556712824,DDoS
0.11427855757049138,7,224.44137552372553,1,0,13747.895161320797,Spoofing
3.6778755298123644,2,149.87373734183637,0,0,81.50016830476181,Benign
1.4228695205065405,819,406.5500825638053,1,0,234009.17148131854,DoS
0.092561291578742,9,323.80486115037553,1,0,31484.475860778468,Benign
1.6515234605490112,1443,387.8113759950602,1,0,338845.81656190444,DoS
4.250463320005028,45,103.77003575308078,0,0,1098.6217871615727,Benign
2.787562998208954,18,190.9801321551412,0,0,1233.2070633027029,Benign
14.095427752516871,17,251.15662115565257,0,0,302.9111733685205,Benign
1.902746711918939,30,189.8544678914488,0,0,2993.3747887018344,Benign
0.084520639956809,18,386.70841766651495,0,0,82355.64143331489,Spoofing
11.778422113890985,2,155.53500754276712,1,0,26.41016021311302,Benign
19.179599173641677,8,204.29804165646453,0,0,85.21472833998709,Benign
1.0568561494209654,1183,71.82877515171769,1,0,80402.08788209978,DDoS
10.051860814374201,38,270.2751187014846,0,0,1021.746590041281,Benign
0.16654064742547103,692,544.0447712638959,1,0,2260583.152128641,DoS
2.9399222390344,9,232.22914385758304,1,1,710.9243458781807,Spoofing
0.015380841657596797,928,63.15342743980042,1,0,3810349.3923681565,DDoS
0.28422069556190416,79,135.20967049244584,1,1,37581.93592407399,Mirai
0.609760890633249,4758,74.97518621890649,1,0,585035.7763337097,DDoS
5.163367723229426,6,63.826618674104566,0,0,74.16859161932891,Benign
0.568374112743919,494,392.8791864188735,1,0,341469.3135019105,DoS
0.2671828427374988,4943,73.98087646039872,1,0,1368678.7242661037,DDoS
0.11144455232147471,237,556.3184453967752,1,0,1183076.864795566,DoS
0.22910947807297016,94,100.25539605469407,1,1,41133.20543700836,Mirai
0.03690251051684934,4965,82.81508655146963,1,0,11142247.477723967,DDoS
1.1678538475262064,7,278.7622258024741,1,0,1670.8731017590208,Spoofing
0.06470713086270755,31,121.56378707858579,1,1,58238.98153407438,Mirai
0.5101592309630307,1028,84.85676148714538,1,0,170991.22296408447,DDoS
0.12284070482877482,997,464.25800671921263,1,0,3768011.860109672,DoS
0.5192969620247505,32,240.4790449093466,0,0,14818.74534196162,Benign
0.9850925263002022,10,232.17292146743625,1,0,2356.8641043235634,Spoofing
0.1825529968643854,840,536.4633393550085,0,0,2468484.291128727,DoS
1.3834774837325838,36,325.4731110494552,0,0,8469.26107258946,Benign
0.32089363679459926,43,174.72997000373852,0,1,23413.95356172176,Benign
1.7099725879122714,306,564.3675859046585,1,0,100993.7132955289,DoS
9.462390225946027,34,110.81206619063087,0,0,398.1668648742261,Benign
3.868007242540239,33,271.27678385764034,0,0,2314.4046290417464,Benign
0.2863801357165423,4888,75.51675787164106,1,0,1288936.8585324667,DDoS
3.08578849928165,35,241.88034463048177,0,0,2743.4842226023084,Benign
0.06873789057339157,1879,81.92649069880916,1,0,2239519.9320046133,DDoS
6.89839971637155,29,249.85533164793335,0,0,1050.3602162388536,Benign
2.277153343082304,39,184.58326352363883,0,0,3161.2922771717476,Benign
2.1588024288215815,1132,446.92810003942145,1,0,234353.36299894354,DoS
0.3990586008277917,600,49.390364374963745,1,0,74260.3180673369,DDoS
1.4298388790320908,8,291.1898264611814,0,0,1629.2175613985162,Benign
7.912323087373338,22,258.58860209254084,0,0,718.9986029658535,Benign
0.017252462226344634,3085,66.76936851402829,1,0,11939368.373242341,DDoS
6.1172688788098215,49,164.79500550643945,0,0,1320.0262126432146,Benign
10.534605314781613,6,115.45517213605861,0,0,65.75766363494866,Benign
4.582403982861775,26,341.1531015314762,0,0,1935.6609921325519,Benign
0.15269464763691343,21,136.9593851028499,1,1,18835.939122102853,Mirai
0.10642977659749822,44,140.18390725702704,1,0,57954.56982528497,Mirai
0.07995387797208801,22,147.57653319991056,1,1,40606.95757035641,Mirai
0.7483320898782153,1298,582.8986612501025,0,0,1011051.7409800823,DoS
3.238372897237179,840,393.99668054263896,0,0,102198.61089443196,DoS
0.43855920944771204,1370,58.136258360618335,1,0,181609.85389942685,DDoS
5.7852352502143605,402,386.1785715853978,1,0,26834.48106480677,DoS
12.78252073402925,10,142.94547414867904,1,0,111.82886155477442,Benign
2.3815616036512353,675,530.7061251941111,1,0,150416.698840298,DoS
0.2200414065330203,27,139.7462949223573,1,0,17147.454301231406,Mirai
0.4103614843167303,707,57.282988605830965,1,0,98691.21370334062,DDoS
1.8363279023794017,45,210.83966818392503,0,0,5166.716170888071,Benign
7.25221057905653,5,232.4959422487604,0,0,160.2931545590936,Benign
1.93524700527946,341,363.4625985003747,0,0,64043.8898758198,DoS
0.6310131165985654,315,588.7309544022551,1,0,293892.8617464684,DoS
0.28569301362814614,30,132.70566148111845,1,0,13935.131958163269,Mirai
13.247033651173421,33,224.78771185399657,0,0,559.9740052388862,Benign
0.1258611970445955,94,148.33451712008852,1,0,110784.29998046054,Mirai
0.35727516537779563,1222,49.93030988822922,1,0,170778.28126927553,DDoS
0.008748461734280925,68,135.63447980190938,1,0,1054259.0122317006,Mirai
0.7420665268573826,2923,49.60245664652587,1,0,195384.07343585827,DDoS
0.3350190189099597,3770,67.68191633054766,1,0,761630.863215984,DDoS
0.04858041959807336,2704,53.41921756223884,1,0,2973328.8737181337,DDoS
0.9220071023654111,1034,433.8548544233098,1,0,486553.6483643162,DoS
0.42522758678001216,11,389.9504589743541,1,1,10087.433605141445,Spoofing
1.6557172767548958,9,155.26067193388428,0,0,843.9520847083694,Benign
3.4161718651125073,27,197.02724231824016,0,0,1557.2212852989132,Benign
0.912509413036777,10,155.5572558437424,1,1,1704.71946504154,Spoofing
0.3898745154826882,4260,71.4525208441965,1,0,780732.5862769632,DDoS
0.4686358207915476,476,506.154268493071,1,0,514108.01546446205,DoS
0.45827984671981625,585,72.20180359335842,1,0,92166.51224014709,DDoS
0.49369655813287117,32,124.55372966985621,0,0,8073.216804486413,Benign
0.09470965404187454,94,122.32362332378051,1,1,121407.05938331803,Mirai
0.9908844577530213,924,466.17942747805984,1,0,434712.430515377,DoS
0.5425453609677269,12,263.8033848468642,0,0,5834.794370955238,Benign
7.682298020514409,22,191.78302372664143,0,0,549.2141167550787,Benign
0.014829596506738941,72,103.90442834795901,1,1,504472.1774900241,Mirai
9.564116859222283,9,206.93636554072512,0,0,194.73071244112458,Benign
0.3395585926378122,63,162.5034484423249,1,0,30150.075638894104,Mirai
5.870046852986576,23,260.340929065466,0,0,1020.0670486061301,Benign
0.2187183356548085,4256,52.708839438826,1,0,1025651.644522797,DDoS
0.8454837349414916,20,399.2224221542679,0,0,9443.645233030877,Spoofing
3.3976458832550955,866,629.5113305846776,1,0,160451.3333696937,DoS
0.9435031453295446,1664,69.35398888762337,0,0,122315.47725121456,DDoS
0.24445438050651025,872,483.84686734041287,1,0,1725943.5787022181,DoS
2.3688875412063735,48,220.23812167156638,0,0,4462.613634605722,Benign
2.5318566606543196,47,221.96297446903378,0,0,4120.399058194917,Benign
1.2253658817345319,26,205.79517487748683,1,1,4366.59337963667,Spoofing
0.11613655414491192,80,103.18379552530274,1,0,71077.56642860465,Mirai
0.45674249708407594,1034,580.9017162621858,0,0,1315078.7992134956,DoS
5.868613072795287,12,150.40253196565754,0,0,307.5395091140724,Benign
2.108114602774138,22,120.7806050555427,0,0,1260.4501234066101,Benign
4.105516207240404,49,208.86904838982474,0,0,2492.88587706752,Benign
0.23967587898194526,3815,57.74536783762119,1,0,919152.0616770947,DDoS
0.17208327553301528,49,106.03370465477376,1,0,30192.65824636802,Mirai
0.11343297146529127,1197,72.84217170977273,1,0,768666.0977868977,DDoS
0.04851737919727822,98,136.44767801166304,1,0,275609.94980316516,Mirai
1.260943237150429,29,180.9258749288606,0,0,4161.051995325475,Benign
2.464792520813563,30,162.9395751891873,0,0,1983.2043526577065,Benign
6.943696572707836,17,161.15233824746414,0,0,394.5434138027912,Benign
0.008611393715702744,3267,62.10169521173361,1,0,23560209.294202145,DDoS
2.410132004265377,38,171.67314191584904,0,0,2706.731158814968,Benign
3.789540842397138,10,290.0066025860843,1,1,765.2816387186256,Spoofing
20.032443765520284,9,136.24701825040952,0,0,61.211861049337045,Benign
0.6328246941358139,28,257.4564925281063,1,0,11391.435665498637,Spoofing
0.10974284775260516,1275,69.46233191788338,1,0,807018.1793983827,DDoS
0.4857626906229601,17,386.7407429442191,0,0,13534.577185457003,Spoofing
0.21964748593984157,2687,73.04875110869885,1,0,893622.7673592984,DDoS
0.17381810763223599,27,461.6008024965728,0,1,71702.66571867831,Spoofing
6.43404525014958,28,160.56033144415557,0,0,698.7344828406109,Benign
2.2491808374603535,382,624.1357745064724,1,0,106002.97756879458,DoS
0.8181561119430334,8,241.22969078653142,1,1,2358.764419310018,Spoofing
1.957708283547762,29,111.72572370204013,0,0,1655.0198078988292,Benign
8.809474016074594,21,176.5854783800111,1,0,420.9439790858943,Benign
0.2387428721298364,4565,79.93527509725436,1,0,1528441.572155163,DDoS
0.30745200568350656,11,451.9391305674025,0,0,16169.451961093899,Spoofing
0.8379083691680608,3837,69.26593708482936,1,0,317186.7120248128,DDoS
0.21489873134358167,2963,73.64922126743984,0,0,1015467.3378063283,DDoS
0.07318060160881677,34,179.93471592077196,0,0,83598.3881904734,Benign
5.77471061761994,44,127.61019901134127,0,0,972.3169052604732,Benign
0.4079350081605615,45,94.09856826611741,1,0,10380.17205502654,Mirai
0.7650195775664439,22,192.9877547838364,0,0,5549.8326183366835,Benign
0.018500556762782394,987,537.5965549373865,1,0,28680639.53570442,DoS
2.8116952225830034,18,372.17811328132785,0,0,2382.6216957147944,Spoofing
0.5718198477446197,20,195.85863314543812,0,0,6850.361487728929,Benign
2.226016596038852,853,340.67743939452225,0,0,130546.13174072467,DoS
0.8853731018690293,25,233.78893971143734,0,0,6601.42428141049,Benign
0.7596016483071629,674,546.936477043219,1,0,485300.6656168593,DoS
14.15680815211038,40,214.16991272722643,0,0,605.1361590156175,Benign
0.49106334559757125,969,543.7625797666294,1,0,1072989.7568564725,DoS
4.12373528870671,30,166.36749377569282,0,0,1210.3164882913895,Benign
0.006053910018782513,4611,61.462893121573636,1,0,46813612.90542786,DDoS
1.0309814539381432,4541,69.10678262737721,1,0,304383.6518224586,DDoS
5.168818243267923,30,269.3724664669752,0,0,1563.4471195682886,Benign
3.3063087031770713,752,406.59133561156773,1,0,92476.7503064955,DoS
0.251361111793133,34,140.30313922991678,0,0,18977.90274632089,Benign
1.9948993358710305,899,460.22386555625417,1,0,207399.5653291554,DoS
10.506984741839169,22,274.04230934898925,0,0,573.8021852901677,Benign
3.738293580702082,917,692.1109333717651,0,0,169774.17963591646,DoS
0.3895486277885225,12,192.87843316029452,0,0,5941.597615330449,Benign
0.12814220604065382,4421,57.067887562711036,1,0,1968883.935357745,DDoS
2.1410283658289426,49,125.17547416684125,0,0,2864.7907389122674,Benign
0.1594317317500483,760,654.0954786951344,1,0,3118027.7498814254,DoS
7.395116737964144,36,201.7236694771167,0,0,982.0064183564768,Benign
0.047287638054068076,30,143.74728831123065,1,0,91195.47574793556,Mirai
0.40248099201299453,51,118.34410786230583,1,0,14995.862216476384,Mirai
12.161222790409399,37,212.0078125473176,0,0,645.0246985391079,Benign
2.485947478478766,1366,459.75147651409264,1,0,252628.23223544421,DoS
4.830255413090631,39,223.15283662114132,0,0,1801.7599244624491,Benign
1.5119820482687079,7,197.3785306504236,0,0,913.8003431555425,Benign
7.205386009976849,1062,403.2774265298361,0,0,59438.95668902019,DoS
0.6062289140772548,1455,561.302636638147,1,0,1347173.1838320538,DoS
0.4298006860237637,1107,332.51356364485537,1,0,856426.0759102256,DoS
2.508383986861282,19,198.37415788040107,0,0,1502.6044734258858,Benign
7.947931214549989,14,110.68004562482791,1,0,194.95898956837215,Benign
20.616380701808502,11,172.65706486059725,0,0,92.12226631515232,Benign
3.7313949202417653,298,256.58179597801984,1,0,20491.3649816771,DoS
1.715279504503441,813,85.31089329210982,1,0,40435.25038595023,DDoS
2.676449800966039,429,394.6623133783074,1,0,63259.22211512541,DoS
6.218691191521302,29,209.47472683917582,0,0,976.8562051478884,Benign
2.2445328433012333,42,230.85546156821746,0,0,4319.798400278461,Benign
8.105119837575362,40,205.65407284521044,0,0,1014.9341501000267,Benign
3.8007844103333026,12,286.0126031586884,0,0,903.0112911885168,Benign
1.320179866330939,9,196.01361711670555,0,0,1336.274396422377,Benign
0.020198348768186238,63,108.87077449481306,1,0,339575.22329629184,Mirai
0.12655204828825758,14,115.95783638229234,1,0,12828.000267955556,Mirai
0.17706614450832434,1813,79.7542920463008,1,0,816613.0904439816,DDoS
1.521456738916167,1677,78.00781083092343,0,0,85982.79229197773,DDoS
2.322866403658215,3,191.67837356768604,0,0,247.55410806125218,Benign
0.04434773405438318,19,111.44931816688643,1,0,47748.48344165968,Mirai
2.7705647089915173,20,191.29596003951306,0,0,1380.916745374589,Benign
0.9788963238327194,23,302.9717778279892,1,0,7118.57907767008,Spoofing
2.3860367956211572,1670,73.70333666556392,1,0,51585.3621609591,DDoS
2.0052119939632433,18,166.5013594823936,0,0,1494.6172672543978,Benign
1.6566888184912665,27,325.43022844061517,0,0,5303.72153769862,Spoofing
13.409387479115919,18,205.15526728137488,0,0,275.38877646842474,Benign
0.2423195797971484,4804,70.96954538609012,1,0,1406975.4343424668,DDoS
0.947195056660882,3459,51.735622353504695,0,0,188929.95319425775,DDoS
1.713338065700518,20,195.15570357308422,0,0,2278.0758506441352,Benign
0.12203401881109857,1946,60.58700515230159,1,0,966142.9917249935,DDoS
1.5419288397087367,559,400.3844991318175,0,0,145152.5707612834,DoS
0.6287677151195695,845,459.5468971739794,0,0,617584.3936868933,DoS
1.3702521034881545,37,196.80047024687968,0,0,5314.07131621856,Benign
0.07532593701549796,11,213.36681761551154,0,1,31158.390944247203,Spoofing
1.0472046993060298,20,156.7739654323903,0,0,2994.1417477649316,Benign
2.3005476640808915,13,217.38217940607638,0,0,1228.3893858847807,Benign
3.177865520538336,47,166.25514640525955,0,1,2458.880601002743,Benign
3.3748330821690486,14,166.79886789330138,0,0,691.9406363663373,Benign
7.934074041919869,40,128.82730778841676,0,1,649.4888104535179,Benign
0.6854812603323539,11,270.82347319823083,0,0,4345.936756514905,Spoofing
2.08614308068694,7,181.35516802967066,1,0,608.5326495389132,Benign
2.393998311458238,18,220.12884214463298,0,0,1655.1052436581945,Benign
0.45773289349614465,9,209.94456011961324,0,0,4127.9555564481925,Benign
2.1032279668686136,995,586.8968266113615,0,0,277650.52180612436,DoS
0.09470495568167929,17,139.8733816911861,1,0,25107.952077423965,Mirai
0.5578950750072107,49,237.515778668026,0,0,20861.043009893663,Benign
3.492797282787097,28,133.20575480701515,0,0,1067.8435742541121,Benign
6.684461268787045,6,94.38971161937188,0,0,84.72459439038659,Benign
1.22014309623328,41,275.6588107868122,0,0,9262.857182202553,Benign
14.23169391536328,17,204.00420732630255,0,0,243.68648912574767,Benign
1.0186682236576639,3096,73.67025637454033,1,0,223903.23801071764,DDoS
3.467083729479705,19,227.1049929821445,0,0,1244.5603288929753,Benign
0.650822337863634,4807,75.35154365618033,1,0,556549.5363054875,DDoS
8.339419184143376,12,191.7336140335213,0,0,275.8949175713601,Benign
0.24583008171375992,19,190.4306027909667,0,0,14718.220926441834,Spoofing
2.0422754532911025,26,368.08984154352265,0,1,4686.114140337488,Spoofing
0.6826245238842553,2911,74.48821218482124,1,0,317649.27582177054,DDoS
0.9796025487424354,23,187.55784426749298,0,0,4403.653730474894,Benign
4.747223895991047,11,286.43070682086807,0,0,663.7011112305647,Benign
0.024367518088828043,3223,59.30877610555699,1,0,7844548.824849304,DDoS
1.9509661896655728,1465,461.74486044387095,0,0,346728.8280717087,DoS
0.2907137495670675,2023,67.55387767337848,1,0,470089.5459425696,DDoS
0.013667509477187931,49,122.95011206969458,1,0,440793.95016849675,Mirai
0.04462766821426845,28,175.0272759778723,1,1,109814.46989008362,Spoofing
9.307025490290243,30,219.61202247769165,0,0,707.8911174364141,Benign
0.4783026364413865,2415,55.02041779692257,1,0,277803.83977843926,DDoS
6.261845134750254,17,233.04821560956344,0,0,632.6920548348232,Benign
2.127853629712911,19,234.60320070530932,1,0,2094.815522627031,Benign
0.06904643629188785,2801,71.53243563174918,1,0,2901849.291070069,DDoS
0.23236630354093607,32,173.2784320379357,1,1,23862.796544582,Benign
0.08269040336566078,34,127.88589542098225,1,0,52583.13259261546,Mirai
1.1847571588618262,41,227.46994168336255,0,0,7871.881203045385,Benign
0.40807473319287074,2184,56.74874645582265,1,0,303717.0698851833,DDoS
0.5325101600990642,237,539.8669752400912,1,0,240274.23835086834,DoS
0.6264239462471851,1054,565.8662285891913,1,0,952107.6078047323,DoS
0.9783142722770753,49,167.2242680426226,0,0,8375.620561086766,Benign
0.06086410446845395,30,120.6437808326073,1,0,59465.483910210496,Mirai
0.5315094854342676,3606,51.09416834620404,1,0,346645.8757662146,DDoS
0.30103032248961686,887,63.77020360880035,1,0,187901.90348002873,DDoS
3.9383666586428627,11,205.34569585481546,1,0,573.5379283302534,Benign
0.005813460833508883,4487,70.16888979313819,1,0,54158412.264003426,DDoS
0.11447391841515808,43,134.41191082779898,1,0,50489.33631007808,Mirai
0.10992310223761352,856,539.9045693543842,1,0,4204378.351407293,DoS
0.03183139951465216,32,119.30817704347976,1,0,119940.11333475837,Mirai
0.04847296070570768,4238,73.84720848248692,1,0,6456475.218191655,DDoS
1.5451774353889047,44,249.57563260113915,0,0,7106.8393719367505,Benign
5.762761430154621,42,217.89661390617286,0,0,1588.0681327829516,Benign
2.608269014320295,15,190.4540110750653,0,0,1095.2896922982666,Benign
3.936026022860478,877,472.1130524595401,0,0,105193.19349065528,DoS
0.15722954736407255,76,98.74520870304528,1,0,47730.442447017274,Mirai
6.1858734001323885,26,219.50104780471844,0,0,922.5903722505119,Benign
0.26703453509025477,1833,70.76756149393259,1,0,485768.40510361525,DDoS
0.1110288956059682,2610,63.53380690186308,1,0,1493514.2343697154,DDoS
0.6308496364558935,2123,60.31943049349036,1,0,202993.1437499264,DDoS
12.295547598799141,34,255.77482394801942,0,0,707.2758609858091,Benign
7.202864972297127,41,153.14155087456965,0,0,871.7091893303851,Benign
0.8969963781532846,44,230.59974811155143,0,0,11311.516037330512,Benign
6.0678449295688655,14,234.24280396397887,0,0,540.4553500560063,Benign
9.493607252598869,3,165.7668233604527,0,0,52.38266728858226,Benign
2.6663727595320124,11,162.05359566272264,0,0,668.5447658874297,Benign
1.2201153067936314,661,596.4982520796611,1,0,323154.1661917244,DoS
6.698824661672965,49,216.81802824593728,0,0,1585.9623024373454,Benign
2.3842700113486783,5,329.30193070232053,0,0,690.5718084254406,Spoofing
0.05363767024797231,10,251.8193617359502,0,0,46948.22884211117,Benign
0.25945559311892574,42,184.37812637851619,0,0,29846.653968057435,Benign
3.2692807842354554,19,221.77966069854276,0,0,1288.9114858507764,Benign
8.962304315406604,17,103.40818299648863,0,0,196.1481164970409,Benign
0.1245373208815651,59,150.8599280963856,1,0,71470.42906239603,Mirai
8.183848809789014,21,240.19377262535562,0,0,616.3443805436709,Benign
0.4043851843879386,24,207.13302613192013,0,0,12293.211569287048,Spoofing
0.2860872353094592,91,148.3615029705121,1,0,47191.53846802269,Mirai
0.009153188903414156,2088,68.47505137484245,1,0,15620338.308252415,DDoS
0.5322961472390602,1461,69.31838247361603,1,0,190259.0453063521,DDoS
2.390168900097046,478,501.4299681251687,1,0,100278.9069651517,DoS
1.5201237596367174,13,178.9539219837276,1,0,1530.4023577293651,Benign
1.0596293233917309,391,478.2832295830837,1,0,176485.05816014594,DoS
8.873925079717074,46,178.61328442322352,0,0,925.882403745766,Benign
10.906674818206366,3,177.18328077418303,0,0,48.73619606181346,Benign
1.2099197082871143,1801,62.70531378983229,1,0,93338.64831028035,DDoS
0.13618362070722853,4537,63.113720898024134,0,0,2102653.3897929797,DDoS
0.21833050962703016,56,149.4965049402642,1,1,38344.637636563886,Mirai
3.7777554173715675,3,211.92488107334654,0,0,168.29428403345122,Benign
0.22145055737094907,51,105.44894996978275,1,0,24284.863006465468,Mirai
3.7646524941632853,29,159.46312243196766,1,0,1228.3817849580475,Benign
4.62484708607623,13,181.6887946127865,0,0,510.7097134253864,Benign
2.0795321443371497,30,251.44253784647856,0,0,3627.3909763480833,Benign
0.48959282511902874,3699,62.0784097087301,1,0,469018.38779350166,DDoS
5.574664453714549,36,244.5934866896594,0,0,1579.5328299913165,Benign
0.4668489893247409,1118,63.833105544541766,1,0,152866.15935920083,DDoS
0.03385857827299398,87,107.07761390892927,1,0,275137.1405782624,Mirai
0.13640069740684502,4191,49.890352826905,1,0,1532913.487046922,DDoS
0.9234865382534235,4523,70.350703975582,1,0,344559.68863753794,DDoS
0.3394928651234385,21,155.62302409679432,1,1,9626.368745170583,Mirai
1.9722226731573662,921,534.993327614674,1,0,249834.29175585756,DoS
0.12897242513093932,3408,76.43564651393882,1,0,2019754.8666316709,DDoS
0.1136882606840027,21,160.88378531847255,0,0,29717.751607429836,Benign
0.08194182010156122,86,135.63162319473298,1,0,142348.79796775224,Mirai
0.09757986091805688,769,61.7416879566649,1,0,486569.2325442676,DDoS
0.5298277220596705,47,166.81011877740104,0,0,14797.40537558146,Benign
4.853891571146284,40,160.6886166764819,0,0,1324.2044188352895,Benign
0.07902643946625931,87,132.00249567380132,1,0,145321.20137493924,Mirai
2.332842948416399,28,304.33109811020785,0,0,3652.7408554743492,Benign
0.019333994137842613,29,475.65576878554214,1,1,713459.2674661858,Spoofing
2.443139671062517,49,244.37569259734894,0,0,4901.237976321857,Benign
0.3168591932741513,76,184.9397089750846,1,0,44358.5610910316,Mirai
1.2639834492550421,40,264.75049760876954,0,0,8378.290008933467,Benign
0.22978917458232964,2729,77.80370490620723,1,0,924004.8452019942,DDoS
0.07708416168379612,39,155.37848027611722,1,0,78612.26740229822,Mirai
0.22802101263167698,1357,51.64633383746696,1,0,307357.96762138617,DDoS
0.11702668804372397,3479,74.33028748462606,0,0,2209710.2334674015,DDoS
5.183048124979422,36,274.6785845899527,0,0,1907.8404843631579,Benign
4.5283895188443655,38,222.4168505804774,0,0,1866.41195217125,Benign
3.810411329020351,27,145.30344408672744,0,0,1029.5982904686266,Benign
1.5203038123994104,399,568.9802234897736,1,0,149327.46160395522,DoS
8.06642755271178,39,217.06388270654674,0,0,1049.4721945044168,Benign
2.092237828596826,47,264.31280408853826,0,0,5937.518967665674,Benign
0.5737734796337248,3095,57.253539921309894,0,0,308832.1652119085,DDoS
2.111821166754736,687,461.1621625648666,1,0,150021.41784994156,DoS
2.189777986947369,1222,387.35935304614026,0,0,216164.8953656051,DoS
4.4823463006943784,47,220.6718481730391,0,0,2313.8722821407473,Benign
2.143068546545911,37,214.6529413862515,0,0,3705.975174752144,Benign
1.0022770461623125,7,277.24993269261154,1,0,1936.3403923888611,Spoofing
3.1611871967703378,19,220.80411856207894,0,0,1327.1211072111303,Benign
0.0379787236698681,36,85.87072970757755,1,0,81396.79196026885,Mirai
0.11256392842519265,67,102.98895452157436,1,0,61300.809677509016,Mirai
0.0451506548420896,74,108.53454516766585,1,0,177883.4962747922,Mirai
0.6249822295266019,41,244.96325284400248,0,0,16070.046302295077,Benign
0.032708505914511854,83,132.41551662364475,1,0,336013.14314043126,Mirai
0.049049604515170514,64,107.3482003201174,1,0,140068.09817116076,Mirai
0.10099637928046305,2147,55.60535896982458,1,0,1182069.1648428964,DDoS
9.18547475212405,35,181.2138636538129,0,0,690.4907366292433,Benign
5.221780661260781,19,246.13681671087807,0,0,895.5947828680983,Benign
4.266489206994874,14,227.1494484191498,0,0,745.3651289341977,Benign
0.3167351602083904,4980,61.98905947213621,1,0,974648.7127230552,DDoS
0.568059600437886,1867,47.92110875717468,1,0,157498.80818963118,DDoS
1.8579486035044863,26,198.66218320055293,0,0,2780.0643965455656,Benign
0.012212778238588583,740,80.98671306233494,1,0,4907169.07286232,DDoS
5.17359186120143,1,209.5812969710696,0,0,40.50982423696636,Benign
6.92554728824618,375,543.9966321826098,0,0,29455.973452769416,DoS
0.15488938939719168,7,371.7221340423248,1,0,16799.43957699824,Spoofing
14.464099633338863,41,207.59320569077175,1,0,588.4446076203435,Benign
6.708966588818984,46,198.85376733490597,0,0,1363.4399838345175,Benign
2.8464273428893767,6,200.67401510447678,0,0,423.00187062025935,Benign
2.882177594027623,1162,661.7780630496339,0,0,266807.33028289047,DoS
4.095892988467622,636,460.17382324512596,1,0,71454.63819683327,DoS
2.2816229870513713,11,297.44721054983046,1,0,1434.0315357168458,Spoofing
6.847713715025465,36,151.94846959520146,0,0,798.8279202479641,Benign
0.5019829234993516,8,286.49471311328836,0,0,4565.8081134093945,Spoofing
4.864035919624689,9,87.83470759934728,0,0,162.52190186439287,Benign
0.6159363920359029,660,622.0342977200137,0,0,666534.1450895768,DoS
7.262266025375116,45,236.73098535596372,0,0,1466.8829679050648,Benign
0.037136734523954405,31,142.22053093164027,1,1,118719.0127348705,Mirai
0.07709140238503624,772,73.13392023637041,1,0,732369.4299980325,DDoS
1.642474104474716,1405,592.1929150355777,1,0,506571.7890822277,DoS
0.0867224569048758,67,120.0115749763831,1,0,92718.49311462013,Mirai
2.7502987519353406,21,199.27798135866374,0,0,1521.5938288839118,Benign
9.60140927443269,4,234.0795097451624,1,0,97.51881335523768,Benign
0.1680933795014341,50,95.97021743923864,1,0,28546.697592697237,Mirai
0.3961895782408438,44,196.02498023723027,0,0,21770.131280926656,Benign
1.1116121908007242,39,242.483091665962,0,0,8507.319956756233,Benign
1.8754147995485786,3472,51.12953225648121,1,0,94657.318496811,DDoS
0.7472896002843674,3488,53.46835940600546,1,0,249565.4128428641,DDoS
18.64003874081068,41,233.46189599519158,0,0,513.5149056769909,Benign
6.156991418254094,19,189.101875796827,0,0,583.5537839938297,Benign
10.413379678825795,2,130.49262994714968,0,0,25.06249344052803,Benign
0.8541569466125897,1121,51.326352399174674,1,0,67360.97068302735,DDoS
0.0766733075137859,28,150.39415584592078,1,0,54921.80395281155,Mirai
0.9799443415026746,21,277.99676118042623,1,0,5957.411801405883,Spoofing
4.430848112518728,1277,519.071909317104,0,0,149599.98884302538,DoS
0.05147112589258031,31,284.67524136790325,1,0,171454.04009274134,Benign
0.07206707805169822,10,282.4949818059289,0,1,39198.89489667912,Spoofing
0.1956368577710115,3251,54.52384720914078,1,0,906051.289601022,DDoS
4.644584083726751,45,227.85086531587055,1,0,2207.579571040315,Benign
0.54238002376982,11,312.67823041093925,1,1,6341.421851443409,Spoofing
0.001,97,114.35606221609949,0,1,11092538.03496165,Mirai
0.5432814468280714,533,459.7488006471827,0,0,451048.18538464914,DoS
1.851116098950597,336,368.3477933585415,1,0,66859.58738008523,DoS
2.5694470477638927,21,176.63468602888483,0,0,1443.6290523420946,Benign
1.4890948345891348,43,192.36500604732151,0,0,5554.847863210215,Benign
2.837174019185872,545,523.9996671718602,1,0,100656.43371801742,DoS
20.117959682650508,32,181.73623052080538,0,0,289.0730207438005,Benign
0.3741640488241333,2117,67.07505815161613,1,0,379507.0599466225,DDoS
0.03989286229223605,22,152.54024394396077,1,0,84122.45133436462,Mirai
0.24253250200894783,88,117.52754882119179,1,0,42643.45689998824,Mirai
0.0018181767933689464,2058,49.115774566054725,1,0,55594298.87433906,DDoS
0.288168887736632,50,111.0232615963519,1,0,19263.575340898715,Mirai
0.19786186035084197,72,134.01600722455845,1,1,48767.11713444247,Mirai
1.6949970067443814,591,236.45569142968628,1,0,82445.75835762479,DoS
0.6850549153056229,8,160.8217484191888,0,0,1878.0596396122965,Benign
7.2399636876237805,17,209.71566825340275,0,0,492.42876264728415,Benign
4.964339512714185,19,282.36452822061597,0,0,1080.6928137069544,Benign
2.277412554373404,23,211.18404119313408,0,0,2132.785708111844,Benign
13.834087268731261,10,115.64884811406365,0,0,83.59702079909601,Benign
10.632804075441385,38,163.74606770563994,0,0,585.2031626526532,Benign
0.06531587625984284,1914,61.42325801339685,1,0,1799931.6945537438,DDoS
0.8114893931952405,6,299.237805634322,1,0,2212.508073255815,Spoofing
1.3414029206481717,37,196.61136405098236,0,0,5423.143455190346,Benign
0.9426688573341037,1327,671.6074987271772,1,0,945425.4735129052,DoS
1.7015078685249994,1253,491.03262723559965,1,0,361599.19875043863,DoS
12.302833375749104,32,160.0378765088358,0,0,416.2628145787532,Benign
0.323360835896134,27,388.73249697074334,0,0,32458.406377887375,Spoofing
0.124213371864317,3702,51.79461565668574,1,0,1543663.6513699954,DDoS
21.57418000256172,8,196.20637814230798,0,1,72.75599929879529,Benign
0.03132327642536807,50,155.37499192676896,1,1,248018.42217395557,Mirai
0.41470708173818255,18,202.30461679266423,1,0,8780.855844094163,Benign
1.1442372949009336,1150,318.6375915559587,1,0,320242.34127159585,DoS
3.937657348457595,4,176.14226012763382,0,1,178.93101866431303,Benign
0.08004938014525909,26,96.74659159108643,1,0,31423.24621132275,Mirai
0.11251603762288057,3509,67.76400163314041,1,0,2113333.234571135,DDoS
9.013389468521186,759,657.9334252383954,0,0,55403.2943433735,DoS
5.436669808126586,41,213.34057976635728,0,0,1608.882657789135,Benign
1.4164217342043808,904,454.23023344466094,1,0,289902.45003874175,DoS
0.041116155857284536,26,87.99245311160779,1,1,55642.453269290076,Mirai
1.3437792197179244,4941,55.98386550347195,1,0,205849.49922854145,DDoS
0.33003076899526845,395,495.65409113002653,1,0,593227.6150869053,DoS
1.0369489285724138,4813,60.15798995229508,1,0,279223.40017170535,DDoS
0.0163116578052304,40,117.70511726373086,1,0,288640.4770604941,Mirai
0.4133934442826337,3172,68.8547519509269,1,0,528327.858627136,DDoS
0.06340726406055922,50,144.95643997546583,1,0,114305.86236698397,Mirai
0.001,93,103.51113869505454,1,0,9626535.898640072,Mirai
0.047804218042674235,4796,55.281363924346714,1,0,5546151.20248362,DDoS
4.43901039581595,12,199.53251259853312,0,0,539.3972840070982,Benign
0.23639960028468185,3049,43.21862806027438,1,0,557418.8653326383,DDoS
0.16729866683629538,52,141.2001768191403,1,0,43888.031706672045,Mirai
6.924161340531531,43,185.06797273907483,0,0,1149.2977180062835,Benign
0.8223069011554744,3330,71.8868454462893,1,0,291111.74307277636,DDoS
0.27093421874464363,90,88.40845857121755,1,0,29367.871316796838,Mirai
5.353691706837708,16,180.69754588574418,1,0,540.0312331170155,Benign
0.7160268264424509,728,502.901873472587,1,0,511311.23914317315,DoS
5.912512203359763,25,130.39530987483886,0,0,551.3532378027999,Benign
2.554995148807474,34,145.79168984005366,0,0,1940.0887930747856,Benign
0.04365908934155164,86,133.7080778962943,1,0,263379.16966439044,Mirai
7.9473472934675335,25,201.03905204493185,0,0,632.4092952694402,Benign
0.39956141791347594,21,184.00794815943715,1,0,9671.021119924437,Benign
0.09754663395389238,88,124.32342351017007,1,0,112156.2151910462,Mirai
7.599108170440636,28,135.95252154602122,0,0,500.9364938501544,Benign
0.07286541845145532,12,294.6289689494882,1,0,48521.61289308075,Spoofing
0.34234083590313524,28,302.88885887541767,0,1,24773.229364057952,Spoofing
0.013460396475953663,38,166.0292991591957,0,0,468716.7558043596,Benign
0.42359152155165697,21,152.34078307183808,0,0,7552.456273888057,Benign
1.0056897687778938,983,385.73011136963953,1,0,377027.5001774387,DoS
0.07324084600107587,2476,57.06570757384519,1,0,1929178.8621715966,DDoS
0.4982165800806584,19,211.06126204039717,0,0,8049.037585457962,Benign
2.0103260520238306,965,565.2057149323509,1,0,271310.97184988036,DoS
0.592792861982286,31,158.49618178042914,0,1,8288.530362466016,Benign
0.023965053811978738,60,162.48987734708476,1,0,406817.0560898941,Mirai
0.9599452274683842,42,245.7449668501894,0,0,10751.955749525185,Benign
10.83197006345645,14,224.7483911695722,0,0,290.4806289106359,Benign
2.6246124578378054,30,185.1230520734872,0,0,2116.004420241086,Benign
0.9051055173355833,15,332.30338526039554,1,1,5507.148816835492,Spoofing
0.8426035931094623,1360,513.1171634952734,1,0,828194.1212454762,DoS
0.044446753862961715,58,153.38481965873964,1,0,200156.78912426412,Mirai
3.031663589754685,28,242.0326639664375,0,0,2235.3781646362095,Benign
3.447085281849938,11,202.62348164759342,0,0,646.5921542061101,Benign
3.162949847281543,43,177.344837974631,0,0,2410.9860734792537,Benign
0.12077742266695397,2213,52.03120652377041,1,0,953365.7656747536,DDoS
0.06377446396896294,4753,72.71099067403944,1,0,5419023.809308691,DDoS
2.0449300872545884,488,590.3904555463846,0,0,140890.1673961075,DoS
5.448713517777958,33,157.86924797055457,0,0,956.1312346538755,Benign
0.6779454381463025,12,244.81133645917714,0,1,4333.292728604738,Spoofing
8.656189842072127,17,282.6671561241858,1,0,555.1335797599434,Benign
1.4330629935216355,21,438.2354479962353,0,0,6421.870112845113,Spoofing
0.6126912373112364,36,211.6636500520826,0,0,12436.755967515499,Benign
0.8384715503889052,3269,58.7286002695727,0,0,228968.76368934166,DDoS
7.956239978824272,12,141.70426342265966,1,0,213.72547404272726,Benign
0.6960428763324046,3504,72.06101458370759,1,0,362767.5875828169,DDoS
0.01749790031096588,2548,64.48803715012342,1,0,9390584.912381655,DDoS
0.11723977762551627,2734,56.37498832923731,1,0,1314649.5260716858,DDoS
0.10929763518335592,1939,59.580274974811914,1,0,1056986.7589756679,DDoS
1.952684362179722,1428,334.57319195320247,0,0,244673.70526583848,DoS
5.99630735876596,1171,525.8184340265753,1,0,102685.42778164688,DoS
0.10467376136599556,38,152.78859588480304,1,0,55467.2591092026,Mirai
2.2613010856597997,21,203.33837276528578,0,0,1888.340237021146,Benign
2.0549392895879746,478,830.3624012161719,1,0,193150.82922031882,DoS
0.29828470401072005,4082,54.48380369369397,1,0,745606.0726119763,DDoS
2.6965774688598936,7,173.48186163296836,0,0,450.33864053763403,Benign
2.2137055073361056,3615,86.77639601750366,1,0,141706.59582482907,DDoS
2.3388028851561593,49,177.99136776509403,0,0,3729.077416418219,Benign
1.73643074794983,25,230.6907161169056,0,0,3321.334818409511,Benign
6.0564474586528325,46,152.96874802934911,1,0,1161.830009653091,Benign
0.09921066109191404,33,60.51955345332894,0,0,20130.349319107885,Benign
0.6781302855833988,326,461.3302420024213,1,0,221776.93887156938,DoS
5.514066722888195,448,498.6525265166,1,0,40513.89711193497,DoS
0.8051961623481133,28,276.83518751220356,0,1,9626.70416577385,Spoofing
2.9442294738770927,1074,514.255538248742,1,0,187590.82910471712,DoS
1.6345310567676399,6,245.44558620833303,0,0,900.9761614210486,Benign
0.01979575012153956,71,119.08243569587772,1,0,427104.4483031575,Mirai
0.11982424899803296,40,133.27423923324034,1,1,44489.905957325274,Mirai
0.48667919436307844,2828,67.88487918241033,1,0,394466.0888557202,DDoS
0.5153272226830028,1512,58.88526930719901,1,0,172772.80002584573,DDoS
1.671155809611841,14,383.94085319751537,1,1,3216.4397322196455,Spoofing
0.07510601944066102,1347,60.60482386660793,1,0,1086926.1659222662,DDoS
0.14730537016326528,11,187.33291711990137,1,0,13989.04932002811,Spoofing
4.3425512099030055,17,206.06701137004913,0,0,806.7007212953697,Benign
0.44048417355396663,44,188.31177130749407,0,0,18810.478185125077,Benign
0.4476514877153541,2267,67.91223830483044,1,0,343921.663307297,DDoS
0.1400481715855855,2811,52.34494549661016,1,0,1050650.2164582044,DDoS
0.014604542145810393,91,118.23606590173532,1,0,736721.6232892647,Mirai
0.296257142146546,19,189.21403222811546,1,0,12134.953393143394,Spoofing
1.28112739794819,14,137.5404831391032,0,0,1503.0252003285284,Benign
13.566212263716908,40,303.0708604483393,0,0,893.6049489920133,Benign
0.04961656553556475,29,102.83991181120558,1,0,60108.099186898224,Mirai
0.25898249385425487,1191,332.1600141888017,1,0,1527526.3243139992,DoS
8.05771916357833,24,248.1185312247992,0,0,739.0236155550884,Benign
0.25072843021635205,4287,37.87855858635203,1,0,647654.438388059,DDoS
1.978037707687745,1174,608.955882369271,0,0,361425.9744002723,DoS
0.1562774229967465,45,93.5985453541831,1,1,26951.650853789208,Mirai
0.40397506175834197,513,63.9721455071103,1,0,81236.97166430326,DDoS
3.089227918702578,12,215.7832659039228,0,0,838.202702743466,Benign
1.116791221553811,19,45.61038082880157,0,1,775.9706729620583,Spoofing
0.667006065175115,779,620.8406049334135,1,0,725083.1086763149,DoS
0.2116593500572598,4998,57.24532754972438,1,0,1351757.6568959558,DDoS
1.0379130946220647,49,272.42606805207953,0,0,12861.26690540755,Benign
2.6959776194462797,295,505.0138025157065,1,0,55259.75834055027,DoS
7.580499664531725,6,185.8384085361454,0,0,147.09194651560637,Benign
5.6425720525578456,3,147.6070687559527,0,0,78.47860907103914,Benign
0.6388847209758188,4623,47.95880842079128,1,0,347032.2016633572,DDoS
1.441810808670422,27,237.8234418380121,0,0,4453.5891193295465,Benign
2.088967179324446,865,540.6921741148782,0,0,223889.93720840523,DoS
3.566397891193876,24,247.71776161427766,0,0,1667.0114945453995,Benign
3.300084532614711,1423,492.49109136216674,1,0,212362.68831365244,DoS
3.265739648873941,43,249.58966940754294,0,0,3286.3476389567572,Benign
12.520485769573765,14,217.0592050860357,0,0,242.7085439918958,Benign
8.83256954298239,27,170.62321075104268,0,0,521.5726485774852,Benign
0.5226768062458738,8,216.34314821844055,0,1,3311.31047918235,Spoofing
0.001,32,146.5037617534154,0,0,4688120.376109293,Mirai
11.63335995893397,34,133.77645484509065,0,0,390.9790018351566,Benign
0.16874610843257787,97,114.81968303013304,1,0,66001.57690968542,Mirai
0.7237741005341934,1427,570.3724208068971,1,0,1124551.768142455,DoS
1.3370522757948464,13,196.90651329466172,1,1,1914.4985720987386,Spoofing
4.286159857886642,23,170.00610505126096,0,0,912.2712511490314,Benign
2.8056090306993635,249,477.76000265380156,1,0,42401.57461681055,DoS
21.166557097444255,17,208.1483061534267,0,0,167.1750955206367,Benign
13.564749535806067,6,174.851075946454,0,0,77.34064332772674,Benign
1.7905071877732186,5,423.24245385349315,1,0,1181.9066037368514,Spoofing
0.036589846523407375,1682,61.2912852593259,1,0,2817501.345359179,DDoS
1.6171022581499308,28,94.96447819638519,1,0,1644.3025641067736,Benign
3.4669474914323772,4,194.2533913927753,0,0,224.12037317879202,Benign
0.11446193693583452,1051,611.4428041000712,1,0,5614323.890652143,DoS
0.20483343494692055,212,410.4394551297705,0,0,424799.61589307664,DoS
6.877956259088447,37,259.0834442721164,0,0,1393.7406806566078,Benign
0.11892962513093232,28,286.8249575457854,0,0,67528.16047675567,Spoofing
7.539186576477803,33,252.52436345045777,0,0,1105.3319757153834,Benign
1.3062053888510547,18,185.68866251524594,0,0,2558.8593905698217,Benign
0.034911152454975856,26,318.5058945213157,0,1,237206.5278633878,Spoofing
5.988615966327991,40,51.89306900857338,0,0,346.6114327607645,Benign
5.380489928200239,23,177.14735669123297,0,0,757.2524543803452,Benign
0.01426715129032309,1345,60.176230870233525,1,0,5672963.64028612,DDoS
0.18087335610923688,19,136.98682651911653,1,1,14389.901087981727,Mirai
1.1582471385349553,25,213.09108886463972,1,0,4599.430505267092,Benign
0.750192569658743,29,364.9030528654623,0,0,14105.96287018967,Spoofing
0.041721463435432544,66,133.6884597780363,1,0,211484.39241603797,Mirai
7.938300862272713,37,202.30249525047566,0,0,942.9212188015522,Benign
0.6645539333914091,209,464.9716389635372,1,0,146232.0327372778,DoS
1.3399919931544595,15,160.86662293238504,0,0,1800.7565390785376,Benign
0.26599403435763525,4819,62.08040497949269,1,0,1124707.4481149463,DDoS
0.0670433818482827,32,142.19117057104694,0,1,67868.25683361695,Mirai
0.24147330563298497,19,144.66640279475183,1,0,11382.879966359398,Spoofing
2.232689971537509,42,179.84011408033453,0,0,3383.042378325636,Benign
1.3866327759101231,3776,62.767625457348714,1,0,170925.2498891682,DDoS
0.6345434142680679,1101,68.86727886043028,0,0,119492.01949057146,DDoS
14.960863134366688,31,221.0587116093085,0,0,458.04977950415906,Benign
2.9691177898913685,13,131.40508011514726,0,1,575.3446519746914,Benign
3.39341143336358,39,232.4288549383821,0,0,2671.2721167476775,Benign
3.6952020727966293,585,482.4750513590108,1,0,76382.2652955508,DoS
0.23994580254423836,2039,74.71770387119327,1,0,634932.5413403499,DDoS
3.2168729482788083,1,150.50392425073628,0,0,46.78578441565856,Benign
0.07749319488110257,51,110.93641392102137,1,0,73009.72838521833,Mirai
0.04686649045327027,49,141.04637355155583,1,0,147467.2465803118,Mirai
1.2182782877884357,2938,63.76370727895781,1,0,153772.56072227634,DDoS
1.3489038339865198,19,275.9297535480286,0,0,3886.6116214663643,Benign
1.5387310564670977,698,376.7369912831846,1,0,170895.63430234548,DoS
2.011125678100734,32,197.55494702084493,0,0,3143.3929632071413,Benign
32.66599395054452,31,146.37459486033416,0,0,138.90936389507044,Benign
0.8127856340428276,1306,614.761434455088,0,0,987810.8073893926,DoS
8.065843775559268,24,218.1764754398567,0,0,649.1863165541528,Benign
15.702869872436068,24,215.80131310140212,0,0,329.8270670589318,Benign
6.117134911608126,39,163.85494827621886,0,0,1044.6627506360794,Benign
3.122979059078845,16,182.40613598980735,0,0,934.5237738154283,Benign
2.191398990581659,28,261.67087894153167,0,0,3343.427938888551,Benign
0.20084713602705134,11,332.8985873167891,1,1,18232.196549675842,Spoofing
4.955108220149093,28,178.2008698933172,0,1,1006.9657685221554,Benign
8.027617673972285,48,144.27539045467734,0,0,862.6742108406521,Benign
0.36670863033885026,41,198.13205304176537,0,0,22152.23068845173,Benign
1.0465086475438108,22,372.53110405313527,0,0,7831.453957312736,Spoofing
0.2302928977427397,3048,78.36694991493182,1,0,1037211.5930711227,DDoS
22.005929895925096,33,269.0792837254346,0,0,403.5101631666838,Benign
0.004528790147205592,91,111.06019272160512,1,0,2231606.5017722417,Mirai
0.003526302369326745,21,111.83799916004459,0,0,666022.8580481429,Benign
6.062046879580826,33,181.82408426199703,0,0,989.7968293278522,Benign
0.38264472506908176,40,122.91245225414406,0,0,12848.728253808149,Benign
24.836036932039004,2,138.85314670562167,0,0,11.1815864250466,Benign
1.0154494984513303,37,129.31376777174927,0,0,4711.814240739463,Benign
0.23197073165075566,280,472.573127870152,1,0,570418.8406098495,DoS
5.754043522387486,45,130.65917745254723,0,0,1021.8315107434253,Benign
0.17428618000581217,4840,70.79754215935023,1,0,1966077.3105465272,DDoS
1.892743040004329,19,121.34006080332273,0,0,1218.0529033977368,Benign
11.665721901715214,18,181.93236686344298,0,0,280.71838426565625,Benign
0.8329100868634697,672,73.24865562432916,1,0,59097.73138288074,DDoS
0.2932658663393709,25,239.43193457410436,0,0,20410.82530015876,Spoofing
21.66433884090333,43,268.3383250134165,1,0,532.6055902426881,Benign
0.6275629568066302,655,574.6141448723798,1,0,599736.2667908069,DoS
0.801471438414737,46,280.6106021355118,0,0,16105.486832774695,Benign
1.0743819375473178,17,184.496698153475,0,0,2919.3006313650353,Benign
10.338587167029342,47,166.01814242747267,0,0,754.731044777104,Benign
1.2898772716671796,5,195.55361380016652,0,0,758.031861230532,Benign
8.206009794769805,33,196.33574580260387,0,0,789.5529951250415,Benign
8.686694564999177,23,260.8023612964444,0,0,690.5335815521205,Benign
0.0092155890986639,63,152.47246502045,1,1,1042338.71469823,Mirai
1.6591208908706934,30,143.3707581705948,0,0,2592.410697005116,Benign
0.039967015850753525,3508,54.26605931337657,1,0,4763061.039688204,DDoS
9.652149251707039,6,183.78241492473634,0,0,114.24341468335668,Benign
0.16513393575088614,1789,71.56702569234655,1,0,775330.6937270217,DDoS
0.43696479937531196,1069,67.41799119750534,1,0,164932.81081946366,DDoS
10.800133852869486,13,164.21763697507996,0,0,197.66692799912263,Benign
1.0403756872021486,42,225.73835871996292,0,0,9113.064811938699,Benign
0.4600003983344984,1234,568.277563680634,1,0,1524465.0137715125,DoS
0.007779767102003853,45,89.30516084482215,1,0,516562.02368601534,Mirai
3.042654133905657,35,266.74985199024616,0,0,3068.4541879475096,Benign
4.987282435394688,34,156.26238028333347,0,0,1065.2937744065982,Benign
0.003767783102903838,64,143.59146994247754,1,0,2439061.332706738,Mirai
2.6629737620367693,10,256.00096703557585,0,0,961.334920700736,Benign
0.4154280188184345,1197,55.66034644429389,1,0,160377.80716697124,DDoS
1.8757283705916217,1,161.45933922698646,0,0,86.07820927507788,Benign
10.253858870118313,29,238.5782524584244,0,0,674.7478592139504,Benign
0.47635425469105375,1813,66.24189703828016,1,0,252116.06309319573,DDoS
0.3148932638589148,2272,53.308020064381004,1,0,384624.9999191425,DDoS
3.627213382070412,28,252.04432414671493,1,0,1945.6371414465139,Benign
0.4403344300510172,2082,76.03949498854816,1,0,359531.796202752,DDoS
0.0516775985260407,96,118.82461030948436,1,0,220737.0875402105,Mirai
0.30644530936293035,869,54.243287820878635,1,0,153819.9987930557,DDoS
1.7046715824825884,41,199.58745152997616,0,0,4800.388295798088,Benign
2.3049175424355366,3963,60.65413751432039,1,0,104286.74455540717,DDoS
0.47282639316466374,465,515.3221113901611,1,0,506792.3137551558,DoS
0.037379009611595425,44,97.5336157266318,1,1,114809.86619400771,Mirai
0.11214860488572784,883,406.7886152211953,1,0,3202842.760338492,DoS
1.31369645770672,34,152.3785380864216,0,0,3943.7346919412585,Benign
4.7602089618690675,753,668.6006018929803,0,0,105763.47745619451,DoS
4.189542224813576,747,228.49424499208823,0,0,40740.77592491265,DoS
4.41584744787123,11,141.88498703964927,0,0,353.4394871789634,Benign
0.6909433356593286,4406,60.872957080571865,0,0,388174.01522668335,DDoS
2.9476904039917793,30,172.29990195817308,0,0,1753.5752912671246,Benign
2.6498729450039304,1461,538.7407275951928,1,0,297033.1858742794,DoS
6.19947392072587,46,221.7109121208719,0,0,1645.0915171147274,Benign
0.12659677640980055,2261,53.17109457430881,1,0,949628.009826681,DDoS
0.019819213270426926,19,261.8513839198933,1,0,251027.94074584387,Spoofing
0.0941928906550134,46,122.21867869918276,1,1,59686.661923918495,Mirai
1.4847523589474718,20,349.62100824938733,0,0,4709.485809434655,Spoofing
0.6971534801598535,20,406.08221045316907,0,1,11649.721962516966,Spoofing
2.240028123731066,22,217.05997078339976,0,0,2131.812233357527,Benign
0.17833302658062872,467,466.28423694906337,0,0,1221056.7096317427,DoS
0.17567628322491685,2535,62.92573746787108,1,0,908015.2514202798,DDoS
0.04001590570457997,39,111.6280500135345,1,0,108794.0875977617,Mirai
10.650408714651363,22,241.53517757653702,0,0,498.9267594373029,Benign
3.024012106017763,13,327.80903505128146,1,0,1409.2263212790283,Spoofing
2.542171467086965,1099,445.215087222634,1,0,192469.8578331328,DoS
0.049164965057448606,59,96.68837200304515,1,0,116030.06208819427,Mirai
1.7374734079484486,21,182.19729608739385,0,0,2202.1305191387387,Benign
6.758900854606429,17,199.135072541873,0,0,500.864904817274,Benign
0.006946093665691705,44,109.87777865469587,1,0,696020.3091826832,Mirai
6.69666320045012,36,197.93196278509086,0,0,1064.0449499960405,Benign
0.059998757285165995,83,126.96498893198736,1,1,175638.5391662166,Mirai
16.7076154510614,40,261.4936687745318,0,0,626.0466540913104,Benign
1.4247523087678118,283,551.1174822710468,1,0,109469.02596535723,DoS
0.7882595706931521,28,138.5628118572328,0,0,4921.930384671222,Benign
0.5203975159518172,893,329.41083577903464,1,0,565267.6412427651,DoS
1.8266430975462997,994,376.8368867397419,1,0,205062.42621914766,DoS
5.649266341566566,24,235.39216138055275,0,1,1000.0257611445276,Benign
4.31538379547187,35,212.53583799540712,0,0,1723.7758406667629,Benign
13.126483862653068,33,152.26634043810085,1,0,382.7978068638512,Benign
0.39216170910166903,1212,50.96763125951464,1,0,157518.61452265596,DDoS
0.9843112411233267,4814,55.73528525078249,1,0,272586.20239982585,DDoS
0.5678799483920792,1495,458.26383346543093,1,0,1206424.7610267885,DoS
0.7224553314800054,801,55.913525007395535,1,0,61992.39119624843,DDoS
0.16851741220912383,4101,77.23025427373669,1,0,1879457.2538507467,DDoS
0.431748021770869,3,199.27819906202106,0,0,1384.6840449528156,Benign
10.646459700606353,21,145.75393472612106,0,0,287.4976955085095,Benign
6.047154345212416,39,175.52409369387223,0,0,1132.010076686832,Benign
0.14001487422615946,17,246.3578406630329,0,0,29911.70269886287,Spoofing
0.04559572037461121,12,159.8263634714916,1,1,42063.51705599635,Mirai
0.26015526236814207,6,252.69383958124018,0,0,5827.916082442876,Benign
0.13402362367452647,2579,50.905845563984805,1,0,979574.8847109409,DDoS
0.04262186910998375,36,98.48366868471699,0,1,83182.93276864609,Mirai
0.1203906845147343,2976,66.41788346179824,1,0,1641818.2351818136,DDoS
0.5767106195386298,35,235.33967529653032,0,0,14282.533312752412,Benign
4.807653170754678,31,232.6605008522139,0,0,1500.207121905688,Benign
0.8514264440957453,1504,67.85649582292226,1,0,119864.92835099043,DDoS
0.38784095436109206,28,224.43913977021705,0,0,16203.28086268889,Spoofing
3.091651043780686,663,547.4395605447105,1,0,117397.60519586311,DoS
0.018672997669874215,31,217.74588449454527,0,0,361491.09739466774,Benign
3.742778778066066,36,212.7467922781954,0,0,2046.3097009362818,Benign
0.013931609777551974,46,131.91927577162204,1,0,435576.84879118955,Mirai
0.0048783051746345354,87,164.68865952133473,1,1,2937067.8679259783,Mirai
1.1232211267676717,484,371.14868015021983,1,0,159929.2934505696,DoS
0.9483762187953378,554,444.8583981583773,0,0,259866.86263895655,DoS
8.134299710693377,4,268.86288786599636,0,0,132.2119407587347,Benign
0.006857992874900075,23,157.30221236646148,1,1,527552.4414249744,Mirai
0.012144810051016907,66,109.68110969810857,1,0,596053.2284709578,Mirai
2.457517138193313,4,197.3210404851587,1,0,321.17137645717133,Benign
6.519685925241494,274,497.61958253452906,1,0,20913.241401181534,DoS
1.9979403419690005,23,168.02013517508928,0,0,1934.2234739694813,Benign
1.6756919420428151,31,179.3219081214314,1,0,3317.4230968655797,Benign
3.3807259056754524,22,167.23840444474206,0,0,1088.300264628886,Benign
1.6398265656218378,48,173.6826455915409,0,0,5083.932144514674,Benign
2.129500551590624,2,239.27713461437614,0,0,224.72606023571942,Benign
0.9348660750675207,2473,66.32808113199762,1,0,175457.5858660644,DDoS
0.08581896740530041,1644,79.57705422736498,1,0,1524426.13917664,DDoS
0.8126168985657,719,57.58223967274841,1,0,50948.5224806198,DDoS
0.03588096909491844,6,140.95629230863867,0,0,23570.649711677037,Benign
0.3923976279287728,49,158.00789112071308,0,0,19730.972141147406,Benign
1.955398453681508,371,593.4254002092423,1,0,112591.28443265523,DoS
22.282134362974375,9,186.73356001181472,0,0,75.42374589119002,Benign
8.198764573712472,19,126.96589511645284,0,0,294.23359891894904,Benign
0.007177582208664416,86,107.73951679836931,1,0,1290908.021015043,Mirai
3.827042109678844,597,452.83820584314685,1,0,70640.56290487103,DoS
0.09997389127955023,48,121.11408513652225,1,0,58149.94307160895,Mirai
0.44847080728966027,3839,62.970163196864526,1,0,539037.2184395611,DDoS
1.7870104800268027,35,221.06068539292176,0,0,4329.646678197553,Benign
3.704855308983341,906,503.6535781061735,1,0,123165.44202354031,DoS
7.884002007098053,39,209.43244054583488,0,0,1036.0049596555077,Benign
0.4546861297086386,3462,65.34304832300727,1,0,497524.816600873,DDoS
2.2877796896927176,4,269.2160100572444,0,0,470.7026839518871,Benign
0.03143928126468067,33,122.4555523216443,1,1,128534.52954581425,Mirai
3.1812517133609335,21,146.03664704116605,0,0,964.0134966322744,Benign
0.09897078434897236,27,247.99055259674265,0,1,67653.75220734598,Spoofing
0.059361624570354,47,111.53042399967298,1,0,88305.02813769893,Mirai
0.33351104348600075,4650,45.716379304065775,1,0,637403.6719801425,DDoS
6.219065215943369,326,509.18737071746347,0,0,26691.323710248846,DoS
1.0183094617704087,425,505.1594975346108,1,0,210832.5558312596,DoS
0.03763265342574722,12,123.2540219190938,0,0,39302.25823558861,Mirai
0.2088126266058512,1818,55.91936990781633,1,0,486854.7278240185,DDoS
0.06371153765892988,84,150.35161485103623,0,0,198229.9613469912,Mirai
0.4460319345610697,746,82.08285995555956,1,0,137285.71607121872,DDoS
0.7834942407447317,18,295.6382353967926,0,0,6791.994070159409,Spoofing
0.8602887656152569,1034,42.67553902846461,1,0,51292.66953041546,DDoS
0.12539989916292968,4136,67.2331746386914,1,0,2217517.0168544417,DDoS
0.014742682712763978,73,124.40514897582136,1,0,616005.6519002662,Mirai
0.0928212657441807,27,112.55592328193815,1,0,32740.44912281167,Mirai
1.3198330636262572,2408,49.08630890573222,1,0,89556.65311205928,DDoS
2.0813133506994945,19,173.52051076141797,0,0,1584.04293296774,Benign
1.2546884199797625,2884,52.35260122581737,1,0,120336.57084178124,DDoS
0.03509018374144089,13,314.34566769296276,0,1,116456.89034060083,Spoofing
0.2659370051901811,31,155.81312537153968,1,0,18162.973908288826,Mirai
0.049062292729888636,60,137.15687815177074,1,0,167733.960873233,Mirai
5.562436579500998,11,168.69335178246834,0,0,333.5996452428081,Benign
0.23030094031714096,3666,47.570914913681534,1,0,757248.2067741542,DDoS
2.292861070722624,658,664.4394114000484,1,0,190679.29508849062,DoS
0.524462735718905,62,147.64352345677065,1,0,17453.858645976274,Mirai
15.740558039653154,44,140.90320650563774,0,0,393.87047591513937,Benign
0.024381094692781796,58,120.20391631132529,1,0,285952.1786821544,Mirai
0.15141062754244497,2163,57.54865652664153,1,0,822120.2572602162,DDoS
7.306848744564922,15,263.33817173890833,0,0,540.5986512341343,Benign
1.4941397930380407,26,118.9424490183156,0,0,2069.7552457178085,Benign
5.505773510088401,1,216.37228486847806,1,0,39.29916195644669,Benign
0.58606395235067,2046,55.37256680713131,1,0,193310.42496809713,DDoS
3.2722460186825297,2,230.74543236707694,0,0,141.0318362676041,Benign
2.8278456817057114,2,188.79734160184566,0,0,133.5273298845403,Benign
0.1842908629513936,97,136.10110420790383,1,0,71635.71159601453,Mirai
5.481473001044597,31,275.9379025069931,0,0,1560.5431197210398,Benign
3.7727983437284567,17,178.25761853457004,0,0,803.2179933828446,Benign
0.8212208026016189,4672,63.85669615720157,1,0,363286.5649546535,DDoS
0.6026916783814388,962,74.62106512404397,1,0,119108.10655643042,DDoS
0.19463193667814058,73,119.61881162326213,1,0,44865.05862056121,Mirai
0.5019648195241044,4123,43.82190575073774,1,0,359940.99662519386,DDoS
0.018592022377769014,99,133.98094174037467,1,0,713430.3607636227,Mirai
0.40104577873756175,1203,523.7415373465074,1,0,1571045.2592499438,DoS
11.77685378896179,2,255.28893916849736,0,0,43.354353164811236,Benign
18.703007478011408,48,270.7572939233811,0,0,694.8802284125551,Benign
0.19408123519226825,2259,63.94052287291193,1,0,744232.9034376543,DDoS
10.570865569561212,29,257.1207441258489,0,0,705.3823105196418,Benign
0.3615725655689118,1238,565.0988886541322,1,0,1934860.3593667313,DoS
0.41469407334299835,4154,58.74594476277001,1,0,588459.4698383982,DDoS
14.497110344311395,6,162.6825626321552,1,0,67.3303405030608,Benign
3.2053715203257442,37,99.5391730441498,0,0,1148.9929885753977,Benign
4.938818203660878,36,301.70944628953055,0,1,2199.2184402276703,Benign
0.13935977300337327,2744,67.54956779097895,1,0,1330053.9318039764,DDoS
0.008509454035408568,830,48.22026503241122,1,0,4703335.820413734,DDoS
0.401755680104014,4549,47.72891116276597,1,0,540425.0086102345,DDoS
1.7374206885438672,6,217.24902019225863,0,0,750.2466902509435,Benign
1.1090664993196038,1103,545.1692837101073,1,0,542187.2541467536,DoS
0.05356201342332852,51,123.15839625822575,1,0,117267.40291719204,Mirai
0.005063711937108402,12,199.87656000170398,0,0,473668.0817965536,Benign
1.9128050302855162,4762,56.93451209528786,1,0,141740.60727835473,DDoS
1.4059270362414078,26,329.0789070605101,1,1,6085.701009383055,Spoofing
1.4623371355581558,1,184.9997517012871,0,0,126.50964487110218,Benign
0.3449084484570024,3944,65.93184552448255,1,0,753925.280496503,DDoS
2.558688732006397,24,250.55769588837072,0,0,2350.1821953174813,Benign
2.4250932324440684,855,569.790073957642,1,0,200887.33361512932,DoS
3.0776619684299162,22,226.52646424165167,0,0,1619.2753669626475,Benign
1.7687744034123705,21,303.0229340957564,0,1,3597.678485020064,Spoofing
2.7940294796878113,1389,590.3356927310786,0,0,293474.4544266897,DoS
0.009325811937111617,80,106.95436501976138,1,0,917491.0730862299,Mirai
1.6284620295910526,488,310.7340760123821,1,0,93117.44845050063,DoS
0.3306533579046452,1589,78.05327431020922,0,0,375095.70041835064,DDoS
0.06370654752135277,3432,80.38286544422378,1,0,4330386.827383956,DDoS
0.04894495421254742,27,144.3098904044431,1,0,79607.1240357009,Mirai
1.2205596047785312,20,262.92382874425715,1,1,4308.250538767655,Spoofing
0.3441134323020049,1563,55.07715875646289,1,0,250166.3435817293,DDoS
0.4916558991264984,20,269.1520084620995,1,1,10948.796055952509,Spoofing
0.528596826263757,1877,60.31670370086377,1,0,214179.2141408545,DDoS
0.32312737866973873,4555,68.98609928239584,1,0,972470.0009171376,DDoS
0.1366207795019815,868,78.69005661911993,1,0,499945.6846489845,DDoS
0.9418742052054787,19,153.95862236410036,1,0,3105.7372722929003,Benign
1.3863722487754915,38,216.36433393126737,1,1,5930.474082015184,Benign
3.5547480690229687,10,246.1915672077351,0,0,692.5710695312409,Benign
0.174338822911315,3475,49.97354574926787,1,0,996095.2390222604,DDoS
0.3780371707740333,43,156.65819868444174,0,0,17819.153946259772,Benign
1.4725009138990268,1153,72.53075246077789,1,0,56793.14477696242,DDoS
0.5987753858220868,18,331.532138289384,1,0,9966.305613941937,Spoofing
8.184597408696199,37,162.31129722954057,0,0,733.75850974809,Benign
0.047134556836882995,2186,71.67103030817141,1,0,3323949.1949792877,DDoS
7.707384420178139,13,233.06739866813774,0,0,393.1134114387099,Benign
13.391548937149562,30,237.9583101379969,0,0,533.0786854936749,Benign
0.42195384959924526,68,128.36003181180772,1,1,20685.86925203523,Mirai
0.3301501667940441,3338,78.63446309757374,1,0,795037.725918957,DDoS
0.22258325474128526,82,123.21206623769018,1,0,45391.50729570402,Mirai
7.673201404624383,1,120.2499974624018,0,0,15.671424627265893,Benign
0.16864911089233245,4051,77.6162634772237,1,0,1864364.903453092,DDoS
5.97832623455862,20,232.69645714057665,0,0,778.4669086656381,Benign
10.112116499240107,11,179.33176505212052,0,0,195.07779758288623,Benign
9.17655448243582,39,154.05102581039495,0,0,654.7108741200047,Benign
0.8926157394849188,46,191.36606459926028,0,0,9861.846012983844,Benign
9.595037801770154,1,263.7080195676765,0,0,27.48379162393982,Benign
1.1305923430681384,10,181.112747396028,0,0,1601.9279495961766,Benign
0.5581332298584064,9,198.2991600431936,0,0,3197.610077510532,Spoofing
14.887104547761247,41,198.1980612502819,0,0,545.84963014071,Benign
18.7890971037322,33,187.85286116738473,0,0,329.93306619786006,Benign
3.620967527599481,10,149.67146369323999,0,0,413.3466057135967,Benign
0.7914994567781612,2278,77.44865621364653,1,0,222903.55014625797,DDoS
1.9645212393943576,46,173.32161497860076,0,0,4058.3904765893844,Benign
0.16412344112134844,48,103.26409502843687,1,0,30200.90565673758,Mirai
0.9521012488780359,16,130.6771975034095,1,0,2196.0218648157534,Spoofing
8.271697605604933,26,219.04292771467806,0,0,688.5063250768014,Benign
0.5158886886545264,1617,62.86989178881406,1,0,197059.20532518416,DDoS
2.204858186283413,40,147.98675316653424,0,0,2684.739618850244,Benign
1.6522247737835274,369,534.5332482214131,1,0,119380.10597796785,DoS
0.03807300733897356,3356,60.563834267777025,1,0,5338486.292744202,DDoS
1.3100786837853655,11,143.19747010501618,0,0,1202.349286841189,Benign
4.0825328660732785,10,226.66000733782775,0,0,555.1945686008333,Benign
0.6492641676587508,482,565.1169696746191,1,0,419530.8981325625,DoS
0.08382441355243299,3648,49.25285856654036,0,0,2143461.796345895,DDoS
0.8114939800551455,28,177.45030664766406,0,0,6122.791675912308,Benign
1.7143327567706115,1168,513.2948933610667,1,0,349715.32398126286,DoS
0.49140727620100305,1021,65.67375703838053,1,0,136450.77959480498,DDoS
0.07053055044062483,88,114.94623140692693,1,0,143416.8356920023,Mirai
7.892731205544925,1,245.6518506343636,0,0,31.123807999667395,Benign
0.36549658716778444,16,125.93499125176412,1,0,5512.937550640496,Mirai
1.5214161017159142,422,379.9797823860391,1,0,105396.19502255674,DoS
1.8807188312840804,6,165.43230528994116,0,0,527.7736444325084,Benign
0.13176730506574488,781,509.3455084042425,1,0,3018949.5176002337,DoS
0.6025157549711858,4774,75.57783151927934,1,0,598836.7352988048,DDoS
1.1801788448564268,23,307.5293267357691,0,1,5993.307324351478,Spoofing
1.1090227163546744,22,234.80759689999763,0,0,4657.9452842766605,Benign
1.1076648436160357,1213,523.7277812402864,1,0,573532.5105837551,DoS
4.831719816338044,11,232.36742025087165,0,0,529.012798738154,Benign
2.0365881578797214,27,378.72669222031647,0,0,5020.956569144726,Spoofing
4.446141147022159,46,215.29465964457125,1,0,2227.449380522539,Benign
2.273082971124249,18,386.9567604185718,1,0,3064.217970050318,Spoofing
0.6706963578291946,11,239.49396899471702,0,0,3927.908103554657,Spoofing
0.17915254303494024,39,148.93782503895375,1,0,32422.510326221527,Benign
0.08327908737818973,87,105.56294899093388,1,0,110279.50535174178,Mirai
0.8436173625538066,29,387.71309709305604,0,1,13327.937895518946,Spoofing
4.15286633338145,36,218.0944073716397,0,0,1890.5974898031616,Benign
0.7290458464781927,1016,75.14404216401279,1,0,104720.91324221085,DDoS
0.049296237645336895,4633,75.44532878860818,1,0,7090565.628808911,DDoS
0.3920629384767286,19,196.1907300766439,0,0,9507.718036137434,Benign
7.812811043870836,8,195.66838919035237,0,0,200.35645361612023,Benign
25.692122911777044,16,161.92213317665937,0,0,100.8384608668897,Benign
5.332657753478976,43,278.26402290484657,1,0,2243.787908028097,Benign
0.3851477009056592,4149,59.44367359787191,1,0,640356.4169736074,DDoS
6.675405991110831,26,153.9082051192165,0,0,599.4561736661854,Benign
0.01576553265938088,27,146.80958241745512,1,1,251425.6137684441,Mirai
2.4876265709539127,962,608.1463743533247,0,0,235178.7116920682,DoS
8.237081877765087,5,105.85681982963385,1,0,64.25626295847583,Benign
1.978278717180836,1259,595.6575808725981,0,0,379083.5375246314,DoS
2.6692184962982033,630,479.5298349249655,1,0,113180.61688157036,DoS
0.7579964551425923,5,448.0236034007705,0,0,2955.3146347926486,Spoofing
4.157831453224513,46,214.80607066647246,0,0,2376.4982688258524,Benign
4.626329010167695,12,193.3386233601151,0,1,501.49124180800175,Benign
0.97570312658652,9,447.15817656969386,1,0,4124.639431264937,Spoofing
0.4996113342630952,16,269.5269192395057,0,0,8631.571007476716,Spoofing
0.21200405525621324,663,484.8263205170499,1,0,1516196.7072485213,DoS
0.09384354257466801,93,136.4301604815466,1,1,135203.81452659285,Mirai
1.7075520292402158,37,208.91616414980365,0,0,4526.8887513677655,Benign
0.1790795606132713,1978,68.51506371612817,1,0,756774.2268653866,DDoS
3.628376198566892,27,243.77190246967035,0,0,1813.9908891698562,Benign
3.568122748092437,6,250.2791028847955,0,0,420.85845228042865,Benign
0.14423448291386035,30,124.85175647631566,1,0,25968.496704954996,Mirai
2.078997138565608,47,54.245029849284265,0,0,1226.3203039689533,Benign
1.1571179707826897,664,39.59544262031352,1,0,22721.429070973936,DDoS
1.0985135160926571,19,198.41538405898555,0,0,3431.812391831093,Spoofing
1.1149180834138153,14,261.1594743609798,0,0,3279.373341814084,Benign
0.6704478163174741,22,295.74200199667206,1,1,9704.44512693569,Spoofing
0.18840840445731846,6,260.07958256671316,1,0,8282.419777902134,Spoofing
0.29258606109499674,2298,72.91564356901878,1,0,572686.7106878404,DDoS
4.712664704027837,23,147.2250126115848,0,0,718.5266728550287,Benign
2.178502878558049,47,195.5676856080432,0,0,4219.265126545072,Benign
1.07489940356113,3874,59.80892502940254,1,0,215554.84615238098,DDoS
5.795831706387029,32,270.705605786321,0,0,1494.622312034367,Benign
1.22591394077241,43,137.81581319491832,0,0,4834.009770414757,Benign
0.09000124342404738,28,405.6202222808886,1,1,126191.21460748966,Spoofing
0.3749789750294838,32,161.3623734447525,0,0,13770.361257790728,Benign
5.620506499481056,1442,557.3108139435377,1,0,142983.9452691287,DoS
2.321780142134518,32,183.73895410658452,0,0,2532.3872940033325,Benign
0.570417610150173,4683,73.43039142002017,1,0,602846.9614208143,DDoS
0.47772558404388216,5,307.032464590303,1,0,3213.481492777871,Spoofing
6.962545999678481,32,133.7906490538558,0,0,614.9044860775194,Benign
1.3246323099251545,10,121.74117102114003,0,0,919.0563306433221,Benign
1.1133815352708096,1431,441.92210611108834,1,0,567990.8583099953,DoS
2.9133775670966413,1233,492.9269505905945,0,0,208616.60257921595,DoS
3.422714800070516,382,421.5697616085281,1,0,47050.26808869379,DoS
6.327524256971815,27,183.60475688648296,0,0,783.454671149295,Benign
1.600458413273793,25,170.25971163550588,0,0,2659.5460123083385,Benign
0.339872784660594,5,339.34126250493557,1,0,4992.18057197211,Spoofing
0.13159124976847614,7,255.45648171860952,0,0,13589.014278505963,Spoofing
0.12858819478187722,2462,69.61766696255785,0,0,1332927.1505254367,DDoS
0.13878193439526645,42,108.75235230691683,1,1,32912.05600205482,Mirai
0.10850270914352673,2591,75.78128706634907,1,0,1809625.9193784804,DDoS
0.17611551862222888,3670,51.562814038339084,1,0,1074496.6088230885,DDoS
0.1937526538001463,48,164.50240497567182,0,0,40753.585997211696,Benign
0.6215269053893786,4310,48.07262241525927,1,0,333361.2765805588,DDoS
0.73957169478469,4549,68.04309344233158,1,0,418523.3619024301,DDoS
9.405512470007073,40,245.00204075074072,0,0,1041.9508411987952,Benign
0.8729266839610558,4190,62.53004208293207,1,0,300140.7576849537,DDoS
0.05902826063972477,40,86.06443065267618,1,0,58320.8312221598,Mirai
3.3554370216098226,315,452.3237697887318,0,0,42463.01944153092,DoS
4.340239345331454,778,552.6841882137088,1,0,99070.1812085039,DoS
0.2381463399130337,15,303.5318882776552,1,1,19118.405623313316,Spoofing
0.6790127565146896,14,276.94507069285993,0,0,5710.10036630462,Benign
0.13918141927392919,2234,55.02125145222082,1,0,883145.7272492811,DDoS
0.06886417342309122,10,129.39599169183694,0,1,18790.03047010341,Mirai
0.35308376008246956,3042,52.799393780025426,1,0,454894.2036907119,DDoS
3.6106702865537836,27,274.45088298562933,0,0,2052.2986737968417,Benign
6.705332685273317,14,182.4560907744376,0,0,380.9483273592423,Benign
0.37728217109044304,60,113.42814213718194,1,0,18038.722870367066,Mirai
0.2660563433598595,2510,83.25980415182846,1,0,785480.6458736703,DDoS
0.02772131468072328,63,134.97994120581095,1,0,306758.04498837056,Mirai
0.552405484667227,3886,67.80708666305921,1,0,477001.67012530897,DDoS
1.5492782345044493,440,623.3135096814813,1,0,177023.0408920549,DoS
0.09214757093065373,80,143.24232034597009,1,0,124359.06353192362,Mirai
1.0267511686158937,557,341.12615276194487,0,0,185056.78191196173,DoS
3.9907533920865617,8,183.99314752230856,0,0,368.8389222689762,Benign
0.17462158353345597,1415,60.800568038728734,1,0,492681.38585123996,DDoS
0.07629099085904079,35,126.38219705623611,1,0,57980.33092978339,Mirai
1.4245866622969987,36,131.1111603801336,1,0,3313.242990829561,Benign
2.164535875785369,14,172.85961080449505,0,0,1118.0385496659221,Benign
12.529703246723598,49,209.60032290438122,0,0,819.6854801808893,Benign
0.2810580801583257,12,299.5666861512276,0,1,12790.239767487588,Spoofing
0.6709452704985492,12,240.79238872320303,0,0,4306.623493345996,Benign
1.1823674169936385,1018,565.43963030797,1,0,486834.74813363404,DoS
0.45253005912327926,1238,66.61838967264731,1,0,182249.91854578603,DDoS
0.3339840492187769,3706,69.62140263877838,1,0,772542.6372392359,DDoS
0.7194041327262595,507,481.70374609323216,1,0,339480.673184009,DoS
2.5866025961569417,21,157.87891409660278,0,0,1281.7806650911957,Benign
0.4254347678985846,1385,59.56847414721355,1,0,193924.76336949907,DDoS
0.23885260644988812,29,136.09223997432082,1,0,16523.474530655065,Mirai
0.056551876160768025,47,93.93494005570273,1,0,78068.88970521592,Mirai
3.9544436616746044,21,177.43932783590108,0,0,942.2882719679366,Benign
0.005785627953406509,30,127.29403760510746,1,0,660053.0070214327,Mirai
3.641396063136195,1092,639.3555704957573,1,0,191733.1350053843,DoS
0.24532392785569562,98,100.47129832416238,1,0,40135.45405794919,Mirai
0.01517599208157161,4767,67.69015768709944,1,0,21262463.762499984,DDoS
0.7549510834307871,4253,56.024606390339464,1,0,315613.3638424777,DDoS
0.4916778300273444,10,343.02728589286255,0,0,6976.667747532673,Spoofing
0.0727589524797946,46,108.97464623574771,1,0,68896.4526837639,Mirai
0.5937427353899675,2012,52.13099301048578,1,0,176654.89055324227,DDoS
1.744109448733542,7,185.11576751422587,0,0,742.9639083375838,Benign
6.8081561133486534,21,199.79564507490284,0,0,616.276782835002,Benign
0.567883634522786,14,167.1377040423932,0,0,4120.43544547614,Benign
8.69186851151088,14,111.09142644936698,0,0,178.93505501509117,Benign
5.404286593406403,1,267.79572598023094,0,0,49.55246568658293,Benign
0.24664256407766372,61,96.33839170670963,1,1,23826.55206365284,Mirai
2.142299084577097,3,182.33680128083398,0,0,255.3380187577708,Benign
0.2909022447450833,430,354.2012097587598,1,0,523565.98461360246,DoS
5.701457604679679,17,219.20645747079757,0,0,653.6065047550103,Benign
3.5064081602008947,40,216.4906203342954,0,0,2469.6568162434555,Benign
1.096974487939481,7,256.57319103985935,0,0,1637.2416651663277,Benign
3.2319143019860057,45,167.9981334084196,0,0,2339.144945375973,Benign
0.0798632592207194,56,126.63850519932568,1,0,88798.73374016248,Mirai
0.0240445838733106,46,138.81766186142963,1,0,265573.8389681083,Mirai
3.8964461052387573,33,316.67595976103445,0,0,2682.009808390199,Benign
0.6758197687679814,4711,57.74040124966755,1,0,402496.4093356826,DDoS
0.7116578311860705,3532,59.12529392375603,1,0,293442.3384207871,DDoS
0.025643353184872642,40,150.66299073537806,1,0,235012.93243390054,Mirai
0.021749156720125087,74,129.3164535990961,1,0,439990.28051870485,Mirai
0.9019720204886641,2862,49.12775292442135,0,0,155884.69007444227,DDoS
1.132784643387655,1300,386.58189902002783,1,0,443646.9647250102,DoS
0.09882168352285249,86,123.46582801045273,1,0,107446.67395231646,Mirai
2.1515474355690087,12,206.11239362208698,0,0,1149.5673683861542,Benign
0.5518391104378173,3739,69.56291373963897,1,0,471325.3003509587,DDoS
3.0598214154109566,20,285.2322571792436,0,1,1864.3719253852912,Spoofing
0.6409784664943933,1186,496.82591053236354,1,0,919275.0781691623,DoS
0.6518411694502679,2022,68.03597226520601,1,0,211046.40573142306,DDoS
0.20714711219315812,1124,55.93411172437585,1,0,303503.8283303425,DDoS
3.3709415623318684,4,278.48991759029326,0,0,330.45950211921945,Benign
0.6195843794127919,982,79.51779919298436,1,0,126030.41878092007,DDoS
3.5678524409024273,517,408.33579805780937,1,0,59169.937964836594,DoS
1.6448389802584236,2547,73.32341943955554,0,0,113539.83675849327,DDoS
1.5038906515977686,685,557.2575153925382,1,0,253822.57522402902,DoS
0.009030953136686008,25,101.92003545630342,1,0,282140.8601996797,Mirai
0.20007682889712963,7,244.51212533540854,0,0,8554.63816965971,Benign
0.16663957367741755,3989,73.52541510400762,1,0,1760043.3941198476,DDoS
0.20238095811484508,3881,50.74981102054326,1,0,973214.1719526772,DDoS
6.8016957976339185,431,591.8460191707525,1,0,37503.24064056644,DoS
16.128785238311963,11,181.14153139562666,0,0,123.54041646104986,Benign
3.581422409413991,421,475.507999163924,1,0,55896.46926924988,DoS
0.022201170635122416,29,150.2291414150074,1,1,196234.9270962753,Mirai
0.25593530657005015,4395,79.5164052817635,1,0,1365480.2297380508,DDoS
0.7525462272439386,17,286.2677564858145,1,0,6466.781287418971,Spoofing
2.328530982466309,26,86.1344833738876,0,0,961.7636976206652,Spoofing
4.112690623520859,44,214.5444470985394,0,0,2295.323557368442,Benign
0.0724218856674976,31,207.98061456465987,0,0,89025.56170804042,Benign
0.5201176173059457,11,267.38738614345516,0,0,5654.992543442123,Spoofing
2.1605151815934938,29,242.4450441684358,1,0,3254.2730274632804,Spoofing
0.25854334431055503,12,206.85728761767058,0,0,9601.049518530217,Benign
0.36635400660726225,9,75.9760145044655,0,0,1866.4573560218157,Benign
2.2253506152469797,49,170.752803501289,0,0,3759.8063488231787,Benign
2.381082563726853,9,123.26243046371357,0,0,465.9065128917903,Spoofing
0.5069493161253686,4,209.4138563972857,0,0,1652.3455086030544,Benign
0.5402338292886152,4170,52.530587542202,0,0,405477.2918227515,DDoS
0.3515234986788635,51,132.3831964104206,1,0,19206.519741371158,Mirai
5.551711632814449,4,177.54932306620069,0,0,127.92402401937565,Benign
0.5623180356535907,1194,469.5850518605646,0,0,997095.0892048518,DoS
13.724228812671255,12,303.0358764460482,0,0,264.9642881205207,Benign
0.006551987496556543,49,147.65787845271223,1,0,1104281.112866202,Mirai
4.665244211683833,33,190.93430906094417,0,0,1350.5900041054851,Benign
0.5784814329491893,658,554.8194460494545,1,0,631085.4155497277,DoS
2.381558738845385,976,569.3227553484079,1,0,233317.3648655997,DoS
2.8341312019006777,20,180.46008369197884,0,0,1273.4772728302441,Benign
9.737302777173042,42,251.64079983776531,0,0,1085.4046377157574,Benign
0.12078623228819389,1958,80.80061524802251,1,0,1309814.8825285602,DDoS
0.5699661972693132,25,116.92257494618055,0,0,5128.487246539893,Benign
0.3061507169137412,62,142.3977976620137,1,1,28837.63769703126,Mirai
0.01633294224509171,60,101.63785316817925,0,0,373372.4823476539,Mirai
1.1982793931480746,2577,90.8260964620902,1,0,195329.11266035863,DDoS
4.211726962689905,790,393.85509818454875,1,0,73875.99678756813,DoS
1.0121969747741346,887,536.4958287085907,1,0,470137.5442963636,DoS
0.12828730859583476,78,156.09273613278447,1,1,94905.98525778484,Mirai
0.7950244265847436,2356,74.49896850919116,1,0,220772.54979655056,DDoS
2.3617591594733987,49,200.3150220120595,0,0,4155.9851855425695,Benign
0.6803250823921505,7,260.45459748845815,0,0,2679.8691237555977,Benign
0.41816165127815813,3726,71.44911567312934,1,0,636642.3228537346,DDoS
0.5995760051845074,2267,72.0459039213514,0,0,272405.9381586538,DDoS
0.32900921904497815,2255,62.04529970400961,0,0,425252.97995803144,DDoS
1.2698620289760303,27,221.60878827731688,0,0,4711.879831789583,Benign
1.6994947327611118,1026,501.33800819240696,1,0,302662.1892318109,DoS
1.293484721665411,37,160.58912068894233,0,0,4593.635599994235,Benign
1.3314261888535723,15,214.19817992006287,0,0,2413.1812380583265,Benign
0.3582702410906623,3160,73.65264000586059,1,0,649627.8946026743,DDoS
3.4714377075407556,28,140.69731836040816,0,0,1134.8395811723426,Benign
1.0040888621706443,988,57.524074888788995,1,0,56602.34679554155,DDoS
6.75041008385773,19,156.74754068932012,0,0,441.1884961209788,Benign
0.23188638227161043,1215,70.28133848747824,0,0,368248.55959961424,DDoS
0.09763784407589088,4996,59.78427656741076,1,0,3059082.761993676,DDoS
3.5644596576911614,30,128.10192079818677,0,0,1078.1599437247946,Benign
0.8549081361097763,7,214.2281815994705,0,0,1754.1034034605732,Benign
0.21625110554028262,85,88.76625920953839,1,0,34890.605594639506,Mirai
0.28421178771250294,3791,67.2148456585006,0,0,896554.9315960556,DDoS
0.43638327537465604,3452,63.445404146691466,1,0,501883.43017120735,DDoS
7.853064232015553,32,166.02458187441212,0,0,676.5240246376563,Benign
0.19810160300467197,4436,65.11634813796694,1,0,1458121.064942665,DDoS
1.7887578932193278,4245,78.58467409429412,1,0,186493.62375692689,DDoS
0.17198684234326447,843,60.09093310734828,1,0,294537.9769714603,DDoS
1.4447819384633391,1381,503.7724212103616,1,0,481532.6764338304,DoS
2.7058080414805366,16,74.74738160496199,0,0,441.9966558400054,Benign
3.289900605374967,18,236.40729890180643,0,0,1293.4528700594326,Benign
0.18114568766813333,24,112.11161993039661,1,1,14853.673377303676,Mirai
5.102092260338483,11,287.72022905241954,0,0,620.3185591486438,Spoofing
0.6192019400966177,21,193.82524480586636,0,0,6573.50999302114,Benign
0.9366158302947334,1455,60.56789841004587,1,0,94090.11607126611,DDoS
11.66858896811023,26,204.69435765038952,0,0,456.1008459081967,Benign
3.056442659334173,9,239.61854120636733,0,0,705.5806737519821,Benign
6.410663859733285,6,153.6065992724546,0,0,143.76663880690077,Benign
1.9635538904003156,37,208.40357194886303,0,0,3927.028537289538,Benign
0.7767835798361624,1189,438.06442537887426,1,0,670532.4562670853,DoS
0.46067991564311433,1852,48.590889654239,1,0,195342.41581602948,DDoS
3.44359777959468,28,243.122978534163,0,0,1976.8404542756493,Benign
3.1285795427972953,1,204.44453204507508,0,0,65.34739783610523,Benign
0.3167610301321081,26,115.45778124632383,1,0,9476.867502143332,Mirai
10.858183867401966,36,192.77924176216075,0,0,639.1540968718493,Benign
9.585367802477789,449,465.4897279404746,1,0,21804.576741567074,DoS
0.35502058228078437,14,213.93094309309504,0,0,8436.224131181698,Benign
0.21182346922603013,1356,53.4823245248752,1,0,342370.1458611501,DDoS
29.37826479529217,5,279.7185594082227,0,0,47.606378619925714,Benign
10.86129046064974,26,264.38264386995974,0,0,632.8850853886236,Benign
10.41904908566612,1,178.35347632922543,0,0,17.118018627495772,Benign
2.9355466461354447,16,262.740353387223,1,0,1432.0486645067622,Benign
0.2494077133705499,3926,62.88587972507496,1,0,989905.0853885784,DDoS
1.6728385765061067,540,583.0580628475179,1,0,188213.82909237946,DoS
5.424767105179576,14,186.82044826373846,0,0,482.1379839873804,Benign
2.8542124174046473,39,279.5024558550973,0,0,3819.125623544436,Benign
0.8506232163758084,573,57.659352429578696,1,0,38840.70914842269,DDoS
1.9594761194066652,317,386.35973382236193,0,0,62504.47984983599,DoS
0.2012073153310875,5,289.46381624854814,0,0,7193.173264407265,Spoofing
0.4684806107817521,1667,75.98058833177024,1,0,270362.610178689,DDoS
0.21171487512624237,2935,69.98409770438123,1,0,970188.4510470981,DDoS
0.1991390221614115,2663,60.707910564941926,1,0,811820.627016051,DDoS
1.4076069012482668,24,351.75359402843935,1,0,5997.474329797685,Spoofing
0.2692681395626402,34,120.20437451915986,1,1,15177.988529536684,Mirai
1.7527282810829334,9,119.1259619917467,0,0,611.6941624649864,Benign
0.6514722193410628,4,171.7185781525778,0,0,1054.3416775393066,Benign
15.004352573222416,48,207.8912893377134,1,0,665.0591446390644,Benign
0.3695824120058923,2821,69.69492327679588,0,0,531977.0967908142,DDoS
0.5721924987541198,258,427.6741660407716,1,0,192837.08730675597,DoS
0.7244597663823076,4451,84.70118678076446,1,0,520394.6441964754,DDoS
6.652710902546959,20,181.88018050851818,0,0,546.7851622378066,Benign
4.439523977334789,1107,493.13571694679274,1,0,122963.9126733187,DoS
0.08657316520103558,34,132.916562451984,1,0,52200.507084075034,Mirai
1.533762602316677,44,162.7136752061886,0,0,4667.868220452341,Benign
1.910815324666916,1446,369.9200736805301,1,0,279935.1772182842,DoS
0.09827269788739043,2162,73.79500734192806,0,0,1623490.646975715,DDoS
0.1509723284439912,94,166.49958061121023,1,1,103667.74321335362,Mirai
0.10460964703327234,65,134.00160911039833,1,0,83262.91923540799,Mirai
0.5686461921673598,4209,76.30031144583981,0,0,564758.9226817891,DDoS
5.906777306479954,733,607.4165040003552,1,0,75377.19374384059,DoS
0.026876630096698984,64,89.26288684470526,1,0,212557.33094167904,Mirai
0.9054771831969531,2000,75.60569571150597,1,0,166996.3575328673,DDoS
2.253480875060462,48,237.9565943685173,0,0,5068.565993213666,Benign
0.1192126100693723,92,147.40900341312602,1,1,113760.01503629357,Mirai
2.62088429850152,20,164.3370865841543,1,0,1254.0583090837956,Benign
1.9115309177048248,27,172.57854379406666,0,0,2437.638146096327,Benign
0.4187024310095141,24,109.78914561733721,1,1,6293.107705305441,Mirai
1.6047419969208094,535,584.1936340699934,1,0,194762.51935024906,DoS
0.8184713346631752,4736,71.05793745109126,1,0,411169.4295400831,DDoS
3.374744298011919,41,162.6571925631078,0,0,1976.1333915035082,Benign
2.6066621023370162,4,196.87278593004112,1,0,302.1071058708128,Benign
3.811283918949661,13,214.63732487784554,0,0,732.1116145503422,Benign
5.0371860882476,47,139.54212997739205,0,0,1302.0126701769468,Benign
5.731232337198777,1371,378.62150678210054,1,0,90572.15887569002,DoS
8.939050603524253,46,186.92221381178646,1,0,961.8943013872433,Benign
0.15071211548624872,1846,73.62885419011451,1,0,901844.3168714787,DDoS
3.5167140140823836,23,121.16132246868378,0,0,792.4188334964348,Benign
1.2838284024275357,25,379.51343955224934,1,1,7390.268022475662,Spoofing
3.6690154974528433,17,213.79450199340423,0,0,990.5944895602297,Benign
2.007297918754429,44,223.6494584018834,0,0,4902.3994284760465,Benign
0.10180723406982528,45,192.69074137747035,0,0,85171.58374069014,Benign
0.0910370215442541,1050,59.48804219080724,1,0,686121.3519599158,DDoS
0.3149247021213207,1943,57.56376241584258,1,0,355152.80198913947,DDoS
1.6977862812194864,1485,68.68459935151681,0,0,60076.24820936843,DDoS
2.550380110711498,1580,74.59981774894783,1,0,46215.74311542728,DDoS
2.7329040650806165,32,144.67818644989072,0,1,1694.0594532943965,Benign
0.4441504542765383,2306,61.62547998423564,0,0,319955.44634784374,DDoS
0.6803223272823195,2713,74.74811388178935,1,0,298081.69573294075,DDoS
3.294815833162535,3,284.9530947456483,0,0,259.4558626411621,Benign
1.4942070107809524,41,213.72382513494725,0,0,5864.432951598182,Benign
10.293787150828857,47,207.77511334145206,1,0,948.6722606520899,Benign
2.252500096305979,1,280.05515975379876,0,1,124.33080922530452,Benign
4.981801251150246,954,388.5780059527692,1,0,74411.52285899609,DoS
22.015485020030194,20,156.74105920755002,0,0,142.39164757437177,Benign
2.7805398394442404,27,79.52068049290946,0,0,772.1732099827414,Benign
2.489694236147786,22,210.95935007741534,0,0,1864.12678083882,Benign
0.13048504044320391,6,297.1081614635589,0,0,13661.71143240964,Spoofing
0.029215452402103655,15,128.03487726154938,1,0,65736.55381030326,Mirai
5.579926795123217,22,267.30130366645903,0,0,1053.8899337893986,Benign
9.381099334104276,4,205.02691133436227,0,0,87.42127293717165,Benign
9.079988161632569,47,214.1257422791246,1,0,1108.3615647918841,Benign
0.21168544711924267,2007,70.41136606569846,1,0,667573.5796530857,DDoS
14.73466107108836,6,249.1086181398772,0,0,101.43780719680052,Benign
0.04981417602284804,1479,511.77065440173027,1,0,15194646.550270975,DoS
0.43974351938941414,1368,50.4338146795163,0,0,156894.77033652714,DDoS
0.10237747044850994,70,156.8103739928543,1,0,107218.181221038,Mirai
6.700484890654815,16,289.6876937170158,0,0,691.741444852253,Benign
0.15162504487943218,81,113.21379747506884,1,0,60480.23004888503,Mirai
0.0014615941929960684,40,114.76917144942371,1,0,3140931.237942663,Mirai
6.095453052483965,20,208.65112234671048,0,0,684.6123513712662,Benign
4.537663617139059,40,272.9567905801218,1,0,2406.143897922673,Benign
1.6458253614695244,39,112.27867858499062,0,0,2660.5911947454924,Benign
6.238871729111687,37,193.46005763313272,0,0,1147.326382593395,Benign
12.271182923008087,49,188.10287001430063,0,0,751.1126424021489,Benign
0.147618356421807,3273,55.93593936038914,1,0,1240213.8457863787,DDoS
0.5769390013174462,655,75.9149126884281,1,0,86186.35193213585,DDoS
0.7315037270815691,17,212.9692214116075,1,1,4949.36201957808,Spoofing
6.928899232301098,31,264.9986138637531,1,0,1185.6078078722683,Benign
2.4128746534408694,15,342.72848848073266,0,0,2130.6234535970584,Spoofing
5.638174379460404,4,208.58333206228681,0,0,147.97934084631777,Benign
0.2777034762835886,90,104.36029781451288,1,0,33821.7833244359,Mirai
1.7504489333112339,32,110.79773318766414,0,1,2025.496085337583,Benign
15.750009906355354,12,134.1537803393108,0,0,102.21233977904572,Benign
0.26284351427101005,87,116.79676536759641,1,1,38659.19467392244,Mirai
0.1800994837256465,2,244.62122227243466,0,0,2716.5121988364717,Benign
1.2716217105607395,1096,654.6486778590981,1,0,564236.1599953984,DoS
0.0571547648692333,2939,48.54528385968786,1,0,2496285.123209825,DDoS
0.7175843109429034,2500,71.11279409134498,1,0,247750.65803035398,DDoS
0.07596106511958856,3864,59.11194785885321,1,0,3006916.321763209,DDoS
0.5916739878846481,909,617.9062031509882,1,0,949301.0511960379,DoS
17.199456395421645,2,123.4048433689217,0,0,14.349853917682081,Benign
1.0832072966417696,865,436.50675099705285,1,0,348574.405640586,DoS
0.011572495073283399,86,134.58158729172214,1,0,1000131.4698165841,Mirai
3.1214050821328643,23,158.79939076016367,0,0,1170.1095793014085,Benign
16.562156491925688,25,128.0381220290066,0,0,193.2690982774906,Benign
0.01663362725589064,339,529.1190481311417,1,0,10783658.582522003,DoS
0.5935432073476765,1747,81.97511362398326,1,0,241280.70497353218,DDoS
0.46654100480457694,3880,57.844840036672274,1,0,481068.0669672331,DDoS
0.5502147108742471,17,227.375183899332,0,0,7025.217701189537,Benign
0.7774891600586604,1214,68.33790158711649,1,0,106705.29801405854,DDoS
3.4532018512945664,49,214.7289630102048,1,0,3046.9458898139887,Benign
1.3273862228731077,3178,83.98985326943972,1,0,201086.72900983982,DDoS
0.08615552910721058,16,104.9993082300495,1,0,19499.490619925742,Mirai
1.0335653815198245,46,209.3399787096516,0,0,9316.91327207951,Benign
0.6680336145111421,1624,39.11025574675746,1,0,95077.63374933395,DDoS
1.062018575937715,5,472.3213621974832,1,0,2223.6963312079756,Spoofing
1.538354544975025,1050,405.2453124441401,1,0,276599.1620437896,DoS
0.009737905482361572,49,132.69285712822577,1,0,667694.9176658319,Mirai
0.27542855668057725,4995,53.86509754092082,1,0,976863.7118079662,DDoS
0.07891806381430043,69,119.9598277245995,1,0,104883.82143376257,Mirai
0.3299707515968058,36,247.37393107258072,0,0,26988.63907033363,Benign
10.352596157620837,47,246.33211245084533,0,0,1118.3290750375813,Benign
1.8618634879052407,28,150.71425259998517,0,0,2266.545909629203,Benign
0.07493718053072612,3433,66.69778212076002,0,0,3055539.11154536,DDoS
0.009865068326365217,88,119.46727513086755,0,0,1065691.5759436917,Mirai
21.60280355896304,4,249.39718770545738,0,0,46.1786706572133,Benign
2.099763123108918,718,566.926971176687,1,0,193856.8978686396,DoS
0.6023922935077316,857,477.23792761681227,1,0,678947.7693780602,DoS
0.39494988616200144,2010,63.92083105606573,1,0,325309.29853209667,DDoS
10.193569614003673,38,173.89611660712066,0,0,648.2569581898579,Benign
1.1394236431145515,2497,60.538985942215334,1,0,132668.69509966302,DDoS
7.147567187716283,30,150.15675465478233,0,0,630.2427835005446,Benign
3.0446839724193966,45,160.49027929997055,1,0,2372.0237088382637,Benign
0.03475302550467889,20,343.2948871936756,0,0,197562.59042681445,Spoofing
2.888974523148377,36,215.52645781786643,0,0,2685.711632024902,Benign
5.003794401852433,19,155.62966175464527,0,0,590.9442586696958,Benign
0.06191776747374879,22,152.23127507769695,1,0,54089.28952629376,Mirai
7.853277482499133,20,197.60452056528933,0,0,503.24089784334484,Benign
0.5713436177469935,344,562.4910955544112,1,0,338669.98923299985,DoS
4.018042401734856,9,189.42443580861703,0,0,424.2911726221379,Benign
3.797049913017188,5,155.13043365844106,0,0,204.2775802427789,Benign
21.005320735918392,3,157.88206248530147,0,0,22.54886718515968,Benign
2.4282987298316,48,206.21122142320144,0,0,4076.161843975471,Benign
0.5327143164922388,1232,87.24870136805009,1,0,201778.69593073675,DDoS
3.290208398656745,1143,558.6842670135409,0,0,194083.790393697,DoS
0.22009580671361265,1578,59.81274228212894,0,0,428833.7371370824,DDoS
2.477924024352541,29,273.8620187705271,1,1,3205.1017167164587,Spoofing
0.7703778583091354,42,161.34813027388697,0,0,8796.490447398017,Benign
1.649628901354629,4067,57.66434367598702,0,0,142165.84441364795,DDoS
1.1763103891927935,1244,75.47266540423364,1,0,79815.66483255697,DDoS
2.9485851046257516,11,220.98826244849295,1,0,824.4194420977922,Spoofing
7.065577253589615,20,227.68124983352703,0,0,644.480250266474,Benign
1.049104459888689,4628,62.96307606331326,1,0,277754.1485734708,DDoS
0.06364617778341662,43,144.0218367832046,1,1,97302.60633642331,Mirai
1.4472331940435663,29,262.8115799806598,0,0,5266.280410653504,Benign
0.0442685838798193,68,145.63021120641923,1,0,223699.37084323398,Mirai
1.6846546517388237,4,109.41142594033172,0,0,259.783631802286,Benign
2.1523766010993195,1133,674.9746626150046,1,0,355303.199427186,DoS
0.016222925491699278,18,234.24882357443045,0,1,259908.65990829936,Spoofing
4.341260678875256,957,447.2595824991446,1,0,98595.18976468737,DoS
0.9627840227434945,4298,69.61884819440675,1,0,310788.09210700734,DDoS
3.2909566911478034,13,228.9194762330011,0,0,904.2820888630644,Benign
1.0498380255465236,23,242.71039808044247,1,0,5317.3337410255535,Spoofing
0.024240760810237606,2257,69.65276567953852,1,0,6485204.543263571,DDoS
0.49446969099893073,30,217.84297747249295,0,0,13216.764228707641,Benign
0.6003323039156497,857,548.6073970379788,0,0,783160.4866087759,DoS
0.29353637088082596,1699,60.91655967325799,1,0,352587.4309009721,DDoS
2.039772496356756,22,207.04846409997327,0,0,2233.1246344066462,Benign
1.5701662780987233,17,184.23422301201418,0,0,1994.6816046748138,Benign
3.1588066982958063,34,175.991213831331,0,0,1894.2916872670603,Benign
1.580479404546699,2835,52.701602686793834,0,0,94534.0022699713,DDoS
0.6461394822110132,742,652.3133220948631,1,0,749089.7837385528,DoS
1.1065376459033702,2967,51.09163453535979,1,0,136993.8747476199,DDoS
0.01968634152752264,50,134.44407256845332,1,0,341465.3565277549,Mirai
0.1007832599379783,97,110.80258027895349,1,0,106643.20933528725,Mirai
0.2879631348493288,668,311.81184746238785,1,0,723322.8455227751,DoS
3.418206989848631,47,204.9767001130022,0,0,2818.4088716458104,Benign
3.094115437642246,1496,521.8030124342541,1,0,252290.94464441965,DoS
0.2976289587160047,3130,57.9152569679455,1,0,609062.8919030706,DDoS
0.46705284760829624,2592,62.141146908346464,1,0,344864.29878598807,DDoS
1.2143383442402707,1122,538.8086708015087,1,0,497837.63438476826,DoS
0.012490877960723871,8,251.23698282658327,0,0,160909.09453543238,Benign
0.189053215133519,29,215.48984530203398,1,0,33055.27234406185,Spoofing
1.3739961389973143,31,162.8525735355232,0,0,3674.2678063748813,Benign
0.22820354987284483,1213,518.3352037754083,1,0,2755174.5033322447,DoS
3.600944290405832,46,245.3347426229111,0,0,3134.010762322021,Benign
0.3343191413180448,24,293.28913142112856,0,0,21054.550231124205,Spoofing
10.057858683584355,7,243.63676003470638,0,0,169.5646532622752,Benign
5.273691482352575,11,211.47173801389124,0,0,441.0931367405472,Benign
2.508034752671921,1,145.48748420812086,0,0,58.0085599105541,Benign
2.397473429200977,23,209.39729049445245,0,0,2008.838814525471,Benign
1.3321357144179669,36,142.44009308755847,1,0,3849.340045201437,Benign
0.40651676877395637,2573,53.66939821689094,1,0,339694.1337218148,DDoS
0.05527139736926821,3746,76.05507372379711,0,0,5154606.536648813,DDoS
1.0393256273065108,24,208.50221387936946,0,0,4814.7115799244175,Benign
0.7995520953559393,22,278.4102652406157,0,0,7660.571300944245,Benign
0.03500641864554657,26,166.82341183022922,1,1,123903.24047437952,Mirai
0.6395977782870417,1449,549.4447056602093,1,0,1244759.4496557887,DoS
0.13870464329101417,237,481.7427064205184,0,0,823137.7026226737,DoS
2.7146073242360234,883,634.9860522014505,1,0,206546.51561867332,DoS
20.123244470441147,47,234.01058204289478,0,0,546.5568622481155,Benign
5.5450448818123945,15,198.24646832624165,0,0,536.2800641429027,Benign
4.468941695784617,45,195.24045993008514,0,0,1965.9734440351197,Benign
0.15374527135609278,38,143.89766500528722,1,1,35566.045199114466,Mirai
0.24659629680384193,28,335.03772530409736,0,1,38042.162149649,Spoofing
0.5572675550562404,3171,71.50350515497853,1,0,406873.88452671387,DDoS
3.27834041819881,39,223.42849990863428,0,0,2657.964208983592,Benign
0.672374847146905,24,119.01228698004616,0,0,4248.069212644186,Benign
17.937463801331294,42,192.2911035314235,0,0,450.2434924897454,Benign
0.4033856672428587,2582,69.61845674558742,1,0,445615.3748489164,DDoS
7.518870243910728,12,218.44219119142005,0,0,348.6303406312864,Benign
4.004915885296195,22,278.5426515238884,1,0,1530.104129283688,Spoofing
1.2920149749637138,21,189.14479590628886,0,0,3074.299285225871,Benign
4.140686487289618,9,363.75635800273113,1,1,790.6435882247937,Spoofing
0.30969310658021415,64,144.48414467387292,1,1,29858.54403166313,Mirai
0.018095335396825504,55,130.21219662988895,1,0,395774.4168643747,Mirai
0.28568065880813415,435,673.5286119480504,0,0,1025568.0150687883,DoS
0.5896945756392359,261,304.1285054603918,1,0,134607.8855127946,DoS
1.1524615546194812,757,599.6974420091497,1,0,393914.1933032361,DoS
4.301635723754039,1330,519.2928220585741,0,0,160557.40134479932,DoS
0.9772237245430481,3784,68.2481839641186,1,0,264270.21943310223,DDoS
1.8605352680530316,7,189.97695312595556,1,1,714.7613349320202,Spoofing
3.794131564190558,1389,497.98953459805745,1,0,182309.82554350907,DoS
0.036420756712791,56,113.99634476943928,1,0,175279.04094443502,Mirai
0.2398284509278552,66,145.30596634689164,1,0,39987.72348231426,Mirai
6.330029474118391,5,199.03919233444867,0,0,157.2182192423122,Benign
2.2503702604433244,33,216.57718739892982,0,0,3175.9427814144287,Benign
0.10327678960066289,2785,62.70993572932212,1,0,1691059.2562129865,DDoS
1.2613282064898668,3886,68.05676751869618,1,0,209674.68833004174,DDoS
0.16364302436173417,92,150.18977124489217,1,0,84436.59000084526,Mirai
0.43278805250230656,3899,92.27553565197294,1,0,831312.9519792487,DDoS
0.001,1313,55.21043088344166,1,0,72491295.74995889,DDoS
0.1334274642283896,2190,71.67596050357973,1,0,1176447.1011316779,DDoS
8.491188217662096,27,161.30877511341168,0,0,512.9243182953826,Benign
0.3948312486523451,496,512.2097290891727,1,0,643454.7075374215,DoS
0.0915384737231354,79,114.38902062695955,1,0,98720.59541720177,Mirai
9.344854942837728,41,135.95245882008757,0,0,596.4833960205842,Benign
0.019818913602268274,2355,49.42491685576172,1,0,5872959.614799338,DDoS
0.033071562121345155,970,59.46222826657947,1,0,1744047.0821109214,DDoS
31.372625510293425,38,190.4370642274503,1,0,230.66633164855025,Benign
1.845199248589572,29,265.2556933851575,0,0,4168.880468626612,Benign
0.3157112685188345,10,330.69417989114686,1,0,10474.576388818967,Spoofing
0.815098273324872,41,190.96363495813617,0,0,9605.60129927179,Benign
11.930115584007858,13,147.64227128042307,0,0,160.88272683781534,Benign
1.0661219956400263,10,297.3676942277926,1,0,2789.2464037314367,Benign
0.02036460210078106,1468,467.32901073813866,0,0,33687816.94670456,DoS
0.6324727996924705,1133,392.8444481872138,1,0,703734.2317527841,DoS
1.8337059648478529,474,576.8766631480644,1,0,149118.53021914038,DoS
3.7461277114821194,19,198.56131795387296,0,0,1007.0839361829892,Benign
0.013610993858207621,60,128.02000417036174,1,1,564337.9410967724,Mirai
3.0775683331749453,34,90.9979573172215,0,0,1005.3166051373119,Benign
1.6890354845604145,17,178.86607832756079,0,0,1800.2720246933752,Benign
1.2235348784209636,1939,57.8618155924432,1,0,91696.65892854621,DDoS
5.459672511259813,35,214.53095994028263,0,0,1375.2809499882064,Benign
0.2357159002508091,23,131.98854839989093,1,0,12878.794387512138,Mirai
1.924858418614621,14,272.8025430910969,1,0,1984.1644280643645,Spoofing
5.271562553614953,47,209.74674551759415,0,0,1870.0521788490917,Benign
0.24840476253839247,32,128.27831877703642,1,0,16525.070449205767,Mirai
0.19759477472646275,99,129.4873955785073,1,0,64876.47347971804,Mirai
0.04517826831337088,18,389.1314680704399,1,0,155038.39980504342,Spoofing
3.3462273844757435,22,262.0175246345783,0,0,1722.6520734076876,Benign
3.1154386687422857,1780,49.127115215988425,1,0,28068.684503990506,DDoS
8.461591860162393,7,161.31949749748242,0,0,133.45437846026113,Benign
0.0018044212869021024,67,107.28404438137221,1,0,3983565.8256352195,Mirai
0.1339728136762524,34,307.4223115196355,0,0,78018.50468652476,Benign
0.1354857678485684,2525,70.16953185154208,1,0,1307724.5731313608,DDoS
1.0208935800064547,19,229.60346893020264,0,0,4273.183802023977,Benign
1.2431780254980846,20,200.4808821112501,0,0,3225.296425762136,Benign
1.8954236054786047,1223,425.3831228101539,1,0,274473.5043359629,DoS
0.10961502268219546,95,144.36292171250417,0,0,125114.94526119831,Mirai
4.199810191723394,805,322.01875711958024,1,0,61723.05119696111,DoS
0.13432310210064616,30,107.70666915666334,1,1,24055.430705276696,Mirai
3.6164963608094567,36,254.33500630199538,0,0,2531.7487737835004,Benign
1.2053076686933415,3310,73.12278923887364,1,0,200808.8379982352,DDoS
0.5504621744146505,2313,62.26757663061008,1,0,261643.5995802147,DDoS
1.9077851366329086,30,306.5454733037818,0,0,4820.440217573095,Benign
0.6918474008111913,2320,74.72643542421126,1,0,250583.1921618831,DDoS
1.5813969475102299,976,561.7510492765394,0,0,346699.17945466115,DoS
0.1796256319295201,1010,62.987162401459955,1,0,354164.56628214417,DDoS
0.011301381039841301,1468,472.3488509174603,1,0,61356051.15006094,DoS
0.0734528760730668,1506,68.94359480497414,1,0,1413546.4712505979,DDoS
12.703669088979888,42,108.65099397856781,0,0,359.2144690747992,Benign
0.6548396436769156,7,204.72407293621308,0,0,2188.4266238171404,Benign
0.32127724351236703,1836,61.014654766931365,1,0,348679.86579875473,DDoS
18.183975553924864,19,252.69119935880107,0,0,264.0309746116511,Benign
7.760864281154584,36,189.88631343047913,1,0,880.817784701715,Benign
2.4361778973238577,1951,69.49719993588451,1,0,55656.459745347536,DDoS
0.8283728046297398,956,73.20566832067308,1,0,84484.4477310487,DDoS
1.8819250029827934,20,206.55867864361298,0,0,2195.185018703974,Benign
2.82642335413288,1368,546.5745809921752,1,0,264544.2430639296,DoS
5.0655819774343485,1238,419.24320848199125,1,0,102460.7033136168,DoS
2.315491686393843,18,146.69388212067696,0,0,1140.3581769211603,Benign
0.8884901697837546,55,113.62832115278175,1,0,7033.907493792583,Mirai
0.2448227683089048,281,459.71621943713455,1,0,527648.0555878766,DoS
1.5228337056334267,1207,461.9741697156457,1,0,366161.3351372782,DoS
0.739481807478421,3679,54.9080485822015,1,0,273173.3339360267,DDoS
0.088246366229277,28,188.52533898569803,1,0,59817.868056852145,Benign
1.1039657302386203,1463,448.30999319634503,1,0,594110.3986121797,DoS
2.3002350924117465,28,192.77285076506337,0,1,2346.5600708501784,Benign
0.13643100566843036,9,225.1374395603317,1,0,14851.733637200983,Spoofing
0.13000165321332655,12,139.96833182254034,1,1,12919.989402860188,Mirai
0.26855742558263734,3135,53.76115992158577,1,0,627579.8778921115,DDoS
3.4183372798740392,4,182.2444088101068,0,0,213.2550347013414,Benign
2.497116005076176,39,187.31096263780736,0,0,2925.425782392372,Benign
6.1769012782068415,16,179.84751055727733,0,0,465.85820936930935,Benign
0.07334202949675424,1893,67.13758791939792,1,0,1732859.7913566695,DDoS
4.639293700829366,23,134.54028817477888,0,0,667.0038216090359,Benign
0.21382106011801508,4597,58.26146836412352,1,0,1252579.937271158,DDoS
2.0906420496815294,3,262.2459969893388,0,0,376.3140567692405,Benign
2.154608726980728,29,348.3148714935851,1,0,4688.151099930227,Spoofing
11.009211713186147,15,155.73349297856998,0,1,212.18616332726452,Benign
0.4486866317687659,25,150.12859355996508,0,1,8364.89115845416,Spoofing
2.0453571508865864,20,225.01378978172875,1,1,2200.2395980984898,Spoofing
0.470819324480769,1649,76.6179366531434,1,0,268347.0515581908,DDoS
3.9643451137392614,501,345.72902682181837,0,0,43692.019102331666,DoS
0.8204996261433946,1673,58.69148094032784,1,0,119672.01993094897,DDoS
0.9107305633246582,697,495.71543845489714,1,0,379380.7680525752,DoS
2.1412417150739844,33,172.02827438299272,0,0,2651.234101537486,Benign
1.1695018063244391,19,197.59816115077592,0,0,3210.2259625097317,Benign
0.6857443882617678,3614,54.08547693837942,1,0,285040.4859320392,DDoS
0.38555998847978085,1873,68.914357661724,1,0,334776.9368116836,DDoS
0.15359354281251425,2592,72.61706978032645,1,0,1225464.569824809,DDoS
4.896986245707577,41,211.43378656558284,0,0,1770.2286292487481,Benign
2.9968165831926186,47,211.80906464045998,0,0,3321.866975087333,Benign
0.29187453478423897,29,196.2998020260004,0,0,19503.908633078234,Benign
2.26332765690678,13,198.6536378565178,0,0,1141.0178655547165,Benign
0.8514810212027333,34,180.26034719181547,0,0,7197.872473851038,Benign
1.9268121372221156,42,143.8150759594713,0,0,3134.832438312329,Benign
2.3644713536140713,16,201.78028400047248,0,0,1365.4149537793523,Benign
0.06694898483824076,14,131.0712675263072,0,0,27408.895740569373,Mirai
5.576988080738719,17,283.4941005663132,1,0,864.158151291755,Benign
4.7535792663206164,898,540.4364091603459,1,0,102093.99449052072,DoS
6.8001609107178895,27,136.61285298614447,0,0,542.4205513743501,Benign
0.06891067283669088,65,144.1819829873316,1,0,135999.67187066277,Mirai
0.06779989775146224,3542,45.2371858461722,1,0,2363279.556180249,DDoS
6.597338410350298,31,177.89879918895332,0,0,835.9223723017614,Benign
0.4050992573176568,4245,60.05043278791324,1,0,629263.2795048596,DDoS
1.6088712132264096,35,238.63297308677394,0,0,5191.313008384173,Benign
0.00962320202233853,4873,56.679437632431615,0,0,28701351.06191196,DDoS
4.7786257809183965,42,213.45455816346538,0,0,1876.081504156318,Benign
0.5293388799178105,8,313.36228658760103,0,1,4735.904328603351,Spoofing
0.31267736644804434,2852,52.66523231727872,1,0,480371.3305991303,DDoS
4.622889726165907,46,282.80246123245536,0,0,2814.021961861108,Benign
3.8608575262707787,1381,403.28200455716876,1,0,144250.9713201963,DoS
3.118481887993217,16,218.7168088356265,0,0,1122.1706801773273,Benign
0.24487676733981534,33,137.0984162662779,1,0,18475.610348567185,Mirai
0.21263291446365665,3845,75.5874188328657,0,0,1366832.7227017523,DDoS
3.978295598978793,1212,389.43800897643166,1,0,118643.48818136963,DoS
0.06430244679962423,31,233.0993161099438,0,0,112376.42047939124,Benign
0.001,69,110.03752418289334,1,0,7592589.16861964,Mirai
4.000373488374473,1469,526.5073050732282,1,0,193341.75506368894,DoS
12.232061505668312,30,250.06649848540098,0,0,613.3058561785043,Benign
2.4970212101310945,2,179.46593858858682,1,1,143.74402416803244,Benign
6.203788925586885,4,145.85981965451094,0,0,94.04563656440807,Benign
1.5452038989583643,23,238.33010489935438,1,0,3547.4880799746497,Spoofing
1.5766361026511189,18,188.34711785804328,0,0,2150.3047632513712,Benign
0.8128082013877322,886,67.20734921031254,1,0,73259.24037020383,DDoS
0.0028708823763505162,36,260.24927896215013,0,0,3263447.5448441408,Benign
4.565063523255816,25,147.64846324349605,0,0,808.5783609106975,Benign
0.04265540188113595,2556,67.48116450679204,1,0,4043611.099011573,DDoS
0.1800639061124944,5,551.4444078417412,0,0,15312.463773201383,Spoofing
0.11588228750522,2825,81.81550799847948,1,0,1994513.7006834901,DDoS
0.017498492822870523,76,161.05356870809908,1,0,699492.8846567724,Mirai
0.5818333179298477,4422,53.73970424746733,1,0,408427.92060758657,DDoS
0.6528044933753879,26,270.4266189925764,0,0,10770.59389933432,Benign
10.498370269785832,11,275.0430946009359,0,0,288.18511472371745,Benign
0.712677040805546,1440,81.45283228436321,1,0,164579.56658307195,DDoS
2.0275336630360243,28,253.53798159848603,0,1,3501.329528668583,Spoofing
0.015544994634154999,51,128.12147135761379,1,0,420340.7716128486,Mirai
3.367409599257312,5,171.19912817986386,0,0,254.20003586380184,Benign
1.7255555498522654,39,225.43851833323845,0,0,5095.229890309263,Benign
10.7158268597982,9,168.34087708833616,1,0,141.38599975695735,Benign
0.18140382054168674,6,219.953621114057,1,1,7275.0492395559495,Spoofing
0.08271049224202207,73,162.31152594308685,1,1,143255.60243523063,Mirai
0.09667902291211286,42,90.17257752676245,1,0,39173.42296236137,Mirai
6.0149735465931915,36,124.13453282145439,1,0,742.9530898109198,Benign
0.07070297133308023,644,75.88405553435486,1,0,691192.0509521746,DDoS
0.16133963454763475,1567,64.24391619634928,1,0,623964.576106418,DDoS
6.984398173925362,35,139.90856988644012,0,0,701.1054960048635,Benign
0.6642584264585399,2626,64.25469343796856,1,0,254016.83779563912,DDoS
6.844662435105143,8,269.04649132274295,0,0,314.45990959945425,Benign
3.984822011486809,44,140.30787617093551,0,0,1549.2653206906225,Benign
0.10674071720228583,34,116.20492477473948,0,1,37014.6233405347,Mirai
0.03279012684321472,71,100.2447014502154,1,0,217058.44070066765,Mirai
0.7234060417355461,3613,56.709996186317035,0,0,283234.0406358754,DDoS
2.0575617044425845,4899,52.60757159248039,1,0,125257.2365995613,DDoS
2.542757485353097,45,184.1911613934812,0,1,3259.6904386088813,Benign
2.782720981229003,541,409.6687732650478,1,0,79645.35712757894,DoS
0.00770645615891335,39,154.31711023921886,1,0,780951.3445902944,Mirai
0.026052067105410248,97,130.96573099258026,1,1,487626.40810341324,Mirai
1.3987470597223288,801,457.915407027317,1,0,262227.71192219266,DoS
1.8407852840962013,35,213.60173524818367,0,0,4061.3431660265933,Benign
0.9420426280580076,33,194.94301221896617,0,0,6828.904777364019,Benign
0.17508554808793533,4551,55.70476282302501,1,0,1447934.3291101458,DDoS
12.238340792712627,47,188.07492832780216,0,0,722.2810494597628,Benign
0.12243600214234263,41,100.07912369171197,1,1,33513.378414543535,Mirai
4.162525059120315,29,131.10877656657968,0,0,913.4250164092314,Benign
8.315851328141159,42,213.86849872361643,0,0,1080.1632438996166,Benign
4.261298304306275,30,233.55355149621457,0,0,1644.2422108318203,Benign
1.4956983644557027,24,256.6759968140304,0,1,4118.627171046273,Spoofing
6.011097408106893,8,253.2789015222191,1,0,337.08174641207233,Benign
1.3109269455680583,216,599.5537834928117,1,0,98787.82160384237,DoS
0.13073077175148284,1125,77.83155119126644,1,0,669777.2369662583,DDoS
9.368299021712726,8,184.5595901886426,0,0,157.6035007088415,Benign
0.5097734394812574,2579,69.75440826086039,1,0,352895.2373191917,DDoS
3.846176474832335,785,498.47753739279256,1,0,101738.66680685789,DoS
1.713570310022119,1062,72.36345720302847,1,0,44847.8776156108,DDoS
0.15448424078863712,17,98.04059358216244,1,0,10788.738594877781,Mirai
1.7029903122139793,31,112.22907498983534,1,0,2042.9366507445811,Benign
2.211843319728647,23,224.015536400831,0,0,2329.440467714148,Benign
0.44107928933643453,24,260.62894907362767,0,0,14181.338659489797,Spoofing
13.071629221232223,36,166.01403266736617,1,0,457.2119568934495,Benign
0.5383987319987636,3763,72.74600336121388,1,0,508439.5530279155,DDoS
0.167198907264859,28,98.8113761890497,1,1,16547.467794814267,Mirai
3.998940949165492,44,156.13910592475628,0,0,1717.9850235405322,Benign
8.52711159683668,1164,620.7668004926861,1,0,84738.25486716286,DoS
6.745460226686843,28,167.20361712040477,0,0,694.0521657587236,Benign
7.266459681771775,5,233.65720926508567,0,0,160.7778887504356,Benign
5.534248791200237,38,209.9892562542413,0,0,1441.8563455891547,Benign
0.06808932000006561,67,156.02586807009232,1,0,153529.70422800686,Mirai
17.595008572260028,31,187.05270336157068,0,0,329.56129463617947,Benign
0.6562405844869518,1154,547.3146042844886,0,0,962453.5090862827,DoS
0.15981266933224222,25,269.2663030228361,0,0,42122.17719470123,Spoofing
0.1407160812005835,3139,68.96895732142721,1,0,1538513.261489706,DDoS
0.683994252351273,1016,81.79975199161217,1,0,121504.74618432412,DDoS
0.6610894399366227,724,75.10727480061233,0,0,82254.62951103318,DDoS
4.31467400548104,33,195.24565906067852,0,0,1493.3009401909737,Benign
0.3711836503892357,4429,72.80278567846082,1,0,868690.0337118239,DDoS
0.14687240537507537,570,435.5788876123707,1,0,1690446.652010678,DoS
0.7891914550882373,11,313.1453568098916,1,0,4364.718982573978,Spoofing
0.8843167796753275,22,218.84184027384745,0,1,5444.33917424056,Spoofing
0.18878128699121705,41,145.51712669289074,1,0,31603.779640966717,Mirai
0.02555720321287306,69,135.78952238637774,1,1,366608.0739202596,Mirai
0.1806825893080672,1849,79.61700885502017,1,0,814753.9280718042,DDoS
0.2750350226508388,391,296.8728916136678,1,0,422045.5253377168,DoS
0.05703466486643628,18,134.82084487537472,1,0,42549.127156962604,Mirai
3.991938429049677,37,164.96276012657518,0,0,1528.9870405481963,Benign
0.04874183385553263,25,205.2264880137065,0,1,105261.98533172932,Spoofing
0.9598004224211281,2722,73.22387231911065,1,0,207663.35979498696,DDoS
4.85487477342641,850,583.1263034379198,0,0,102094.77711665326,DoS
2.070737352071584,823,381.2259897725745,1,0,151515.58900936978,DoS
0.07754567450927005,13,331.33876217100095,0,1,55546.66892101237,Spoofing
6.055971400573117,21,252.38510061347463,0,0,875.1836431032988,Benign
2.3899941395437576,273,540.3790994400188,0,0,61725.46271401606,DoS
0.6616019715003278,4394,63.45544456879762,1,0,421436.50630756706,DDoS
0.9756695351167811,2,143.97496645946552,1,0,295.1305975587988,Benign
0.013327272238910918,14,113.3871238298163,1,0,119110.62557743244,Mirai
0.13243086643935903,4727,64.0070740978525,1,0,2284674.6185043924,DDoS
0.33744531301116865,808,434.0064256778538,1,0,1039211.9209434664,DoS
2.107812293254427,45,237.58332813089598,0,0,5072.202017278876,Benign
0.03075107928113761,2295,59.82617329872003,1,0,4464918.660750275,DDoS
0.407955730782442,307,475.80199770179473,0,0,358056.52984526654,DoS
0.5567773634824016,1224,64.3974424918683,0,0,141569.09885316878,DDoS
5.334655667705243,33,235.29955204213525,0,0,1455.5550912868214,Benign
0.18177116539035634,20,342.425315593927,1,1,37676.52750188001,Spoofing
0.19291244270246188,4619,76.42299139799931,1,0,1829834.2622295455,DDoS
0.20894745835911088,346,586.691362710692,1,0,971513.1884926711,DoS
0.058540679422051926,3397,72.14414146051455,1,0,4186382.033158469,DDoS
6.381613421018727,9,213.84830414221395,0,0,301.59061828171457,Benign
0.144030944466441,1786,69.71574358535113,1,0,864483.1046876065,DDoS
0.9184719568238149,1287,70.12737523877674,1,0,98265.31040143508,DDoS
0.384327422420315,3384,49.712600374732105,1,0,437719.06414763595,DDoS
0.15272914407794325,3954,58.85977001644655,1,0,1523818.7318476576,DDoS
0.23042845008632828,2159,61.71578206025909,1,0,578246.1905992093,DDoS
5.631063253832895,34,131.86458045487404,0,0,796.1899082582681,Benign
0.03838695156507923,2304,56.01747243000446,1,0,3362190.82830585,DDoS
5.099412301743848,45,176.14540453847366,0,0,1554.4032792799812,Benign
3.866492669895459,41,233.87818901554317,0,0,2480.026879217266,Benign
1.5707913193063507,25,304.621106132245,0,0,4848.210936554629,Spoofing
0.5934058419066001,571,403.3390796324959,1,0,388109.78626395896,DoS
0.8344723657824719,485,520.2086084962041,1,0,302348.1489217202,DoS
0.8530762639997146,4711,73.14338384064592,1,0,403924.5912876533,DDoS
1.5454817651495636,16,348.6303170187822,1,1,3609.285595007132,Spoofing
2.9937387357514114,1024,543.7510592515303,1,0,185988.53601492153,DoS
0.4144766668364174,46,117.97611184328092,1,1,13093.381555620288,Mirai
2.057625307170417,21,201.58939029096044,0,0,2057.4091800667925,Benign
0.7113599838556122,20,244.07070980780327,1,1,6862.08713863622,Spoofing
0.07456695727275688,97,144.40023476017546,1,0,187842.21971806846,Mirai
0.08977468283371978,80,108.84485844009441,1,1,96993.81162209957,Mirai
4.142655079219766,47,198.23986952859988,0,0,2249.1068384092996,Benign
0.1077819721243033,46,292.83262720909005,0,0,124977.30915596025,Benign
11.259872608592804,2,167.18169511460394,0,0,29.69513082892638,Benign
9.575139402133207,18,262.5851427939591,0,0,493.62545773884597,Benign
0.2836890036384162,25,100.88624956643196,1,0,8890.567511652598,Mirai
2.1176479696750876,15,218.03222963566014,0,0,1544.3942956376713,Benign
2.833673282692245,42,212.95172243286328,0,0,3156.3174190930995,Benign
2.118883777896379,23,209.87205423834706,0,0,2278.113267861378,Benign
6.433703820446807,40,180.0780202472059,0,0,1119.5916086463544,Benign
2.613352752142414,21,117.59896390720664,0,0,944.9846523883126,Benign
0.05681613698101173,60,96.90674612776876,1,1,102337.2069383973,Mirai
0.34113852034084774,4706,56.76396226892529,1,0,783057.8797453273,DDoS
5.581828539146776,26,182.658982100769,0,0,850.8203900053753,Benign
0.9399723601185089,3948,59.4041245406374,1,0,249504.65953793353,DDoS
0.7399152354372375,2108,62.308115711005186,0,0,177514.2632942043,DDoS
4.081027792775617,1,283.3954556917962,0,0,69.44217733421787,Benign
0.45291749177159196,1360,463.78760293787053,1,0,1392640.2743429353,DoS
0.6800004379382709,1265,407.40501642972293,1,0,757892.6674608754,DoS
0.1274665083430909,1385,578.5742859110203,1,0,6286556.338625852,DoS
0.07568652800955103,932,578.4405430785199,1,0,7122886.996232007,DoS
0.9735434924077748,3,152.5968185820331,0,0,470.231129185496,Benign
2.48688964296964,8,451.9311032098815,1,1,1453.8034833591487,Spoofing
0.13194870858836688,94,142.65852269238545,1,0,101629.65046454802,Mirai
0.0696930797179896,10,263.5197017616667,1,0,37811.45887482504,Spoofing
7.3638018691452665,29,227.45939193626543,0,0,895.7767310104648,Benign
1.9707555848081073,6,320.32632963768015,1,0,975.2391380452295,Spoofing
0.0406082550567583,95,116.64330644671722,1,0,272878.36172596,Mirai
0.029332001641061197,90,140.20062314898047,1,1,430180.53243746294,Mirai
2.9728629968198717,34,154.11281837137926,0,0,1762.55543233309,Benign
0.5529395495026486,855,388.3938754185548,1,0,600566.1265893474,DoS
0.008643487319325776,14,379.2294865635726,0,0,614244.2992910128,Spoofing
0.28605640535447974,1426,434.16115001612786,1,0,2164306.7183054173,DoS
0.3803485693904117,1058,65.0563370546483,1,0,180964.5418520484,DDoS
0.6506106710395159,7,210.08834815439286,0,0,2260.3663028321735,Spoofing
0.097882404796125,4997,67.14308573122263,1,0,3427725.341421136,DDoS
0.27144284505452104,4567,43.77081662655814,1,0,736439.818457324,DDoS
0.33112169462374796,4386,70.41309156297561,1,0,932683.73715632,DDoS
0.6974323768718357,14,318.6054654537164,0,1,6395.568465516928,Spoofing
0.9223097703918081,46,226.31300137752817,0,0,11287.311917929523,Benign
0.46094934837378904,4235,65.8703175038726,1,0,605187.523559938,DDoS
0.33232125276136504,737,581.9148792846604,0,0,1290532.1656955862,DoS
0.07409085060195364,52,107.66944521405603,1,0,75566.83592701638,Mirai
0.31802402597356794,3026,74.94147319310964,1,0,713068.4456563595,DDoS
0.13293994250451563,23,331.7697613979409,0,0,57399.63752348881,Spoofing
1.395016708569106,8,438.0676490199588,1,0,2512.185818730689,Spoofing
1.233993180067246,22,274.14778353030545,0,0,4887.58879310666,Benign
1.0920436337678026,3095,73.66898958991531,1,0,208787.9236053199,DDoS
4.385271684053215,27,173.00443634457162,0,0,1065.1836688453507,Benign
3.2459974218503707,47,165.4032079261869,0,0,2394.934364457772,Benign
0.006290232191116882,1084,59.99895572599234,0,0,10339660.926797604,DDoS
0.8131667240337422,19,75.06960862855817,0,0,1754.0345931364257,Spoofing
0.015779531824019286,22,138.53836233468317,1,0,193151.73639839317,Mirai
1.4522406706261872,20,277.4623380026044,0,0,3821.1619274230384,Benign
6.071370787165565,14,122.13622571575887,0,0,281.6344479627637,Benign
0.45195466111357024,635,66.49614805225495,1,0,93427.63256195579,DDoS
0.6982012312181683,523,85.57674309807629,1,0,64102.77530190821,DDoS
3.9518522119912616,31,154.35740489544523,0,0,1210.8447621698115,Benign
0.08553261425623154,41,120.74149835717908,0,0,57877.354453522705,Mirai
0.22786437635526471,7,273.2148087834703,0,0,8393.166549660646,Spoofing
0.5005153014962067,4779,56.82117146306946,1,0,542537.6159535194,DDoS
0.09834369713616839,23,131.30596818062097,1,1,30709.006841309678,Mirai
12.66436897262446,47,161.5347829107964,0,0,599.4878081346756,Benign
1.7613923790847499,1267,597.784581899629,1,0,429996.7879163781,DoS
1.0688082617757746,2942,79.74786295079522,1,0,219513.84658220402,DDoS
0.21300356812972965,26,170.40866889417381,0,0,20800.709725904922,Benign
0.01605064164976044,23,388.7511216008753,1,0,557066.5641864593,Spoofing
0.45255792685517604,2227,60.70021190771695,1,0,298700.7052508102,DDoS
0.19264300312254107,1184,677.3990587043517,1,0,4163351.237811481,DoS
7.743441986828278,17,184.8598438233191,0,0,405.84243419684276,Benign
3.4821702769999288,10,150.7845386376226,0,0,433.01885503293465,Benign
0.2202933132249807,5,203.054436748938,0,0,4608.729011705475,Benign
0.2669899990893379,762,78.5341184701728,1,0,224139.47518029515,DDoS
1.2248290785002078,236,430.41075123254814,0,0,82931.52005768951,DoS
2.098202285303553,19,210.23927233924357,0,0,1903.7945971294782,Benign
3.0066162942657586,1011,459.2719944038688,1,0,154434.06836711208,DoS
6.568519459530954,1341,635.6910027422871,1,0,129779.87504329928,DoS
0.5833941269972288,201,632.0423022977228,0,0,217761.0244651053,DoS
0.8792580001017105,3920,68.86764250598945,1,0,307032.9284376715,DDoS
0.5447914176413309,25,371.50294359801626,1,0,17047.944018943737,Spoofing
0.0502994827927668,3667,55.357498915423974,1,0,4035746.2393639376,DDoS
0.25832826777317935,4315,72.01897465555021,1,0,1202972.7846569165,DDoS
5.498662668971096,19,201.34761525988253,0,0,695.7336574810491,Benign
9.89038388781168,14,216.11008734947524,0,0,305.9073598367754,Benign
4.46829444882992,34,135.35967399674973,0,0,1029.9744049084866,Benign
0.7341175871641039,1179,511.3964933313364,1,0,821307.7525724305,DoS
2.538703885907779,42,199.80769252806957,0,0,3305.593508861776,Benign
7.02322225720721,22,171.71868501766104,0,0,537.9028218154089,Benign
0.453910703424901,35,169.7193538445688,1,0,13086.66515184457,Mirai
1.879893777620699,39,221.376128184814,0,0,4592.6366170194,Benign
1.4226467396175988,2,169.452273915103,0,0,238.22115384828567,Benign
1.476861410044504,29,212.28137967889987,0,0,4168.407386650169,Benign
0.0490770599682796,80,121.25548490100235,1,0,197657.2923958761,Mirai
1.8380329406236375,19,241.35595467312868,1,0,2494.929790123083,Benign
0.7263358399611113,3745,68.72005149507936,1,0,354321.7595635255,DDoS
0.5493175237292941,2433,51.701910485337415,0,0,228994.60289713263,DDoS
2.017031705484987,516,578.4156750476959,1,0,147971.14369248203,DoS
1.25315576650245,632,527.7301893441146,0,0,266148.4618120124,DoS
0.1635768538947329,98,122.45087870285096,1,0,73361.14998642723,Mirai
3.6081232069914386,27,265.29165834692617,0,0,1985.2079223590667,Benign
1.3151358182919048,14,187.13514297173174,0,0,1992.1075566225195,Benign
9.745260929600887,28,181.39287149659268,0,0,521.1764403841984,Benign
5.979464009873868,47,270.2639622085577,0,0,2124.3386033976913,Benign
4.577160991889684,34,225.43086173932863,0,0,1674.5422135507663,Benign
0.5166918085118929,41,319.4951286511873,0,0,25352.250720648244,Benign
0.02144767021646319,2803,72.47500865961446,1,0,9471772.328770878,DDoS
1.5316602931136711,722,581.6540754085604,1,0,274182.3655892175,DoS
2.2749851907328376,48,127.08074266515106,0,0,2681.281475050968,Benign
1.7041532139684503,412,589.6567427866083,1,0,142556.77015234632,DoS
3.8643362077126198,7,191.45352319372418,0,0,346.80591706313936,Benign
0.5784002595418816,23,105.60062651587164,0,0,4199.193153524474,Benign
0.3659403005928485,2940,50.175767728957744,1,0,403117.0026481053,DDoS
4.7550705847658365,5,153.57361695212467,1,0,161.4840560349825,Benign
1.3613446072560675,29,243.68200662841303,0,0,5191.028160362576,Benign
1.2320740167101347,4242,47.03678156611777,1,0,161946.4615739999,DDoS
0.7037853124960002,27,117.29027706971158,0,0,4499.720901606924,Spoofing
0.7808450072777307,380,614.1542966368137,1,0,298879.5862774611,DoS
0.7503887772979078,10,217.08016630825642,1,0,2892.9026242895766,Benign
0.1871086185918663,74,128.46096258038406,1,0,50805.309250258426,Mirai
1.3610787270345308,1269,436.56945788419574,1,0,407034.9723723139,DoS
7.046312280634291,1396,350.3260542654496,1,0,69405.83276427597,DoS
0.06453545615751864,47,82.87292738985366,1,0,60354.84707532102,Mirai
0.7598924478586417,4584,48.44009339994207,1,0,292211.60016929265,DDoS
18.149965615414416,43,258.5227767020186,1,0,612.4793640791136,Benign
0.0638134827144041,1280,52.68897183755048,1,0,1056859.476764485,DDoS
0.28028188594185244,2761,51.582404232418,1,0,508127.80000792665,DDoS
0.5352528541585274,4541,72.62853120032725,1,0,616168.8959121484,DDoS
0.6322326406672129,1053,53.409747854588744,1,0,88955.33206183376,DDoS
1.8450011255523224,16,223.60139349951757,1,0,1939.0894923824387,Spoofing
0.09655116226690767,8,361.78052484981714,1,1,29976.27507370278,Spoofing
0.04603243803878265,67,111.05225403160875,1,0,161636.04052101503,Mirai
0.4447595267454085,60,147.2300604222616,1,0,19861.977302607367,Mirai
1.4096580256809867,10,400.19460947023924,0,1,2838.9481858687723,Spoofing
0.0910000643289892,1,206.0467396121553,0,0,2264.2482852236462,Benign
21.260039359280004,17,207.05407663696275,1,0,165.5650416889714,Benign
0.8582894558906493,2201,56.49231890496725,1,0,144869.06842028646,DDoS
0.057286310378568656,56,144.50425294173226,1,1,141259.54545266696,Mirai
0.09451437295349883,3072,90.02934041694556,1,0,2926223.0189786004,DDoS
0.9026109562537515,851,509.0740916300506,1,0,479965.42583001964,DoS
0.8194991415589553,41,168.59307755358464,0,0,8434.80588222153,Benign
7.579879312195715,49,230.4068364910491,0,0,1489.4610485283538,Benign
1.0834626336027562,651,441.89065585870185,1,0,265510.6028044963,DoS
0.11385940987202685,31,189.28942797883434,0,0,51536.99877716929,Benign
1.076015973789804,42,118.4553602645784,0,0,4623.653600224495,Benign
41.86470395650428,31,297.3971342268907,0,0,220.21680054425087,Benign
3.9349888449114676,15,124.04112039682822,0,0,472.83915642060344,Benign
1.183627151463258,979,447.66460750834034,1,0,370271.7111624739,DoS
2.2055796986232066,45,199.4484190517911,0,0,4069.306070840783,Benign
0.502197786241545,1942,58.24912104654394,1,0,225249.4857035878,DDoS
1.05261676099,26,159.17558458757287,0,0,3931.6922859792953,Benign
0.03596516549306479,99,148.59035812263787,1,0,409019.2621796161,Mirai
1.7064242406979035,33,174.92015549884167,0,0,3382.7256984470396,Benign
2.412498044648018,1456,580.0865603555927,1,0,350096.0482647647,DoS
1.80219873899044,566,561.1873803916135,0,0,176246.9645715018,DoS
0.734808005787674,35,176.18110999301695,0,0,8391.768735760596,Benign
0.0891404767111385,30,155.15141845199642,1,0,52215.814019516976,Mirai
0.7562124139201829,1164,636.8595388452512,1,0,980286.0804320464,DoS
2.166458624595535,4718,62.232420643313375,1,0,135526.50268129088,DDoS
1.4131203803691808,39,199.7360144004171,0,0,5512.413995176539,Benign
3.5860177314047794,14,251.85286681861942,1,1,983.2467097365486,Spoofing
0.014121473099022603,74,141.38162224523796,1,0,740874.5513151697,Mirai
9.973635439163365,33,182.88887547262908,0,0,605.1286842606944,Benign
3.141541842673698,28,224.7360493608927,0,1,2003.0321724919293,Benign
0.14566347185393866,27,89.99804055009977,1,1,16681.924877427595,Mirai
2.597803338665804,368,443.7187059821633,0,0,62856.368444463864,DoS
0.03716905609379783,43,136.31252466271854,1,0,157696.72885169013,Mirai
0.5118995262789854,2707,61.01455046560196,1,0,322653.9186527177,DDoS
1.1899155171320506,1141,477.5959056503457,1,0,457962.7044955748,DoS
7.008847664123116,3,160.36374204416464,1,1,68.64055964507594,Benign
3.7049839448189568,13,282.35103110154245,0,0,990.7096654097412,Benign
1.956517343978609,1250,490.1290007385524,1,0,313138.67613222083,DoS
1.295650573203945,14,259.65756214559497,1,0,2805.6992720259627,Spoofing
0.9164040697475272,13,229.76453810531856,0,0,3259.412625908628,Benign
0.7499928675552993,3742,77.10720969753778,1,0,384717.2302167418,DDoS
0.14012618631391896,1043,534.5756636453369,1,0,3979002.2967798617,DoS
0.19624659313123627,4257,55.449473433805764,1,0,1202815.3184287797,DDoS
0.13304189510623537,66,111.16804069592351,1,1,55148.723490989105,Mirai
0.09387703836687757,77,137.32301434796702,1,1,112635.33968200062,Mirai
6.721649109419228,9,228.26455224432527,0,0,305.63644973970275,Benign
1.070019919745598,26,282.1404055903176,1,0,6855.620544982322,Spoofing
0.044249537994136244,71,148.1368262263055,0,0,237690.94862553032,Mirai
0.05991643326274655,26,149.25521673661046,1,0,64767.46735130984,Mirai
0.4374485778952767,356,523.157115089746,1,0,425750.45932949765,DoS
0.021223636240461707,24,161.7975883337115,1,1,182963.0924698039,Mirai
4.3798106090442035,44,258.702722879621,0,0,2598.9525170786765,Benign
1.2296590547308188,42,201.38674031063576,0,0,6878.527068544437,Benign
0.028501558770362714,53,111.33440489154908,1,0,207031.6050709464,Mirai
2.7081672887367207,24,231.7386859413687,1,0,2053.6871875397437,Benign
2.556623698067031,20,271.8877598604596,0,0,2126.9282614099516,Benign
0.029800251612653574,68,140.89929649861702,1,0,321512.4585672181,Mirai
0.015880029976940248,97,96.6375017417566,1,1,590290.9303422193,Mirai
3.2281016373535065,38,113.94129559925781,0,0,1341.2741354455834,Benign
0.04550355820555101,92,133.3673645000148,1,0,269644.79301982495,Mirai
3.9693653697024254,712,639.3253833492358,1,0,114678.19929581873,DoS
0.023095471100088735,3883,77.31383416721496,1,0,12998635.826490775,DDoS
0.1901339521683124,85,162.69369219535568,1,1,72732.74277896149,Mirai
0.36165240461871834,593,63.023245457014,1,0,103338.96326615209,DDoS
3.5953002334206117,6,245.1482676780285,0,0,409.11454136578436,Benign
2.2644391251235416,45,235.72481199917598,0,0,4684.434402441353,Benign
0.22187154705867637,1578,59.61782469155528,0,0,424015.2854678322,DDoS
0.5289313565510211,1385,57.07234204369815,1,0,149443.198538934,DDoS
0.017951340439477423,69,139.14872566908616,1,1,534849.311311175,Mirai
0.03279636169840482,74,147.7499148492258,1,1,333375.2017796078,Mirai
0.5207136012930824,4486,61.81185890432196,1,0,532515.3757386057,DDoS
0.057374069832553776,97,110.91094511891502,1,1,187512.61167166696,Mirai
3.4615164679416006,15,140.2097306309517,0,0,607.5793597812685,Benign
1.9678478337682934,9,166.6315150490703,0,0,762.0932928385226,Benign
0.057661594514768426,97,132.60819070890025,1,0,223077.32914789277,Mirai
5.949518226124624,39,148.87226641367954,0,0,975.8804275342821,Benign
1.0717114410297632,33,306.83719680625694,0,0,9448.091255680896,Benign
0.9716044745412268,1360,628.3410807844489,1,0,879518.2528058548,DoS
0.3012285630314796,4402,59.815850500013795,1,0,874118.2152555162,DDoS
0.058667191618978536,46,127.41382757497577,1,0,99903.1299557361,Mirai
7.622099668559914,35,158.36739625837183,0,0,727.2089201229585,Benign
2.987240229356867,29,238.82304667270276,0,0,2318.483892070332,Benign
0.6128084707431981,6,169.89528028328905,0,0,1663.4425442315885,Benign
0.3429565180947782,4488,64.95515223102738,0,0,850016.5701247524,DDoS
1.5466736836985682,4,206.4608198182121,0,0,533.9479736268645,Benign
1.4636901229357917,1261,65.95631687230589,1,0,56822.76205373166,DDoS
0.0769688216018101,15,125.08224972938743,1,0,24376.542434900515,Mirai
1.4230958642297562,13,265.6785838818049,0,0,2426.977463203316,Spoofing
6.424903581391542,47,271.02575676894173,0,0,1982.6306195526358,Benign
0.005991441502710346,546,85.98402766491003,1,0,7835723.5205923915,DDoS
0.3832309995274357,2931,79.59664738330967,1,0,608765.401985125,DDoS
2.105559232943348,29,404.30326016996105,0,0,5568.494280039253,Spoofing
1.4892904545703787,24,262.24552004552777,0,0,4226.101404046325,Spoofing
8.199484460311917,9,274.925183516776,0,0,301.7661248859612,Benign
4.638187010671766,1394,487.172954564571,1,0,146419.08510813856,DoS
0.4400881679297799,42,190.09405289917575,0,0,18141.70614793555,Benign
1.656421755855153,25,221.29201205250624,0,0,3339.910431480974,Benign
11.847055872198775,37,112.16407160425578,0,0,350.303965316509,Benign
0.031063459337162806,2108,47.486451231845805,1,0,3222482.0201198417,DDoS
1.135195431797485,2412,65.51781203081943,1,0,139208.5963278685,DDoS
4.006485565873084,25,177.8007881360734,0,0,1109.4560632550756,Benign
4.037186018458677,748,651.6563545394321,1,0,120737.30340064695,DoS
1.1987759849397155,24,251.99134670892258,0,0,5044.972869821275,Benign
0.48784055096874407,3050,74.10683996141826,1,0,463319.1345686373,DDoS
9.871881725638328,10,202.569872849427,0,0,205.19884504220855,Benign
4.5190894901620435,23,184.8756655611254,0,0,940.9285470364547,Benign
0.6827926997498881,1894,62.17814135500287,0,0,172476.06743527538,DDoS
1.4481374225443298,47,198.84878539667233,0,0,6453.733442799354,Benign
0.7472616343403602,2110,63.380761173420794,1,0,178964.6355843895,DDoS
6.923654236955087,19,195.02056959992208,0,0,535.1784903730392,Benign
0.33291876085124744,2103,77.28003679170098,1,0,488166.8938013476,DDoS
1.0455235864859183,17,178.4260444077728,0,0,2901.171044000155,Benign
3.731933806138631,1001,539.6989174418744,1,0,144761.0392956814,DoS
0.09103640181975908,35,119.18844004454124,1,0,45823.37744211585,Mirai
6.574385720396531,31,233.29725310576455,0,0,1100.0594053739965,Benign
0.03757326897528092,1505,72.50894813581066,1,0,2904351.1496481164,DDoS
4.304879226944722,46,242.1832767765683,0,0,2587.8613880716875,Benign
0.196442857309214,3067,62.68219629076166,1,0,978637.241674599,DDoS
0.92922380923928,46,208.77109107065357,0,0,10334.937712274137,Benign
0.8584099683168408,4715,64.74684701319775,1,0,355635.87904951663,DDoS
0.8390424227305124,3509,80.98073366275922,1,0,338673.4528843846,DDoS
1.4500216594035553,20,377.9546166241989,0,1,5213.089255227606,Spoofing
0.3139749562389482,2000,65.85790735603493,1,0,419510.57590666105,DDoS
1.1976332639247413,2337,60.75579185949094,0,0,118555.72974846218,DDoS
0.06876448190077478,2442,50.09207586571397,1,0,1778895.8177651197,DDoS
0.1768394438744579,13,273.63218576399913,0,1,20115.525908673033,Spoofing
0.003751438831361264,54,122.30493241450911,1,1,1760515.5374443266,Mirai
3.7245024843136982,9,246.70340999580603,0,0,596.1415516068282,Benign
0.021398355832053222,82,113.96403967805492,1,0,436718.1911987031,Mirai
0.6851631604278265,3962,62.154311253721225,1,0,359411.2985197246,DDoS
0.24632216170080443,81,131.87115807978714,1,0,43364.20129926082,Mirai
0.010715919511166502,29,128.3317053486791,1,0,347298.1904384022,Mirai
2.7283172081598246,11,240.10742595871596,0,0,968.0625396660824,Benign
4.996798679643281,1039,419.98548449883936,1,0,87328.89723414791,DoS
0.12551682038388579,7,240.57417785872056,0,0,13416.681842804577,Benign
0.20229623213523268,15,264.73486546426443,0,0,19629.74268007811,Benign
2.0238055918584354,21,232.73665175482148,0,0,2414.989713692385,Benign
0.03768529328574199,412,413.8151314146889,1,0,4524094.660750761,DoS
0.32604944366187444,27,215.4563223847435,0,0,17841.836008224735,Benign
3.0076321042347907,17,208.9206862106496,0,0,1180.879689567173,Benign
0.22795928499990428,866,511.00405807267725,1,0,1941265.5829795408,DoS
1.1978275882469485,16,266.93168393410707,0,0,3565.5439771564247,Benign
0.7807307110295967,22,242.23660155952683,0,0,6825.919819756605,Benign
20.33997314739559,48,147.6900109900847,0,0,348.5314595133467,Benign
4.61506503730088,4,192.61233271946924,0,0,166.94224775832717,Benign
0.512439877758222,2551,71.00757453197804,1,0,353486.00000357727,DDoS
3.766170634133044,9,332.8731058166824,1,0,795.4652731871706,Benign
3.269709402108449,13,401.45004195465236,1,1,1596.1206038815383,Spoofing
6.613119708430425,1317,388.35342503435754,1,0,77340.42075757925,DoS
0.20166869424207612,2,136.66723073026532,0,0,1355.3638678913119,Benign
26.03753414098702,27,154.32432059809827,0,0,160.02885041212667,Benign
1.2235744109124072,855,74.03748248146248,1,0,51735.34764791846,DDoS
1.0297287888512516,369,351.90822942747354,1,0,126105.1823204835,DoS
7.561431637693396,32,192.3085443692871,0,1,813.850301725986,Benign
12.057635842273637,44,201.30474007316766,0,0,734.5891581968018,Benign
0.006437164463632361,23,138.66016117208275,1,0,495433.0008151309,Mirai
2.2857941825470993,36,289.30804830784336,0,0,4556.442491019314,Benign
1.1808718106037372,8,157.1205783924058,0,0,1064.4378296206476,Benign
0.019972548648290393,80,80.2268743411419,1,0,321348.5699953837,Mirai
0.5691258967731504,288,626.2554001487365,1,0,316909.76682919596,DoS
18.9030990780482,43,226.22397668542624,0,0,514.6050897426569,Benign
7.349763204651964,500,590.7345007878811,0,0,40187.315178670055,DoS
1.097045450572567,21,140.9269456642475,0,0,2697.669323914156,Benign
4.222628778526719,545,367.91976382104554,1,0,47486.12340780527,DoS
0.015119470099405273,585,76.78144802172156,1,0,2970814.9027308794,DDoS
0.00441749237923933,21,157.501656657422,1,1,748735.8224657316,Mirai
0.13261247341425925,20,389.81970077790425,0,0,58790.804626676785,Spoofing
0.5257352028977468,19,263.95134260153304,0,0,9539.166260480637,Spoofing
0.19283236833227135,10,441.9581519837109,1,0,22919.292845180873,Spoofing
0.16460745498172108,2501,47.197107595063784,1,0,717099.7577744115,DDoS
1.6384475692997504,37,180.95852290195756,0,0,4086.4690899044017,Benign
0.6848689871765473,3317,60.82968764312413,1,0,294614.11991229415,DDoS
3.303612336347409,976,608.2761614995326,1,0,179705.56868665008,DoS
0.02608306584906476,21,148.89616608616714,1,0,119879.2927910975,Mirai
8.750759352052073,46,267.51287361805214,0,0,1406.231355630264,Benign
2.0650016020609376,9,391.7703432217222,0,1,1707.472326160186,Spoofing
0.05749609655502626,87,111.69824693484439,1,1,169015.7778629573,Mirai
1.453530497025103,20,241.72371974882287,1,1,3326.021989129936,Spoofing
0.1954803056360394,34,123.6892474166401,1,0,21513.34068402661,Mirai
9.948972609677991,7,175.82228351908,0,0,123.70684219557769,Benign
1.2036412184725942,47,210.73636438978141,0,0,8228.871672314906,Benign
8.403760881358584,8,80.69444230736968,0,0,76.81745679972208,Benign
5.884392820904213,46,205.6057695220155,1,0,1607.2797459091776,Benign
0.16987818091829213,681,606.8930646502383,1,0,2432885.581848785,DoS
0.007335571272649649,65,110.15193769341352,1,0,976048.8561766358,Mirai
0.07275227727885279,64,115.47560769982408,1,1,101583.6090527018,Mirai
0.25518173858730786,499,567.9609458437235,1,0,1110630.0691616742,DoS
1.795316988142916,47,198.4100694199614,0,0,5194.2210341273985,Benign
3.6388528612626123,25,311.9606386520901,0,0,2143.2622487505973,Benign
0.02289820090739824,48,198.0088557636626,0,0,415073.00573928474,Benign
8.923929297829666,1,235.38835513478818,0,0,26.377209778212332,Benign
0.7992486810416158,1128,70.38554647777495,1,0,99336.9126658542,DDoS
1.6740488160326275,3,170.59939619922187,0,0,305.72476961011785,Benign
5.620346362574368,32,187.68497298523266,0,0,1068.6030269452056,Benign
3.2534649715473596,44,252.44554184593667,0,0,3414.0843495660556,Benign
0.622792215986438,1158,417.3356095893423,1,0,775980.5333131881,DoS
0.18588139136495313,3933,80.52321154644339,0,0,1703762.7526166313,DDoS
0.17587040825774466,2815,42.982236195602866,1,0,687978.131678067,DDoS
1.2978974562807866,765,55.20999524838204,1,0,32541.589599875922,DDoS
0.9872279158641074,24,240.8124159869698,0,1,5854.269202495715,Spoofing
2.5541444929863544,46,273.9528650943237,1,0,4933.875835507094,Benign
0.014034500993345425,717,70.84195874700232,1,0,3619201.312941936,DDoS
1.4778107236476705,360,560.3549266422447,1,0,136504.4727062778,DoS
0.3534820716486231,3146,41.033342762345534,1,0,365197.8606107671,DDoS
0.4371243067962896,15,319.30566428011036,1,1,10957.031877968106,Spoofing
9.933132967929186,15,256.09804806275827,0,0,386.7330411607513,Benign
2.2632556713112626,4501,90.03865663979431,1,0,179062.40053776884,DDoS
5.436956473833979,44,165.45499775029748,0,0,1338.98807835764,Benign
0.005488509595769045,306,599.7998120195892,1,0,33440543.243192967,DoS
3.7802307382334632,15,261.7683944742753,0,0,1038.7000659512735,Benign
2.9075550805460355,46,265.1664691725464,0,0,4195.159590801777,Benign
0.7884481287189982,2593,60.05327572667654,1,0,197499.54155166753,DDoS
0.15097476710853994,4645,49.641561363594896,1,0,1527308.5493029729,DDoS
6.565156794518288,28,170.82609214878485,0,0,728.5630381531403,Benign
3.4066631039567876,955,571.3734606173076,0,0,160174.82158883015,DoS
7.138593008475686,477,422.4776704748148,1,0,28229.911493373944,DoS
1.0082841479712459,30,211.57836788535099,0,0,6295.200662761528,Benign
1.9569879036975961,1033,58.123848536949936,0,0,30680.790323345438,DDoS
2.789776398546755,986,531.1203101607341,1,0,187715.62699120998,DoS
1.1222071300467444,3019,55.06795770498057,1,0,148145.70310599555,DDoS
2.739416005969927,42,239.25370997041264,0,0,3668.174456474883,Benign
1.0701446311835063,9,154.18674732710875,0,0,1296.7225975887945,Benign
0.19603806586778982,212,304.4140372380176,1,0,329200.2275618418,DoS
0.3375071640468923,20,297.2317176192563,0,1,17613.35753915788,Spoofing
3.9060773203875745,1327,488.9773606708826,1,0,166118.82059361736,DoS
8.82155221565992,32,214.69710195757946,1,0,778.8093404295051,Benign
0.022208848704660656,3121,67.13808520990278,1,0,9434886.370140107,DDoS
0.07556141893710823,16,138.71934126603944,1,1,29373.581008371315,Mirai
12.874818648701904,17,220.08337652432945,0,0,290.5996195364528,Benign
1.7688480493786758,22,293.49743829451387,1,0,3650.366488374943,Spoofing
0.7793066482299621,22,240.78089102357052,1,0,6797.2981040903815,Spoofing
14.956027971738637,24,136.91927997683496,0,0,219.71493538615215,Benign
0.41890959755332585,16,347.46637960981013,1,0,13271.269281552472,Spoofing
9.829277670319357,1,197.81453434344436,0,0,20.125032680760285,Benign
0.21608663442932238,16,149.12041027562444,1,1,11041.5277220229,Mirai
0.07441918498157486,2202,40.67373817661175,1,0,1203501.1064293936,DDoS
0.22070186603525346,2066,83.4770964247424,0,0,781432.818451882,DDoS
2.1341407855159447,971,464.92841776151283,1,0,211535.0105814545,DoS
0.1299483438933467,65,129.55597105299648,1,0,64803.73559324699,Mirai
1.051583212211141,17,170.47281328354956,0,0,2755.8806494511277,Benign
0.2275793281801942,2256,38.74203673566947,0,0,384050.85195816465,DDoS
0.8274468494412497,13,120.18815708958499,0,0,1888.2736011620304,Benign
4.2672216706340365,2,118.59092865242104,0,0,55.582267716971195,Benign
3.303214475204898,41,174.00989108874668,0,0,2159.837209539979,Benign
1.4307811654781255,787,69.31972165308353,1,0,38129.25572216781,DDoS
5.054515191895822,6,245.05454196681018,0,0,290.89382383464124,Benign
2.972067932980662,27,209.520381707569,0,0,1903.405451580965,Benign
19.22925966630229,16,220.47311561783792,0,0,183.44803237886404,Benign
5.950015070283715,40,156.14587782297735,0,0,1049.717528298844,Benign
0.43301178230056275,3180,68.36817375724516,1,0,502089.78470043134,DDoS
0.8045775723505777,25,301.6016205809029,1,0,9371.427657987413,Spoofing
0.562983944235356,29,183.03690808805496,0,0,9428.457754266878,Benign
4.078980458504681,9,168.67910278019076,1,0,372.17925912257095,Spoofing
0.8005090623138026,1029,329.95996074135587,0,0,424141.1066871328,DoS
1.1687793664841013,659,605.2695363716798,1,0,341272.8149614907,DoS
0.779269533868488,1142,306.6798375931876,1,0,449431.62706849247,DoS
0.020140116956362072,29,134.70714225879476,1,0,193966.45679711504,Mirai
10.495140201131107,25,265.72650298642066,0,0,632.9751148959929,Benign
0.44008071828001305,4747,58.79817310004506,1,0,634235.7574692005,DDoS
2.621855470043242,650,354.851940352901,1,0,87973.48437577358,DoS
0.8290983026955184,3047,50.82708343670515,1,0,186793.43900251086,DDoS
0.06300968962639368,67,142.78461247341454,1,1,151826.95062366253,Mirai
12.744279307937491,18,300.8311850829362,0,0,424.8934914758392,Benign
1.0648217019148363,589,595.3429929197168,1,0,329310.5523667835,DoS
0.29200297819064674,1485,62.9988986338135,1,0,320384.9667934986,DDoS
0.032927553343263326,49,199.23556847191574,1,0,296485.52242407034,Benign
2.624582376180645,27,183.00968296919675,0,0,1882.6848358857587,Benign
3.4120921151030106,637,669.7079177220553,0,0,125027.08871799322,DoS
0.08045112572531588,27,133.809261937223,1,0,44907.38991820162,Mirai
0.5041512429087841,1523,72.71491362006753,1,0,219665.85424723406,DDoS
0.16098199368928345,40,117.35386760726499,1,0,29159.501610788466,Mirai
0.13586101672208656,3471,54.9022224303053,1,0,1402651.169948222,DDoS
0.972525666331495,48,250.17986512377914,0,0,12347.883394419472,Benign
4.246077969780083,29,146.34309398246654,0,0,999.4987740913615,Benign
8.619341623544946,45,306.2087244379293,0,0,1598.6595266239901,Benign
1.6892991004715465,30,185.22556176943962,1,0,3289.391944583459,Benign
0.46055603302789716,42,126.59655322665654,0,0,11544.860677566037,Benign
0.2747296709998326,993,480.4812563025848,1,0,1736681.3193932644,DoS
1.1817512417325478,900,475.3178380508711,1,0,361993.31901577977,DoS
1.3711794265348376,20,252.10573889548343,1,0,3677.210057513624,Benign
0.3539705105659542,4,216.81644574608293,0,0,2450.1074442548424,Benign
0.17011838569182622,41,202.71357835144389,0,0,48855.72290502011,Benign
0.14463760765082087,3292,69.86406256502778,1,0,1590129.2734273607,DDoS
20.93704887727558,19,239.7220554496364,0,0,217.5435076949475,Benign
5.214829525943808,46,193.5230129423937,0,0,1707.0660797370872,Benign
0.22118363628369445,28,314.9116243654396,0,0,39865.18003946177,Spoofing
0.17059629290839656,60,87.5927827886275,1,0,30807.040866589527,Mirai
6.905558885458238,25,171.6605999878817,1,0,621.4580269142499,Benign
0.09917751822830029,2399,64.58068985060576,1,0,1562139.0585209688,DDoS
4.670430504302793,43,262.12322051148817,0,0,2413.3318056247545,Benign
0.10984426582678258,19,145.3169398182553,1,1,25135.785065929667,Mirai
0.5081844045935386,3068,48.30779452901174,1,0,291642.7821777599,DDoS
5.1864038060923745,4,253.02214782242407,0,0,195.14265165793958,Benign
9.507983593128598,1104,468.1537226675857,1,0,54358.70863287303,DoS
2.5403326228720937,48,246.12966980715305,0,0,4650.660328640827,Benign
0.21962971938009307,19,202.93576929934713,0,0,17555.8190738966,Benign
8.813730446091046,35,174.72408414444064,0,0,693.842747115964,Benign
1.032580869908972,1069,70.21508249543933,0,0,72691.56864608737,DDoS
1.1376711483269788,32,248.54130112324293,0,0,6990.8792603553875,Benign
0.8848077719259917,26,158.23675359787012,0,0,4649.773345219604,Benign
5.923236251503551,15,236.31853720497065,0,0,598.4529246448267,Benign
2.906863045783448,37,223.62037128427414,0,0,2846.3514129156965,Benign
0.05070686201754944,50,151.14353461500843,1,0,149036.56882050625,Mirai
10.453418241275978,17,190.12751736543956,0,0,309.1972138309797,Benign
10.553438596744417,3,253.40524991066744,0,0,72.03488633235786,Benign
7.034136453036215,1135,485.4471222584098,1,0,78329.79747293203,DoS
0.08796506330693889,54,116.1772755839213,1,0,71318.91509747686,Mirai
0.08015072257486278,22,113.54205869711994,0,0,31165.349619942775,Mirai
0.00715444647578659,1792,71.32155537975852,1,0,17864167.08449489,DDoS
2.851235190818742,33,178.02189628571725,0,0,2060.413183853038,Benign
1.942268728837361,529,445.07791772294735,1,0,121222.2670219156,DoS
0.5574130134424067,668,465.72100989772224,1,0,558116.920684024,DoS
0.6662970869189256,15,179.7904693193523,1,0,4047.529387020171,Benign
1.366343985347806,24,265.27638659401197,1,1,4659.61232788363,Spoofing
4.641917133919785,35,208.34604413856687,0,0,1570.9266956888016,Benign
0.565584376434725,6,341.62605008420707,1,1,3624.138830401034,Spoofing
0.03913280271714706,65,129.1623522515821,1,0,214540.03581180004,Mirai
1.3781252782135092,1471,499.6928233136927,1,0,533368.1594225594,DoS
0.004739938872421136,25,220.05255106795877,0,0,1160629.6884349748,Spoofing
0.6910004128329515,1410,702.1813005135027,0,0,1432814.8223022674,DoS
0.9160260033180614,34,289.66008232356535,0,0,10751.269902085583,Benign
1.0262247256067711,2289,56.56701847798997,1,0,126173.05163794495,DDoS
0.1480752801867159,36,232.3443277906981,0,0,56487.45550180979,Benign
5.067192345542383,17,194.13569537814863,0,0,651.3087714800904,Benign
4.702598845633652,685,564.7861569982045,1,0,82269.08784766652,DoS
14.005340528237795,8,211.1598978268878,0,0,120.61678751824351,Benign
1.1446788904969993,34,225.89011859419796,0,0,6709.535832243832,Benign
0.8345382522412876,2651,52.01128949270438,1,0,165219.42292621706,DDoS
0.01862943554417856,58,140.57127147311127,1,0,437647.921543613,Mirai
4.489039860535784,18,164.43577870509347,0,1,659.3490164149298,Benign
4.808950292935811,44,209.7431587151799,0,0,1919.067243640378,Benign
0.20298625849183366,7,133.1547868395844,0,0,4591.855206369004,Benign
4.7877091308559425,764,498.8279666387205,0,0,79600.6098315018,DoS
3.533739811269264,12,246.14793932858132,0,0,835.8779733933003,Benign
1.991598117401805,947,453.1909601397399,1,0,215491.18544670136,DoS
3.738498103536843,20,243.18361584458145,0,0,1300.9695824883001,Benign
0.007181721487269732,35,263.54728125805093,0,0,1284393.283752712,Benign
1.0547065439553442,23,329.70618190263605,1,1,7189.907208996799,Spoofing
2.075764518039815,6,181.4638318353758,0,0,524.5214385109607,Benign
0.018607066144898435,645,58.48767441170871,1,0,2027431.3909447347,DDoS
1.6588379840557697,42,182.69189658632789,0,0,4625.563032904246,Benign
0.24647649015648995,1741,72.89304095301674,1,0,514883.93160186586,DDoS
0.635974961421118,4150,67.63254670475047,1,0,441330.375959349,DDoS
2.7236212958271726,14,218.098532170449,0,0,1121.0734234837757,Benign
4.0099610609731755,25,217.60460698124243,0,0,1356.6503743581993,Benign
2.10063244688886,34,187.36434715593745,0,0,3032.604686620323,Benign
2.1962431796571917,289,363.68434021846247,1,0,47856.61956593591,DoS
0.18462146951283512,29,135.10160270611465,0,0,21221.510633707443,Mirai
0.26566415233999713,4383,70.95573704072113,1,0,1170647.1976372034,DDoS
1.6755687653229678,2982,53.74217578228968,1,0,95644.63810704759,DDoS
11.41620399653257,23,237.23820442712616,0,0,477.95911000549677,Benign
3.2862670521551434,39,244.7141267062408,0,0,2904.161709951267,Benign
2.2886716806565808,45,159.38427436943928,0,0,3133.8231722984224,Benign
9.07108208945909,27,223.51729339652235,0,0,665.2973550662653,Benign
14.542361131566688,27,183.29829488926634,0,0,340.3198364581541,Benign
1.0498357425791096,935,69.89119658211338,1,0,62246.18400182897,DDoS
0.32556776815330957,1581,63.78716834863724,1,0,309758.89822025155,DDoS
1.269253537144023,19,333.7664417032489,0,1,4996.292865672076,Spoofing
2.762247688397877,38,216.0908069188527,0,0,2972.7423421898498,Benign
7.5382867311871875,219,589.5853901520725,0,0,17128.454388596754,DoS
0.061850925227139336,28,123.71714822167219,1,1,56006.925320606686,Mirai
0.19114772712672945,4233,54.956305929219695,1,0,1217017.0500858484,DDoS
17.824312246573868,24,198.7605618390211,0,0,267.62622973312364,Benign
0.5714009934014512,43,152.328200428969,0,0,11463.250316479118,Benign
0.874332849354708,29,228.34315050939682,0,0,7573.7190586625775,Benign
12.188979391731962,20,299.14173174572886,0,0,490.8396710370073,Benign
0.3637528733280617,261,502.45321455962164,0,0,360520.28345570853,DoS
10.474920707263045,5,164.76272495291556,0,0,78.64628743140425,Benign
2.923098297382129,28,173.91020387361885,0,0,1665.8645084985153,Benign
0.002350002174359893,479,673.0362961572018,0,0,137184718.11504284,DoS
0.10493871813413934,86,131.0109406712738,1,0,107366.86227982532,Mirai
2.1603548476159924,2510,64.99305955746817,1,0,75511.93715665098,DDoS
2.964014441667371,1268,604.6164314479543,1,0,258653.81230893536,DoS
3.622116052902769,49,52.734724250011226,0,0,713.3955540104045,Benign
0.7471242685771446,48,114.24154855953932,0,0,7339.601404330071,Benign
0.8900184061236449,44,206.83755581509845,0,0,10225.465443464103,Benign
0.6524985966679294,1388,79.30444334920954,1,0,168697.01778795113,DDoS
0.7076928196022002,9,320.8135243119556,1,1,4079.9081731966517,Spoofing
13.67829369985402,35,261.50722270762594,0,0,669.1443388779252,Benign
0.06018838200362793,716,75.0499763035342,1,0,892793.2807712208,DDoS
16.75115187715919,16,247.01150751209207,0,1,235.93506578985895,Benign
0.2226698819402469,4827,54.921058020125486,1,0,1190569.3969617584,DDoS
3.3841211104899775,5,214.35878917638124,0,0,316.7126444025888,Benign
8.700275813958045,23,186.41237883060862,0,0,492.7987117633088,Benign
0.01653412930776336,44,145.6906070097531,1,0,387706.3369414459,Mirai
0.07565805409515353,2031,58.77800568375003,1,0,1577864.1279031176,DDoS
2.6573872461924197,2870,45.50607556019463,1,0,49146.93447290736,DDoS
0.9892509519413824,46,153.7907505641845,0,0,7151.243586947467,Benign
2.311956927377672,5,149.78197311676428,1,0,323.9289870478986,Benign
4.67011992147677,44,161.69607688998377,0,0,1523.4356938974538,Benign
0.07653529286011067,76,155.32462290734392,1,0,154238.2723031377,Mirai
1.7438022942281253,5,247.95929631608914,1,1,710.9730762966038,Spoofing
0.3132728504899872,3366,86.15867404355218,1,0,925742.8352855808,DDoS
12.541886368751491,20,227.40700009276952,0,0,362.6360395982558,Benign
0.0020316329592957624,44,89.35728578560602,1,0,1935251.4225451145,Mirai
0.36902020460022517,4167,68.46743529111285,1,0,773138.7043350341,DDoS
0.19495568533145205,2594,52.20117849006222,1,0,694567.3667993094,DDoS
6.8768093043973435,7,214.78304478796483,0,0,218.63065368911126,Benign
2.4901616385265863,1082,316.4031934431268,1,0,137480.3346131493,DoS
0.062230083307583256,4638,77.28984422489022,1,0,5760402.018799134,DDoS
0.08457925483156711,21,115.93568428443076,1,0,28785.419956955844,Mirai
0.42953478705208187,43,81.47725232782084,1,0,8156.549727068992,Mirai
9.187384284796918,13,140.99587517202738,1,0,199.50688034998987,Benign
7.960367971033209,1285,444.316681729541,1,0,71723.68640495832,DoS
0.011975169070824515,39,111.09476512442271,1,0,361806.6529355623,Mirai
3.2013918514534594,2,149.38379208605522,0,1,93.32427832490028,Benign
10.730664789732122,42,201.3811785075988,0,0,788.2092734284632,Benign
0.3029365908662346,5,297.64032236848914,0,0,4912.584536542763,Benign
0.06830386133451649,1461,66.0785869178528,1,0,1413402.018579545,DDoS
3.9172828279270484,19,168.63401029674114,0,0,817.925673580634,Benign
1.180295587017935,2932,69.98333590949915,1,0,173847.24906502047,DDoS
0.6107545227939758,2,209.46635624357643,0,0,685.9265005041483,Benign
0.08561363496973552,19,120.5959669946549,0,0,26763.53332863892,Mirai
1.7680196950606133,33,215.6222705639332,0,0,4024.578995634917,Benign
2.828395689957501,44,255.34262567340758,0,0,3972.2431940909764,Benign
0.0121541856557523,1985,66.84096211009529,1,0,10916347.137230461,DDoS
0.1618192210100727,4533,60.48406823649315,1,0,1694324.5654294493,DDoS
2.0602687660124133,31,263.59087513549235,1,0,3966.141342333503,Benign
3.0206674067399546,29,118.1201769101827,0,0,1134.0159869147071,Benign
0.596312505401617,18,149.72741201177723,1,0,4519.599021987377,Benign
2.413027401375037,225,534.787742501366,1,0,49865.675787287044,DoS
0.03253213014169076,29,130.34491727693813,1,0,116192.90174260785,Mirai
0.28012329324417007,774,70.39447526224046,0,0,194504.7954490592,DDoS
2.6718248358056873,1097,467.8575217668531,1,0,192093.31932999668,DoS
0.19550680895626046,1263,675.4719239605698,1,0,4363638.507102139,DoS
3.406953620801793,8,148.4293509373774,0,0,348.53271856972566,Benign
0.08327371538154757,24,229.17019408555848,1,1,66048.26784601656,Spoofing
0.011769714221632638,48,117.16568342611684,0,1,477832.5708297003,Mirai
1.3962666622588784,3,206.22842250157439,0,0,443.0996486758589,Benign
2.960611498428877,26,307.3888040115705,0,0,2699.4791138729443,Benign
1.225953448394927,21,184.67712600214344,0,0,3163.431410158804,Benign
6.0483882991781215,41,166.13964964489725,0,0,1126.205081172846,Benign
1.7409741481649477,783,476.01541227831643,1,0,214087.0777471238,DoS
0.08687179441556397,1650,52.19564820344723,1,0,991378.3882914492,DDoS
0.3263167621337879,23,122.91482148431497,1,0,8663.48659398678,Mirai
3.9362151276660686,739,482.6796139161749,1,0,90620.10665447403,DoS
2.094745921905339,1205,549.259451782146,1,0,315960.82010532025,DoS
0.49879813944158075,890,572.0078386932685,1,0,1020627.2561620756,DoS
0.5488510220007577,31,190.751493395909,0,1,10773.955150374148,Benign
11.14410110821066,44,78.48555119639713,0,0,309.88271006417307,Benign
0.20968632643936802,360,566.4701277733153,1,0,972544.3211356025,DoS
5.473849525758416,12,227.13394124897164,0,0,497.93244811749184,Benign
7.942200063105559,3,182.26106474841632,1,0,68.84530607397541,Benign
0.08911229691415709,65,121.44924665314964,1,0,88587.11205771413,Mirai
0.7574596197450816,1004,480.77930741243557,1,0,637264.8944699335,DoS
4.758704730064672,45,221.84979583775396,0,0,2097.890367020787,Benign
0.6026632923039607,1041,601.8783078004767,1,0,1039644.0706136212,DoS
0.12765098666277505,99,154.6633891338678,1,0,119949.52741495751,Mirai
3.2160171492501166,37,200.3485635135454,0,1,2304.992948103419,Benign
0.18256344286530457,17,290.8427828953931,0,0,27082.789586026873,Benign
0.25074852862533786,13,428.74941127339014,0,1,22228.414966622662,Spoofing
1.1471895324786554,3,157.24103970973965,0,0,411.1989394725373,Benign
11.18103470604047,13,140.96186364276824,0,0,163.89397542662044,Benign
0.5747784762276101,786,57.817576627922094,1,0,79064.57376032791,DDoS
0.1320875753760676,99,136.01869217869418,1,0,101946.38282481901,Mirai
10.798650728329825,33,244.79140873224483,0,0,748.067206856822,Benign
14.99739357378484,38,156.12293573119877,0,0,395.5801738880648,Benign
2.8499268583420885,35,178.44104199040427,0,0,2191.4374579063265,Benign
0.6398151009929958,28,303.3528267733766,1,1,13275.521531880084,Spoofing
11.548017519845835,44,189.89775715305535,0,0,723.5442187695937,Benign
0.24902566716149407,1080,58.596800449914085,1,0,254128.6013094664,DDoS
2.234169788473806,21,225.0058653582093,0,0,2114.9346826277674,Spoofing
0.3230840841048171,16,163.3393709600099,1,0,8089.008601588346,Benign
0.5855772266906764,15,246.56224655280587,0,1,6315.876932566809,Spoofing
0.9243024055879843,17,346.7193429554401,1,1,6376.948490675988,Spoofing
0.09282369280288605,32,135.46800152180035,1,0,46701.1806770397,Mirai
0.22780369634234765,10,230.02527769721527,0,0,10097.521743085723,Benign
0.3978086848870427,905,447.5551053730161,1,0,1018171.2610864429,DoS
0.03326964978035499,43,131.99536270339988,1,1,170599.95021641714,Mirai
2.1428535579780004,12,136.35072693794416,0,1,763.5653482542497,Spoofing
1.164239225718646,23,200.87112843992765,0,0,3968.287489426017,Benign
0.09452172672253324,56,133.47498428509826,1,1,79078.10594602284,Mirai
0.3221190782691561,45,144.7643483102563,0,0,20223.56362425152,Benign
1.3757983623616337,23,206.64163119234718,0,0,3454.545118999571,Benign
0.06407192120395969,3415,57.99610617587896,1,0,3091162.226276221,DDoS
0.06823576178614395,46,125.74973800222504,1,1,84772.08719719984,Mirai
0.25001423166727466,1956,63.15069082811443,1,0,494062.87968510156,DDoS
0.6853464024687602,3158,53.117641316195524,1,0,244760.18356890947,DDoS
0.4048634597022764,25,517.8498390679122,1,0,31976.820003015484,Spoofing
2.403998884271183,18,268.5734016557009,0,0,2010.9498641752614,Benign
2.5744231996920535,908,475.59297237891406,0,0,167741.8145438207,DoS
3.029215893492549,48,176.43093747622518,0,0,2795.669010271433,Benign
1.4734798349465037,24,260.07135740391976,0,0,4236.035288477963,Benign
0.06560558965890614,472,375.1930127885057,1,0,2699329.4772122223,DoS
2.1386997801258225,29,272.3443029240321,0,1,3692.89082001602,Spoofing
0.26034351596474337,1883,61.75322020128934,1,0,446645.7065701419,DDoS
0.10131443155361726,96,113.43441732026257,1,0,107484.233941363,Mirai
1.9654210804850942,9,145.0347748563487,0,0,664.13909297491,Benign
19.47794579812,2,203.98001428149206,0,0,20.944715258544367,Benign
0.8946289063032892,1600,79.45552822962064,1,0,142102.3222832182,DDoS
3.6307434082975827,12,199.4874694854932,0,1,659.3276815858407,Benign
5.088192747435616,49,138.76394412619265,0,0,1336.315976946877,Benign
0.14479659083872154,1225,53.15247327126368,1,0,449677.574452159,DDoS
2.004202516133823,8,218.1224304418929,0,0,870.6602399149112,Benign
7.968163239470474,27,211.47959130753205,0,0,716.5953801020297,Benign
0.42238318575486233,3114,62.304240256212005,1,0,459335.05570566084,DDoS
0.06295435906285739,2362,46.40154238744604,1,0,1740950.8213675232,DDoS
3.2378899691767726,6,224.61734123124774,1,0,416.22910605888734,Spoofing
4.59705518657663,504,514.6911651329341,1,0,56428.37353453091,DoS
1.1394507504842406,507,71.9618296439676,1,0,32019.50379512799,DDoS
0.6251280730091784,29,198.81109092651138,1,1,9222.94468254376,Spoofing
0.019188612954634338,55,147.2328636643505,1,1,422011.0917179939,Mirai
7.663966544761166,47,279.0916608984621,0,1,1711.5560181032206,Benign
2.469924750505628,47,211.16436452119677,0,0,4018.2297579974934,Benign
3.2632460395829215,1266,498.38907080342693,1,0,193353.65951069447,DoS
0.10738955481484011,2979,66.77061493026967,1,0,1852225.4070261414,DDoS
0.00207422589531922,90,169.3778195103788,1,0,7349249.563576615,Mirai
1.8901602341804753,963,527.5306615155599,1,0,268766.6462625298,DoS
3.2311249765379224,1225,584.7176745537676,1,0,221681.04190629054,DoS
0.09441132457222484,20,327.9072761579689,1,0,69463.54743855314,Spoofing
0.2992537729592269,3291,58.80809691453128,1,0,646733.5232966028,DDoS
0.7513336759739129,36,200.064480722342,0,0,9586.04883065881,Benign
0.07855834250673191,78,142.21381687043018,1,0,141203.05192211748,Mirai
2.379166213939719,46,203.3295656579433,0,0,3931.27641333527,Benign
0.09858656826793309,61,105.38574349968302,1,0,65206.95939034577,Mirai
1.8419346934930019,8,367.72529952843695,1,1,1597.1263295164556,Spoofing
1.4023978869003402,753,461.0933071101646,1,0,247578.28252391508,DoS
0.2859313280311345,1351,55.83849194928454,1,0,263831.88978602976,DDoS
0.058443757759138626,3794,54.585791177235244,1,0,3543551.9492079085,DDoS
13.697111797171186,5,259.5878931723736,0,0,94.76008410254246,Benign
12.444517855864692,25,364.7384394101286,0,0,732.7291495633142,Benign
0.3010887230665748,1341,245.06510575483094,1,0,1091479.9580340416,DoS
0.03364982684722757,81,112.26270570976914,1,0,270232.5692127745,Mirai
1.21204943026806,1029,516.3944953326692,0,0,438406.1593756926,DoS
4.1098793096446276,26,274.0012142899843,0,0,1733.3919161133692,Benign
0.18187245079127062,2957,76.83177225778444,1,0,1249180.6734765414,DDoS
0.10813201004903364,99,109.17875966964002,1,1,99958.34908084146,Mirai
0.1197711417634852,4073,52.518476698486474,1,0,1785970.747572432,DDoS
0.7628157192382462,2525,58.087052162909615,1,0,192274.23217997188,DDoS
0.10884371064311296,72,146.97564603594708,1,0,97224.23511714205,Mirai
2.6509333044307395,304,575.9888877544163,1,0,66052.44333559104,DoS
0.1223031866972236,4801,76.47795133324335,1,0,3002134.729815969,DDoS
0.1012844035661992,69,92.93034385002156,1,0,63308.79681253685,Mirai
7.856225777186738,12,190.30426341518,0,0,290.6804394055895,Benign
0.34201668594898216,15,255.00227468476388,1,0,11183.764644868905,Spoofing
0.5978077164189555,24,278.74413830058893,1,0,11190.654010437276,Benign
1.28974003459994,19,139.3840032986501,0,0,2053.356483964474,Benign
0.06696736713156236,21,140.4456286967124,1,1,44041.72254281294,Mirai
1.941599490525763,12,239.36192127983537,0,0,1479.3694937467392,Benign
1.889833188772171,310,475.19451131153767,1,0,77948.83663900755,DoS
0.2606625424094965,49,111.61593942751611,1,0,20981.844884165588,Mirai
0.09931203948589004,71,143.13083324618106,1,1,102326.85999689577,Mirai
1.766025353540635,23,171.74768306932256,1,1,2236.7723672113907,Spoofing
0.7124836474095064,30,178.16185593276367,0,1,7501.724000847006,Benign
0.319074722744752,988,418.9879392841852,1,0,1297376.615896734,DoS
5.318398641622522,6,80.96542061171368,0,0,91.34187871296497,Benign
0.1767117322487001,3807,56.53840987338798,1,0,1218038.6873524713,DDoS
0.004108273797788628,58,133.7607264524321,1,1,1888414.092171035,Mirai
12.249184125245838,43,241.3001435471431,0,0,847.0691652958487,Benign
0.0855971769544858,715,80.63167735010985,1,0,673522.7884441024,DDoS
0.2677809343546455,798,60.84070988286101,1,0,181308.22720269897,DDoS
0.6535578174386386,969,595.6312195239077,1,0,883114.9078449447,DoS
3.1372377043293755,6,287.90198967492086,1,0,550.61557358746,Spoofing
1.8575957827337874,36,187.608073226303,0,0,3635.823626928857,Benign
0.01318714309714424,1143,82.6905045855502,1,0,7167226.9000972435,DDoS
0.004268894129612722,59,120.77062790026038,1,1,1669159.9345804793,Mirai
1.2602697980833601,1041,54.9720560146869,0,0,45407.666198395935,DDoS
1.5837898475618315,31,100.12125625705785,0,0,1959.7037755652252,Benign
0.5518381897257499,2463,55.82478199089145,1,0,249160.78771550406,DDoS
8.213897220403576,41,241.83074483047542,1,0,1207.1079381685195,Benign
0.4541956083472554,21,146.68821401914943,0,0,6782.215498761442,Benign
0.34453966986770856,21,122.81555261122047,1,1,7485.71740904589,Mirai
0.36799337430138085,2421,65.729771389138,1,0,432431.09155214473,DDoS
4.957237458944275,25,204.99163444098878,0,1,1033.7997530818561,Spoofing
0.06999462010492316,74,142.01535000899236,1,0,150142.05213075026,Mirai
3.983795318504012,310,411.7758717357497,1,0,32042.439440894148,DoS
2.237425751017726,32,221.42001935441465,0,0,3166.7824579735675,Benign
0.18269456204842424,4145,79.88933689506138,1,0,1812540.5470046694,DDoS
0.26277882667508057,31,234.61056129402107,1,0,27676.991682086493,Benign
1.8347479257156216,15,385.8439777470335,1,0,3154.471295531289,Spoofing
0.0625884866653924,16,217.0844773067744,0,0,55495.057029856915,Benign
7.040589927154116,33,159.18544207322864,0,0,746.1192375593894,Benign
0.10049146312762783,4672,66.85747262816106,1,0,3108304.948471715,DDoS
0.5801254343431451,13,172.7336177136886,0,0,3870.7784512507915,Benign
9.88421437565964,21,237.15318696344008,0,1,503.85561633469507,Benign
0.5214748746318058,2243,78.37701307356862,1,0,337120.05865697766,DDoS
2.8905642717277544,26,204.11073923567173,0,0,1835.9319223701002,Benign
13.351714554637015,19,271.62061529412495,0,0,386.52651458879825,Benign
2.683044019888099,12,186.95744038037748,0,0,836.1731182696357,Benign
0.32936055233807826,516,330.47709933804913,0,0,517749.26307323406,DoS
0.39441365191982664,913,52.630163399618525,1,0,121829.8072340032,DDoS
0.1638309875414903,2025,69.90376529912758,1,0,864031.4439591866,DDoS
0.37904540972149436,2914,70.30056509635298,1,0,540451.9918636966,DDoS
7.067218077591093,25,217.0985577563223,0,0,767.9774253914128,Benign
0.579238969499569,7,298.35750273526355,0,1,3605.5973943728227,Spoofing
5.616764237909093,27,206.8020001477086,0,0,994.1051052672835,Benign
6.901976516940597,934,385.30534027858874,1,0,52140.88847403409,DoS
0.14980910645970766,81,131.25014026914002,1,0,70965.3879729915,Mirai
0.023197544317853442,82,129.7806970846721,1,0,458756.19484225905,Mirai
10.359259581306883,44,170.03102092428279,1,0,722.1910853714337,Benign
2.310903399396353,27,217.76513709313167,0,0,2544.311762685719,Benign
1.7217684763186103,1294,594.4689959597997,1,0,446774.86627977603,DoS
3.8769880696634544,14,293.37682038754895,0,0,1059.3985360863444,Benign
0.25222973665729886,88,117.80709134149885,1,0,41101.513942971105,Mirai
0.7134203661378191,1392,629.9624199424745,1,0,1229159.8756945534,DoS
2.7596819992178867,551,453.8535559241486,0,0,90616.71213751382,DoS
3.6567641819497156,48,60.329309759294745,0,0,791.9041875164506,Benign
0.6868414751344253,1039,351.9595184904548,1,0,532416.7991457013,DoS
3.7227541337670402,1315,286.2813340652006,1,0,101124.04439527153,DoS
0.001,79,88.04942281390086,1,0,6955904.402298167,Mirai
0.8812635576914194,33,207.35206157347912,0,0,7764.553489366914,Benign
1.3653687014212648,21,212.32170894070998,0,0,3265.6057540454967,Benign
0.3894754046108303,18,240.51878733155752,0,0,11115.819178091555,Benign
9.221882717901327,14,139.38720985056148,0,0,211.6076508021299,Benign
0.8383830628357349,2696,81.7609351630098,1,0,262919.76898233563,DDoS
0.1769050016966757,26,210.00451555724192,0,0,30864.686425600896,Spoofing
0.2876131256523142,2,221.27779943459356,0,0,1538.7183664356737,Benign
0.44425932241630356,60,128.1165793158123,1,1,17302.945309373743,Mirai
5.425304069849233,32,113.76683958326703,1,0,671.0294611681948,Benign
0.4758414259080158,30,102.78816050295936,0,0,6480.404284272794,Benign
0.06269998102765435,30,218.2858696152728,0,0,104443.03141925798,Benign
3.8245041182464097,46,214.6460090715782,1,0,2581.6984665242926,Benign
1.1537528132279773,22,197.5642222684225,0,0,3767.195919327704,Spoofing
0.49038054374805007,26,212.5935412107294,0,0,11271.719773447769,Benign
1.9861532504584583,229,435.66159241136336,1,0,50231.02051121855,DoS
0.01796023680150072,3111,50.213851230073544,0,0,8697841.398377651,DDoS
1.402868297554044,22,234.92702706617456,0,0,3684.1623725243053,Spoofing
3.3393137309340206,34,163.16321754340026,0,0,1661.284276791787,Benign
8.544352300314195,22,132.82535070729907,0,1,341.99873938404033,Benign
2.093036085336192,36,172.0895787144088,0,0,2959.922610566752,Benign
0.8580517692046502,2808,55.63341054842134,1,0,182061.9948896208,DDoS
11.7107837443569,9,215.5481246508984,0,0,165.65356889908287,Benign
0.02918337967684455,14,125.01446736600991,1,0,59972.57899888924,Mirai
0.8725827501130552,1249,641.2431835489775,1,0,917864.5075769646,DoS
0.48661317306455615,651,577.8411598842583,1,0,773046.4687497214,DoS
0.9095287508861807,2427,65.21871100856005,1,0,174030.57513415898,DDoS
1.8878035248432266,19,198.12608191827312,0,0,1994.0610910554399,Benign
1.1105544198902264,2993,82.02259855936786,1,0,221055.02719304294,DDoS
0.6714499904800918,18,229.09652224707912,0,0,6141.540634320243,Spoofing
0.05123573293711497,78,107.6049155359038,1,1,163815.03553588295,Mirai
0.06380269770720302,36,111.57982060515843,1,0,62957.73824830321,Mirai
0.12181906265405198,67,135.95464250860869,1,0,74774.51270450895,Mirai
1.540212925247699,1,281.4685331170184,0,0,182.746507643904,Benign
1.4283340510240572,41,155.91169403559394,0,0,4475.409271995075,Benign
10.087316791174594,48,169.50863539108127,0,0,806.5984906799457,Benign
14.316254418423016,15,194.7884688769429,0,0,204.0915834377853,Benign
0.4031472000214961,22,204.54115759977856,0,0,11161.941511574903,Benign
0.731768263800079,711,56.47918199036454,1,0,54876.250285322705,DDoS
3.336989043922606,1348,422.5794061166081,0,0,170703.89861861325,DoS
0.2560358404454412,57,113.58182665836448,1,0,25286.16348501552,Mirai
2.9719180089091446,1364,692.1780970548016,1,0,317684.0416029165,DoS
0.33382882231417327,15,384.9096128121393,0,0,17295.2237981069,Spoofing
13.993242858455762,10,112.54108329947714,0,0,80.42530558345267,Benign
10.796887043932674,5,172.81641736808413,0,0,80.03066840696391,Benign
0.6239776913904523,247,496.57247147009053,1,0,196566.96408455784,DoS
0.5390294560836434,25,233.83697351177426,0,1,10845.278067488804,Benign
7.929680735548422,25,129.84593107730421,0,0,409.36683142617085,Benign
6.901383097874031,33,207.71793029929182,0,0,993.2344868651352,Benign
4.462557573952513,37,202.63456125443224,0,1,1680.0856105870769,Benign
0.7032912992957905,747,65.4335572603763,1,0,69500.17343090093,DDoS
0.06643691538240552,3646,61.798158247924825,1,0,3391429.0522826463,DDoS
0.37371750872169995,3260,77.17170386033055,1,0,673181.6110120334,DDoS
2.162478963294414,258,525.1637953704799,1,0,62655.98949419097,DoS
4.97143550067096,5,202.76134415568953,0,0,203.9263550018141,Benign
1.648799275090971,45,246.45518044759748,0,0,6726.399803596457,Benign
0.9775053817004327,45,196.54689892948178,0,0,9048.145020379243,Benign
12.107626479824027,18,228.7172935070546,0,0,340.0262875624173,Benign
4.636598445410676,1466,366.19893983880763,1,0,115784.80477106357,DoS
0.14714227458658746,18,132.0288369694893,1,0,16151.164389213782,Mirai
0.35386869542147126,701,552.2246564408296,1,0,1093935.375391031,DoS
1.605996961668377,4,273.90660978745944,0,0,682.2095342021414,Benign
1.8132232998620725,2687,58.94883830159314,1,0,87355.77605275068,DDoS
0.01862730504984976,1418,48.3506802249194,1,0,3680686.1956388424,DDoS
1.8229154487444452,1809,49.479192616534036,1,0,49101.48712874186,DDoS
1.017070293551127,3461,51.94799496766744,1,0,176774.41935242113,DDoS
0.6184770718162981,3323,38.439230498022035,1,0,206529.1807339093,DDoS
0.5237266307258056,1263,65.0936762664531,1,0,156977.53045438055,DDoS
2.096527948191592,941,396.1114818605201,1,0,177789.6186655969,DoS
0.20827601789815414,9,85.30607132518166,1,0,3686.2364168209842,Benign
0.08702878448246053,215,366.88265773489184,0,0,906364.1630993811,DoS
15.696133855497077,31,191.8363392525617,1,0,378.8784277439561,Benign
1.350452314974474,34,123.3232190611401,0,0,3104.877826180792,Benign
2.9193499947295733,27,436.5479664992566,1,0,4037.4724225458167,Spoofing
1.009694065838269,21,386.03307857235535,0,1,8028.862329986179,Spoofing
5.757018211904546,28,222.59462856928877,0,0,1082.6176625691428,Benign
0.18644655209383643,4349,72.34037879884778,1,0,1687391.3937429653,DDoS
0.2503127681302124,5,202.08295466250877,0,0,4036.6090026495463,Benign
0.9650101094080843,503,59.62076366328623,1,0,31076.611353872457,DDoS
0.008016082036104604,23,127.85197429636241,1,1,366836.9903865543,Mirai
1.035439391955275,20,352.19788510562694,1,0,6802.8681899102385,Spoofing
0.060717174374697036,774,412.51247744636896,1,0,5258555.933007097,DoS
1.512864812606759,18,178.8815686775056,0,0,2128.3251546098627,Benign
0.24731227673807785,1196,449.2904380725282,1,0,2172764.6157406047,DoS
14.694968718846766,12,226.00265556694012,0,0,184.55513030966947,Benign
0.40796001658954584,10,367.1778644713391,1,0,9000.339482796957,Spoofing
0.015492866747751206,45,143.24379248014574,1,0,416060.55009426794,Mirai
0.5497477698384989,3999,49.64942862181636,1,0,361162.1109749508,DDoS
14.663149347161967,27,169.43789677075455,0,0,311.9945861900277,Benign
9.400480430923164,36,177.15489391582096,0,0,678.4308767869273,Benign
0.038153196102028365,18,218.115040538668,0,0,102902.80057264454,Benign
0.016737420477094037,52,135.24605302237984,1,0,420183.90867269353,Mirai
0.5354166595286126,4054,75.87073409656941,1,0,574468.4080213147,DDoS
1.9053533454942824,40,191.21671167939675,0,0,4014.304478097563,Benign
0.14609009047703098,2908,94.18972859411242,1,0,1874896.030643115,DDoS
0.2290750126940313,55,125.70830740722846,1,0,30182.064931858513,Mirai
1.8025596887681745,32,168.34965108193632,0,0,2988.6327028113205,Benign
0.003430684605501766,68,107.92868068513722,1,0,2139266.977448053,Mirai
0.2639429815903752,67,147.31816008772185,1,1,37395.64002196333,Mirai
0.23851756084434517,29,223.33847502371572,1,1,27154.460882293184,Spoofing
5.350667487906079,10,273.6358015027548,0,0,511.40498287595705,Benign
0.0930777762065586,29,133.85080973662636,0,0,41703.547727095865,Benign
